사고번호,사고일시,요일,시군구,사고내용,사망자수,중상자수,경상자수,부상신고자수,사고유형,법규위반,노면상태,기상상태,도로형태,가해운전자 차종,가해운전자 성별,가해운전자 연령,가해운전자 상해정도,피해운전자 차종,피해운전자 성별,피해운전자 연령,피해운전자 상해정도
2018020300100050,2018년 2월 3일 01시,토요일,제주특별자치도 제주시 연동,경상사고,0,0,1,0,차대차 - 측면충돌,직진우회전진행방해,건조,맑음,교차로 - 교차로안,승용,남,60세,상해없음,승용,남,35세,경상
2018020300100137,2018년 2월 3일 07시,토요일,제주특별자치도 제주시 화북일동,경상사고,0,0,1,0,차대사람 - 기타,안전운전불이행,젖음/습기,눈,단일로 - 기타,승용,여,60세,상해없음,보행자,여,55세,경상
2018020300100178,2018년 2월 3일 09시,토요일,제주특별자치도 서귀포시 안덕면,부상신고사고,0,0,0,1,차대차 - 기타,안전운전불이행,서리/결빙,눈,단일로 - 기타,승용,여,36세,상해없음,승용,남,60세,상해없음
2018020300100307,2018년 2월 3일 12시,토요일,제주특별자치도 제주시 삼도이동,경상사고,0,0,2,0,차대차 - 기타,중앙선침범,건조,맑음,단일로 - 기타,승용,여,34세,상해없음,승용,남,67세,경상
2018020300100355,2018년 2월 3일 13시,토요일,제주특별자치도 제주시 외도일동,중상사고,0,1,0,0,차대차 - 측면충돌,신호위반,건조,맑음,교차로 - 교차로횡단보도내,승합,남,43세,상해없음,이륜,남,48세,중상
2018020300100469,2018년 2월 3일 16시,토요일,제주특별자치도 서귀포시 서귀동,경상사고,0,0,1,0,차대사람 - 길가장자리구역통행중,안전운전불이행,적설,눈,단일로 - 기타,화물,남,72세,상해없음,보행자,남,44세,경상
2018020300100498,2018년 2월 3일 17시,토요일,제주특별자치도 제주시 화북이동,경상사고,0,0,2,0,차대차 - 추돌,안전거리미확보,건조,맑음,단일로 - 기타,승용,남,45세,상해없음,승용,여,44세,경상
2018020300100593,2018년 2월 3일 19시,토요일,제주특별자치도 서귀포시 상예동,경상사고,0,0,1,0,차대차 - 기타,안전운전불이행,서리/결빙,눈,단일로 - 기타,승용,남,33세,상해없음,화물,남,42세,경상
2018020300100672,2018년 2월 3일 21시,토요일,제주특별자치도 서귀포시 색달동,경상사고,0,0,1,0,차대차 - 추돌,안전운전불이행,해빙,눈,교차로 - 교차로안,승용,남,55세,상해없음,승용,남,44세,경상
2018020300100713,2018년 2월 3일 22시,토요일,제주특별자치도 제주시 한경면,경상사고,0,0,4,0,차대차 - 추돌,안전운전불이행,건조,맑음,교차로 - 교차로부근,화물,남,75세,상해없음,승용,남,48세,경상
2018020400100159,2018년 2월 4일 09시,일요일,제주특별자치도 제주시 조천읍,경상사고,0,0,2,0,차대차 - 기타,안전운전불이행,서리/결빙,눈,교차로 - 교차로안,승합,남,60세,상해없음,승용,남,28세,경상
2018020400100244,2018년 2월 4일 13시,일요일,제주특별자치도 제주시 외도일동,경상사고,0,0,5,0,차대차 - 기타,안전운전불이행,서리/결빙,맑음,교차로 - 교차로부근,승용,남,56세,상해없음,승용,남,46세,경상
2018020400100298,2018년 2월 4일 15시,일요일,제주특별자치도 제주시 애월읍,중상사고,0,2,1,0,차대차 - 측면충돌,교차로운행방법위반,적설,눈,교차로 - 교차로안,승합,남,48세,상해없음,승용,여,32세,경상
2018020400100334,2018년 2월 4일 16시,일요일,제주특별자치도 제주시 조천읍,경상사고,0,0,1,0,차대차 - 기타,안전운전불이행,적설,눈,단일로 - 기타,화물,남,33세,상해없음,승용,남,39세,경상
2018020400100364,2018년 2월 4일 17시,일요일,제주특별자치도 서귀포시 색달동,부상신고사고,0,0,0,1,차대차 - 추돌,안전운전불이행,서리/결빙,눈,단일로 - 기타,승용,여,22세,상해없음,승용,여,36세,부상신고
2018020400100425,2018년 2월 4일 19시,일요일,제주특별자치도 제주시 연동,경상사고,0,0,1,0,차대차 - 추돌,안전운전불이행,서리/결빙,눈,단일로 - 기타,승합,남,39세,기타불명,승용,남,46세,상해없음
2018020400100481,2018년 2월 4일 21시,일요일,제주특별자치도 제주시 구좌읍,경상사고,0,0,1,0,차대차 - 측면충돌,신호위반,건조,맑음,교차로 - 교차로안,승용,여,31세,상해없음,승용,남,41세,경상
2018020400100482,2018년 2월 4일 21시,일요일,제주특별자치도 서귀포시 대정읍,경상사고,0,0,2,0,차대차 - 정면충돌,중앙선침범,젖음/습기,눈,교차로 - 교차로부근,승용,남,42세,경상,승용,남,45세,상해없음
2018020400100483,2018년 2월 4일 21시,일요일,제주특별자치도 서귀포시 하원동,경상사고,0,0,1,0,차대차 - 측면충돌,안전운전불이행,적설,눈,단일로 - 기타,승용,남,64세,상해없음,승용,남,48세,경상
2018020400100484,2018년 2월 4일 21시,일요일,제주특별자치도 제주시 노형동,중상사고,0,1,0,0,차대차 - 추돌,안전거리미확보,적설,눈,단일로 - 기타,승용,남,21세,상해없음,승용,남,56세,중상
2018020400100505,2018년 2월 4일 22시,일요일,제주특별자치도 제주시 구좌읍,중상사고,0,2,2,0,차량단독 - 기타,안전운전불이행,서리/결빙,눈,단일로 - 기타,승합,남,58세,상해없음,,,,
2018020500100140,2018년 2월 5일 08시,월요일,제주특별자치도 서귀포시 색달동,경상사고,0,0,1,0,차량단독 - 공작물충돌,안전운전불이행,적설,눈,단일로 - 기타,승용,남,44세,상해없음,,,,
2018020500100188,2018년 2월 5일 09시,월요일,제주특별자치도 서귀포시 안덕면,경상사고,0,0,2,0,차대차 - 기타,안전운전불이행,서리/결빙,눈,단일로 - 기타,승용,남,60세,상해없음,화물,남,20세,경상
2018020500100231,2018년 2월 5일 10시,월요일,제주특별자치도 제주시 애월읍,경상사고,0,0,2,0,차대차 - 기타,안전운전불이행,서리/결빙,눈,단일로 - 기타,승용,남,23세,상해없음,승용,남,59세,상해없음
2018020500100293,2018년 2월 5일 12시,월요일,제주특별자치도 제주시 연동,경상사고,0,0,1,2,차대차 - 측면충돌,안전운전불이행,젖음/습기,흐림,단일로 - 기타,승용,남,24세,상해없음,승용,남,62세,경상
2018020500100321,2018년 2월 5일 13시,월요일,제주특별자치도 제주시 한림읍,부상신고사고,0,0,0,6,차대차 - 측면충돌,안전거리미확보,서리/결빙,눈,단일로 - 기타,승용,남,29세,상해없음,승용,남,51세,부상신고
2018020500100356,2018년 2월 5일 14시,월요일,제주특별자치도 서귀포시 서귀동,경상사고,0,0,3,1,차대차 - 측면충돌,안전운전불이행,건조,맑음,단일로 - 기타,승용,남,58세,상해없음,승용,남,43세,부상신고
2018020500100459,2018년 2월 5일 17시,월요일,제주특별자치도 서귀포시 표선면,경상사고,0,0,3,0,차대차 - 추돌,안전거리미확보,서리/결빙,눈,단일로 - 기타,화물,남,50세,상해없음,승합,여,55세,경상
2018020500100594,2018년 2월 5일 21시,월요일,제주특별자치도 제주시 구좌읍,경상사고,0,0,1,0,차량단독 - 공작물충돌,안전운전불이행,서리/결빙,눈,단일로 - 기타,화물,남,58세,경상,,,,
2018020600100014,2018년 2월 6일 00시,화요일,제주특별자치도 서귀포시 안덕면,중상사고,0,1,0,0,차대차 - 기타,안전운전불이행,서리/결빙,눈,기타 - 기타,승용,남,30세,상해없음,승용,남,32세,상해없음
2018020600100140,2018년 2월 6일 08시,화요일,제주특별자치도 제주시 구좌읍,경상사고,0,0,1,0,차대차 - 측면충돌,안전운전불이행,적설,눈,교차로 - 교차로안,승용,남,28세,상해없음,승용,남,69세,경상
2018020600100141,2018년 2월 6일 08시,화요일,제주특별자치도 제주시 애월읍,경상사고,0,0,1,0,차대차 - 측면충돌,안전운전불이행,적설,눈,교차로 - 교차로안,승용,남,22세,상해없음,승용,남,34세,경상
2018020600100142,2018년 2월 6일 08시,화요일,제주특별자치도 제주시 용담이동,중상사고,0,1,1,7,차량단독 - 도로외이탈 - 기타,안전운전불이행,서리/결빙,눈,단일로 - 기타,승합,남,42세,상해없음,,,,
2018020600100237,2018년 2월 6일 11시,화요일,제주특별자치도 제주시 용담일동,중상사고,0,1,1,0,차대차 - 측면충돌,신호위반,적설,눈,교차로 - 교차로안,승합,남,48세,상해없음,화물,남,58세,중상
2018020600100348,2018년 2월 6일 14시,화요일,제주특별자치도 제주시 일도이동,경상사고,0,0,2,0,차대차 - 측면충돌,안전운전불이행,서리/결빙,눈,교차로 - 교차로안,승용,남,63세,상해없음,승용,남,58세,경상
2018020600100349,2018년 2월 6일 14시,화요일,제주특별자치도 제주시 연동,경상사고,0,0,5,0,차대차 - 측면충돌,교차로운행방법위반,서리/결빙,눈,교차로 - 교차로안,승용,여,56세,경상,승합,남,52세,경상
2018020600100644,2018년 2월 6일 23시,화요일,제주특별자치도 제주시 이도이동,경상사고,0,0,1,0,차대차 - 추돌,안전운전불이행,서리/결빙,눈,교차로 - 교차로부근,승용,남,55세,상해없음,승용,남,56세,경상
2018020700100198,2018년 2월 7일 09시,수요일,제주특별자치도 제주시 애월읍,중상사고,0,1,2,0,차대차 - 정면충돌,중앙선침범,적설,눈,단일로 - 기타,승합,여,53세,상해없음,승용,남,74세,경상
2018020700100285,2018년 2월 7일 12시,수요일,제주특별자치도 제주시 한림읍,경상사고,0,0,4,1,차대차 - 기타,교차로운행방법위반,젖음/습기,눈,교차로 - 교차로안,승용,남,78세,부상신고,승용,남,22세,경상
2018020700100311,2018년 2월 7일 13시,수요일,제주특별자치도 서귀포시 토평동,중상사고,0,1,0,0,차대사람 - 기타,보행자보호의무위반,건조,맑음,단일로 - 기타,승용,여,60세,상해없음,보행자,남,23세,중상
2018020700100415,2018년 2월 7일 16시,수요일,제주특별자치도 제주시 애월읍,경상사고,0,0,1,0,차대차 - 기타,안전운전불이행,서리/결빙,눈,단일로 - 기타,승용,남,20세,상해없음,특수,남,46세,경상
2018020700100515,2018년 2월 7일 18시,수요일,제주특별자치도 서귀포시 표선면,경상사고,0,0,1,0,차대차 - 기타,안전운전불이행,서리/결빙,맑음,단일로 - 기타,화물,남,32세,상해없음,이륜,남,65세,경상
2018020700100567,2018년 2월 7일 19시,수요일,제주특별자치도 제주시 이도일동,경상사고,0,0,1,0,차대차 - 측면충돌,안전운전불이행,서리/결빙,눈,교차로 - 교차로안,승용,남,36세,경상,승용,남,57세,상해없음
2018020700100568,2018년 2월 7일 19시,수요일,제주특별자치도 서귀포시 동홍동,경상사고,0,0,1,0,차대차 - 기타,교차로운행방법위반,건조,맑음,교차로 - 교차로안,승용,여,50세,상해없음,이륜,남,46세,경상
2018020700100695,2018년 2월 7일 23시,수요일,제주특별자치도 서귀포시 중문동,경상사고,0,0,1,0,차대사람 - 기타,안전운전불이행,건조,맑음,단일로 - 기타,승용,남,58세,상해없음,보행자,남,52세,경상
2018020800100034,2018년 2월 8일 01시,목요일,제주특별자치도 제주시 애월읍,경상사고,0,0,1,0,차대차 - 추돌,안전거리미확보,젖음/습기,흐림,단일로 - 기타,승용,여,33세,상해없음,승용,남,61세,경상
2018020800100084,2018년 2월 8일 06시,목요일,제주특별자치도 제주시 노형동,경상사고,0,0,2,0,차대차 - 측면충돌,안전거리미확보,서리/결빙,눈,단일로 - 기타,승용,남,44세,경상,화물,남,55세,경상
2018020800100115,2018년 2월 8일 07시,목요일,제주특별자치도 제주시 용담이동,경상사고,0,0,1,0,차대차 - 추돌,안전운전불이행,서리/결빙,눈,단일로 - 기타,승용,남,53세,상해없음,승용,여,43세,경상
2018020800100154,2018년 2월 8일 08시,목요일,제주특별자치도 제주시 삼양일동,경상사고,0,0,1,0,차대차 - 기타,안전운전불이행,서리/결빙,눈,단일로 - 기타,승용,남,40세,상해없음,승용,여,25세,상해없음
2018020800100155,2018년 2월 8일 08시,목요일,제주특별자치도 제주시 노형동,중상사고,0,1,0,0,차대차 - 기타,안전운전불이행,적설,눈,단일로 - 기타,승용,남,62세,상해없음,화물,남,49세,기타불명
2018020800100156,2018년 2월 8일 08시,목요일,제주특별자치도 제주시 노형동,경상사고,0,0,1,0,차대차 - 기타,안전운전불이행,적설,눈,기타 - 기타,승용,남,48세,기타불명,화물,남,38세,상해없음
2018020800100206,2018년 2월 8일 09시,목요일,제주특별자치도 제주시 애월읍,경상사고,0,0,5,0,차대차 - 기타,안전운전불이행,서리/결빙,눈,단일로 - 기타,승용,남,35세,기타불명,승용,남,43세,경상
2018020800100375,2018년 2월 8일 14시,목요일,제주특별자치도 제주시 한경면,중상사고,0,1,0,0,차대차 - 측면충돌,안전운전불이행,건조,맑음,단일로 - 기타,승용,남,62세,상해없음,이륜,여,80세,중상
2018020800100472,2018년 2월 8일 16시,목요일,제주특별자치도 서귀포시 도순동,중상사고,0,1,0,0,차대차 - 기타,중앙선침범,건조,맑음,기타 - 기타,사륜오토바이(ATV),남,80세,중상,화물,남,40세,상해없음
2018020800100706,2018년 2월 8일 22시,목요일,제주특별자치도 서귀포시 남원읍,경상사고,0,0,1,0,차량단독 - 기타,안전운전불이행,서리/결빙,흐림,단일로 - 기타,승용,남,43세,경상,,,,
2018020800100707,2018년 2월 8일 22시,목요일,제주특별자치도 제주시 연동,경상사고,0,0,1,0,차대사람 - 기타,안전운전불이행,젖음/습기,흐림,단일로 - 기타,승용,남,32세,상해없음,보행자,남,53세,경상
2018020800100744,2018년 2월 8일 23시,목요일,제주특별자치도 제주시 노형동,중상사고,0,1,0,0,차대사람 - 횡단중,안전운전불이행,건조,맑음,교차로 - 교차로안,승합,남,49세,상해없음,보행자,남,39세,중상
2018020900100106,2018년 2월 9일 07시,금요일,제주특별자치도 서귀포시 표선면,부상신고사고,0,0,0,1,차대차 - 정면충돌,신호위반,서리/결빙,눈,교차로 - 교차로안,승용,여,26세,부상신고,승합,남,47세,상해없음
2018020900100144,2018년 2월 9일 08시,금요일,제주특별자치도 제주시 해안동,중상사고,0,1,1,0,차대차 - 측면충돌,신호위반,건조,흐림,교차로 - 교차로안,승용,남,25세,상해없음,승용,남,44세,상해없음
2018020900100185,2018년 2월 9일 09시,금요일,제주특별자치도 제주시 이도이동,경상사고,0,0,1,0,차대차 - 측면충돌,중앙선침범,서리/결빙,맑음,교차로 - 교차로부근,화물,남,41세,상해없음,승용,남,29세,경상
2018020900100186,2018년 2월 9일 09시,금요일,제주특별자치도 제주시 삼양일동,경상사고,0,0,1,0,차대차 - 측면충돌,안전거리미확보,건조,맑음,단일로 - 기타,승용,여,30세,상해없음,승용,여,56세,경상
2018020900100222,2018년 2월 9일 10시,금요일,제주특별자치도 제주시 구좌읍,경상사고,0,0,1,0,차대차 - 측면충돌,안전운전불이행,서리/결빙,맑음,단일로 - 기타,승용,여,55세,경상,화물,남,39세,상해없음
2018020900100296,2018년 2월 9일 12시,금요일,제주특별자치도 서귀포시 서귀동,중상사고,0,1,0,0,차대사람 - 횡단중,불법유턴,건조,맑음,교차로 - 교차로안,승용,남,27세,상해없음,보행자,여,58세,중상
2018020900100297,2018년 2월 9일 12시,금요일,제주특별자치도 제주시 해안동,경상사고,0,0,1,0,차대차 - 기타,안전운전불이행,건조,맑음,단일로 - 기타,화물,남,43세,상해없음,승용,여,35세,경상
2018020900100396,2018년 2월 9일 15시,금요일,제주특별자치도 서귀포시 남원읍,경상사고,0,0,1,1,차대차 - 추돌,안전거리미확보,건조,맑음,교차로 - 교차로안,승용,남,63세,경상,화물,남,50세,부상신고
2018020900100593,2018년 2월 9일 19시,금요일,제주특별자치도 제주시 일도이동,중상사고,0,1,0,0,차대차 - 기타,안전운전불이행,건조,맑음,단일로 - 기타,승용,남,52세,상해없음,이륜,남,33세,중상
2018020900100594,2018년 2월 9일 19시,금요일,제주특별자치도 제주시 화북일동,경상사고,0,0,1,0,차대차 - 측면충돌,차로위반,건조,맑음,단일로 - 기타,화물,여,58세,상해없음,승용,여,59세,경상
2018020900100638,2018년 2월 9일 20시,금요일,제주특별자치도 제주시 외도일동,경상사고,0,0,1,0,차대차 - 추돌,안전운전불이행,건조,맑음,교차로 - 교차로부근,승용,남,51세,상해없음,화물,여,51세,경상
2018020900100720,2018년 2월 9일 22시,금요일,제주특별자치도 제주시 도두이동,경상사고,0,0,1,0,차량단독 - 도로외이탈 - 추락,안전운전불이행,건조,맑음,단일로 - 기타,승용,여,27세,경상,,,,
2018020900100768,2018년 2월 9일 23시,금요일,제주특별자치도 제주시 애월읍,중상사고,0,1,0,0,차대사람 - 횡단중,안전운전불이행,건조,맑음,단일로 - 기타,승용,남,29세,상해없음,보행자,남,57세,중상
2018021000100123,2018년 2월 10일 06시,토요일,제주특별자치도 제주시 한림읍,중상사고,0,1,1,0,차대차 - 측면충돌,신호위반,젖음/습기,비,교차로 - 교차로안,승용,여,59세,상해없음,승용,남,47세,경상
2018021000100182,2018년 2월 10일 09시,토요일,제주특별자치도 제주시 이도이동,경상사고,0,0,1,0,차대차 - 기타,안전운전불이행,젖음/습기,흐림,단일로 - 기타,화물,남,33세,상해없음,승용,남,26세,경상
2018021000100286,2018년 2월 10일 13시,토요일,제주특별자치도 제주시 삼도일동,부상신고사고,0,0,0,1,차대차 - 기타,안전거리미확보,건조,맑음,단일로 - 기타,자전거,남,82세,부상신고,승용,여,31세,상해없음
2018021000100428,2018년 2월 10일 18시,토요일,제주특별자치도 서귀포시 서귀동,경상사고,0,0,1,0,차대사람 - 기타,안전운전불이행,건조,맑음,기타 - 기타,승용,여,32세,상해없음,보행자,남,73세,경상
2018021000100472,2018년 2월 10일 19시,토요일,제주특별자치도 제주시 이도이동,중상사고,0,1,0,0,차대사람 - 횡단중,보행자보호의무위반,건조,맑음,교차로 - 교차로횡단보도내,승용,여,44세,상해없음,보행자,남,64세,중상
2018021100100232,2018년 2월 11일 14시,일요일,제주특별자치도 서귀포시 대정읍,경상사고,0,0,1,1,차대차 - 측면충돌,직진우회전진행방해,젖음/습기,눈,교차로 - 교차로안,승용,남,61세,부상신고,승용,여,30세,상해없음
2018021100100233,2018년 2월 11일 14시,일요일,제주특별자치도 제주시 한림읍,중상사고,0,4,0,0,차대차 - 측면충돌,직진우회전진행방해,건조,맑음,교차로 - 교차로안,승용,남,51세,상해없음,승용,남,24세,중상
2018021100100282,2018년 2월 11일 16시,일요일,제주특별자치도 서귀포시 법환동,경상사고,0,0,2,0,차대차 - 측면충돌,안전운전불이행,건조,맑음,단일로 - 기타,승용,남,53세,상해없음,승용,여,36세,상해없음
2018021100100283,2018년 2월 11일 16시,일요일,제주특별자치도 제주시 애월읍,경상사고,0,0,1,1,차량단독 - 기타,안전운전불이행,서리/결빙,눈,교차로 - 교차로부근,승용,여,24세,부상신고,,,,
2018021100100345,2018년 2월 11일 18시,일요일,제주특별자치도 서귀포시 서홍동,경상사고,0,0,4,0,차대차 - 추돌,안전운전불이행,건조,맑음,교차로 - 교차로부근,승용,남,30세,상해없음,승용,남,46세,경상
2018021200100029,2018년 2월 12일 02시,월요일,제주특별자치도 제주시 이도이동,경상사고,0,0,2,0,차대차 - 기타,차로위반,건조,맑음,단일로 - 기타,승용,남,59세,상해없음,이륜,남,19세,경상
2018021200100030,2018년 2월 12일 02시,월요일,제주특별자치도 제주시 노형동,경상사고,0,0,2,0,차대차 - 기타,직진우회전진행방해,건조,흐림,교차로 - 교차로안,승용,여,50세,경상,승용,여,20세,경상
2018021200100130,2018년 2월 12일 08시,월요일,제주특별자치도 서귀포시 회수동,경상사고,0,0,2,0,차대차 - 기타,직진우회전진행방해,서리/결빙,눈,교차로 - 교차로안,특수,남,50세,상해없음,승용,여,31세,경상
2018021200100131,2018년 2월 12일 08시,월요일,제주특별자치도 제주시 노형동,경상사고,0,0,1,0,차대차 - 기타,안전운전불이행,건조,맑음,교차로 - 교차로안,승용,남,54세,상해없음,승용,남,51세,경상
2018021200100179,2018년 2월 12일 09시,월요일,제주특별자치도 서귀포시 안덕면,경상사고,0,0,1,0,차대차 - 기타,직진우회전진행방해,적설,눈,교차로 - 교차로안,건설기계,남,69세,상해없음,화물,남,34세,경상
2018021200100323,2018년 2월 12일 13시,월요일,제주특별자치도 제주시 도두일동,경상사고,0,0,1,0,차대차 - 추돌,안전거리미확보,건조,맑음,단일로 - 기타,화물,남,57세,상해없음,승용,남,44세,경상
2018021200100458,2018년 2월 12일 16시,월요일,제주특별자치도 제주시 오등동,경상사고,0,0,1,0,차량단독 - 공작물충돌,안전운전불이행,건조,맑음,단일로 - 기타,승용,여,52세,경상,,,,
2018021200100503,2018년 2월 12일 17시,월요일,제주특별자치도 제주시 건입동,중상사고,0,1,0,0,차대사람 - 기타,안전운전불이행,건조,맑음,단일로 - 기타,승용,여,30세,상해없음,보행자,여,70세,중상
2018021200100567,2018년 2월 12일 18시,월요일,제주특별자치도 제주시 노형동,중상사고,0,1,0,0,차대사람 - 기타,안전운전불이행,건조,맑음,교차로 - 교차로부근,승용,남,61세,상해없음,보행자,남,62세,중상
2018021200100615,2018년 2월 12일 19시,월요일,제주특별자치도 제주시 한림읍,부상신고사고,0,0,0,1,차대차 - 기타,직진우회전진행방해,건조,맑음,교차로 - 교차로안,승용,남,53세,상해없음,승용,남,56세,부상신고
2018021200100731,2018년 2월 12일 22시,월요일,제주특별자치도 제주시 건입동,중상사고,0,1,0,0,차대사람 - 횡단중,안전운전불이행,건조,맑음,단일로 - 기타,승용,남,41세,상해없음,보행자,남,62세,중상
2018021300100056,2018년 2월 13일 02시,화요일,제주특별자치도 제주시 연동,경상사고,0,0,1,0,차대차 - 기타,중앙선침범,건조,맑음,단일로 - 기타,승용,남,19세,상해없음,승용,남,41세,경상
2018021300100257,2018년 2월 13일 10시,화요일,제주특별자치도 제주시 일도이동,경상사고,0,0,1,0,차대사람 - 횡단중,보행자보호의무위반,건조,맑음,교차로 - 교차로횡단보도내,승용,남,68세,상해없음,보행자,여,61세,경상
2018021300100258,2018년 2월 13일 10시,화요일,제주특별자치도 제주시 애월읍,경상사고,0,0,1,0,차대차 - 추돌,안전운전불이행,건조,맑음,단일로 - 기타,승용,남,30세,상해없음,승용,여,64세,경상
2018021300100306,2018년 2월 13일 11시,화요일,제주특별자치도 서귀포시 표선면,중상사고,0,1,0,0,차대사람 - 기타,안전운전불이행,건조,맑음,단일로 - 기타,화물,남,61세,상해없음,보행자,남,5세,중상
2018021300100307,2018년 2월 13일 11시,화요일,제주특별자치도 제주시 외도일동,경상사고,0,0,1,0,차대사람 - 기타,안전운전불이행,기타,맑음,기타 - 기타,승용,여,64세,상해없음,보행자,남,8세,경상
2018021300100409,2018년 2월 13일 14시,화요일,제주특별자치도 제주시 삼도이동,경상사고,0,0,1,0,차대차 - 추돌,안전거리미확보,건조,맑음,교차로 - 교차로안,승용,여,61세,상해없음,승용,여,36세,경상
2018021300100410,2018년 2월 13일 14시,화요일,제주특별자치도 서귀포시 토평동,중상사고,0,1,0,0,차대사람 - 차도통행중,안전운전불이행,건조,맑음,단일로 - 기타,승용,남,28세,상해없음,보행자,여,83세,중상
2018021300100412,2018년 2월 13일 14시,화요일,제주특별자치도 제주시 용담이동,경상사고,0,0,1,0,차대차 - 기타,직진우회전진행방해,건조,맑음,교차로 - 교차로안,승용,여,47세,경상,승용,여,50세,상해없음
2018021300100458,2018년 2월 13일 15시,화요일,제주특별자치도 제주시 화북일동,경상사고,0,0,1,0,차대차 - 기타,안전운전불이행,건조,맑음,단일로 - 기타,승용,남,21세,상해없음,화물,남,37세,상해없음
2018021300100459,2018년 2월 13일 15시,화요일,제주특별자치도 제주시 노형동,경상사고,0,0,1,0,차대차 - 측면충돌,안전거리미확보,건조,맑음,단일로 - 기타,승용,여,49세,상해없음,화물,남,26세,경상
2018021300100512,2018년 2월 13일 16시,화요일,제주특별자치도 제주시 용담일동,중상사고,0,2,3,0,차량단독 - 기타,안전운전불이행,건조,맑음,교차로 - 교차로안,승합,남,53세,상해없음,,,,
2018021300100564,2018년 2월 13일 17시,화요일,제주특별자치도 제주시 이도이동,경상사고,0,0,1,0,차대차 - 추돌,안전운전불이행,건조,맑음,단일로 - 기타,승용,남,59세,상해없음,승용,여,31세,경상
2018021300100565,2018년 2월 13일 17시,화요일,제주특별자치도 제주시 연동,경상사고,0,0,1,0,차대사람 - 보도통행중,보행자보호의무위반,건조,맑음,단일로 - 기타,승용,남,52세,상해없음,보행자,남,7세,경상
2018021300100626,2018년 2월 13일 18시,화요일,제주특별자치도 서귀포시 상예동,중상사고,0,2,0,1,차대차 - 기타,신호위반,젖음/습기,비,교차로 - 교차로안,승용,남,55세,상해없음,승용,여,29세,중상
2018021300100715,2018년 2월 13일 20시,화요일,제주특별자치도 제주시 도남동,경상사고,0,0,2,0,차대차 - 후진중충돌,안전운전불이행,건조,맑음,교차로 - 교차로부근,승용,남,57세,상해없음,승용,남,32세,경상
2018021300100809,2018년 2월 13일 23시,화요일,제주특별자치도 제주시 도남동,경상사고,0,0,1,0,차대차 - 기타,안전거리미확보,건조,맑음,단일로 - 기타,승용,남,56세,상해없음,승용,남,62세,상해없음
2018021400100074,2018년 2월 14일 02시,수요일,제주특별자치도 제주시 애월읍,경상사고,0,0,1,0,차량단독 - 공작물충돌,안전운전불이행,건조,맑음,단일로 - 기타,승용,남,41세,경상,,,,
2018021400100119,2018년 2월 14일 06시,수요일,제주특별자치도 제주시 애월읍,중상사고,0,1,0,0,차대사람 - 횡단중,안전운전불이행,건조,맑음,단일로 - 기타,승용,남,59세,상해없음,보행자,여,57세,중상
2018021400100139,2018년 2월 14일 07시,수요일,제주특별자치도 제주시 오라이동,중상사고,0,1,0,0,차대차 - 후진중충돌,안전운전불이행,건조,맑음,기타 - 기타,화물,남,62세,상해없음,승용,남,81세,중상
2018021400100190,2018년 2월 14일 09시,수요일,제주특별자치도 서귀포시 남원읍,경상사고,0,0,1,0,차대차 - 측면충돌,안전운전불이행,건조,맑음,교차로 - 교차로안,승용,남,59세,상해없음,원동기,여,52세,경상
2018021400100223,2018년 2월 14일 10시,수요일,제주특별자치도 서귀포시 표선면,중상사고,0,1,0,0,차대차 - 측면충돌,차로위반,건조,맑음,단일로 - 기타,승용,남,22세,상해없음,화물,남,47세,중상
2018021400100353,2018년 2월 14일 14시,수요일,제주특별자치도 제주시 이도이동,경상사고,0,0,1,0,차대사람 - 기타,안전운전불이행,건조,맑음,단일로 - 기타,승용,남,28세,상해없음,보행자,여,45세,경상
2018021400100399,2018년 2월 14일 15시,수요일,제주특별자치도 서귀포시 강정동,부상신고사고,0,0,0,4,차대차 - 측면충돌,차로위반,건조,맑음,교차로 - 교차로안,승용,남,39세,부상신고,화물,남,25세,부상신고
2018021400100438,2018년 2월 14일 16시,수요일,제주특별자치도 제주시 연동,경상사고,0,0,1,0,차대차 - 측면충돌,안전운전불이행,건조,맑음,교차로 - 교차로안,승용,여,18세,상해없음,승용,여,27세,경상
2018021400100486,2018년 2월 14일 17시,수요일,제주특별자치도 서귀포시 서귀동,경상사고,0,0,1,0,차대사람 - 차도통행중,안전운전불이행,건조,맑음,단일로 - 기타,화물,남,53세,상해없음,보행자,여,53세,경상
2018021400100487,2018년 2월 14일 17시,수요일,제주특별자치도 서귀포시 남원읍,경상사고,0,0,3,0,차대차 - 측면충돌,안전운전불이행,건조,맑음,단일로 - 기타,화물,남,54세,경상,승용,남,63세,경상
2018021400100674,2018년 2월 14일 21시,수요일,제주특별자치도 서귀포시 서호동,부상신고사고,0,0,0,1,차량단독 - 공작물충돌,안전운전불이행,건조,맑음,교차로 - 교차로안,승용,여,40세,상해없음,,,,
2018021400100741,2018년 2월 14일 23시,수요일,제주특별자치도 서귀포시 성산읍,경상사고,0,0,1,0,차대차 - 추돌,안전거리미확보,건조,맑음,단일로 - 기타,승용,남,41세,상해없음,승용,여,62세,상해없음