사고번호,사고일시,요일,시군구,사고내용,사망자수,중상자수,경상자수,부상신고자수,사고유형,법규위반,노면상태,기상상태,도로형태,가해운전자 차종,가해운전자 성별,가해운전자 연령,가해운전자 상해정도,피해운전자 차종,피해운전자 성별,피해운전자 연령,피해운전자 상해정도
2018031900100407,2018년 3월 19일 18시,월요일,제주특별자치도 제주시 도련일동,경상사고,0,0,1,0,차대차 - 측면충돌,신호위반,젖음/습기,비,교차로 - 교차로안,승용,여,52세,상해없음,승용,남,24세,경상
2018031900100408,2018년 3월 19일 18시,월요일,제주특별자치도 서귀포시 토평동,경상사고,0,0,2,0,차대차 - 추돌,안전운전불이행,건조,흐림,단일로 - 기타,승용,여,33세,상해없음,승용,여,60세,경상
2018031900100451,2018년 3월 19일 19시,월요일,제주특별자치도 제주시 연동,중상사고,0,1,0,0,차대사람 - 횡단중,보행자보호의무위반,젖음/습기,비,교차로 - 교차로횡단보도내,승용,남,62세,상해없음,보행자,여,63세,중상
2018032000100265,2018년 3월 20일 13시,화요일,제주특별자치도 제주시 화북일동,중상사고,0,1,0,0,차대사람 - 횡단중,보행자보호의무위반,건조,맑음,교차로 - 교차로횡단보도내,승용,남,45세,상해없음,보행자,여,64세,중상
2018032000100341,2018년 3월 20일 16시,화요일,제주특별자치도 제주시 이도이동,경상사고,0,0,1,0,차대사람 - 횡단중,보행자보호의무위반,젖음/습기,비,교차로 - 교차로부근,승용,남,53세,상해없음,보행자,여,33세,경상
2018032000100342,2018년 3월 20일 16시,화요일,제주특별자치도 제주시 노형동,경상사고,0,0,1,0,차대차 - 기타,기타,젖음/습기,비,교차로 - 교차로안,이륜,남,51세,경상,승용,남,28세,상해없음
2018032000100379,2018년 3월 20일 17시,화요일,제주특별자치도 서귀포시 성산읍,경상사고,0,0,1,0,차대사람 - 기타,안전운전불이행,젖음/습기,비,기타 - 기타,승용,남,48세,상해없음,보행자,남,16세,경상
2018032000100421,2018년 3월 20일 18시,화요일,제주특별자치도 제주시 화북일동,경상사고,0,0,1,0,차량단독 - 기타,안전운전불이행,젖음/습기,비,단일로 - 기타,승합,남,56세,상해없음,,,,
2018032000100460,2018년 3월 20일 19시,화요일,제주특별자치도 제주시 도남동,경상사고,0,0,5,0,차대차 - 추돌,안전운전불이행,젖음/습기,비,교차로 - 교차로부근,승용,남,59세,상해없음,승합,남,48세,경상
2018032000100529,2018년 3월 20일 21시,화요일,제주특별자치도 서귀포시 성산읍,부상신고사고,0,0,0,1,차량단독 - 기타,안전운전불이행,젖음/습기,비,단일로 - 기타,이륜,여,44세,부상신고,,,,
2018032000100554,2018년 3월 20일 22시,화요일,제주특별자치도 제주시 노형동,경상사고,0,0,1,0,차대사람 - 보도통행중,보행자보호의무위반,젖음/습기,비,교차로 - 교차로안,이륜,남,56세,상해없음,보행자,남,14세,경상
2018032100100022,2018년 3월 21일 01시,수요일,제주특별자치도 서귀포시 안덕면,중상사고,0,1,0,0,차량단독 - 공작물충돌,안전운전불이행,젖음/습기,흐림,단일로 - 기타,화물,남,39세,중상,,,,
2018032100100091,2018년 3월 21일 07시,수요일,제주특별자치도 서귀포시 안덕면,경상사고,0,0,1,0,차량단독 - 기타,안전운전불이행,젖음/습기,비,단일로 - 기타,승용,여,37세,경상,,,,
2018032100100128,2018년 3월 21일 08시,수요일,제주특별자치도 제주시 연동,경상사고,0,0,1,0,차대차 - 측면충돌,교차로운행방법위반,젖음/습기,비,교차로 - 교차로안,승용,여,59세,상해없음,승용,남,51세,경상
2018032100100157,2018년 3월 21일 09시,수요일,제주특별자치도 제주시 한경면,경상사고,0,0,1,0,차량단독 - 기타,안전운전불이행,젖음/습기,비,단일로 - 기타,화물,남,44세,경상,,,,
2018032100100269,2018년 3월 21일 14시,수요일,제주특별자치도 서귀포시 안덕면,경상사고,0,0,4,0,차대차 - 측면충돌,신호위반,건조,맑음,교차로 - 교차로안,승합,남,32세,상해없음,승용,여,48세,경상
2018032100100445,2018년 3월 21일 19시,수요일,제주특별자치도 제주시 이도이동,중상사고,0,1,0,0,차대차 - 기타,신호위반,젖음/습기,비,교차로 - 교차로안,승용,여,47세,상해없음,승용,남,28세,중상
2018032100100446,2018년 3월 21일 19시,수요일,제주특별자치도 서귀포시 강정동,경상사고,0,0,1,2,차대차 - 추돌,안전운전불이행,건조,맑음,교차로 - 교차로부근,승용,여,45세,경상,승용,여,36세,부상신고
2018032200100009,2018년 3월 22일 00시,목요일,제주특별자치도 제주시 용담일동,경상사고,0,0,2,0,차대차 - 추돌,안전운전불이행,건조,흐림,교차로 - 교차로부근,승용,남,45세,상해없음,승용,남,26세,경상
2018032200100010,2018년 3월 22일 00시,목요일,제주특별자치도 제주시 애월읍,부상신고사고,0,0,0,1,차량단독 - 공작물충돌,안전운전불이행,서리/결빙,눈,단일로 - 기타,승용,남,19세,상해없음,,,,
2018032200100189,2018년 3월 22일 09시,목요일,제주특별자치도 제주시 노형동,중상사고,0,1,0,0,차대사람 - 횡단중,보행자보호의무위반,건조,맑음,교차로 - 교차로횡단보도내,승용,남,31세,상해없음,보행자,여,22세,중상
2018032200100269,2018년 3월 22일 12시,목요일,제주특별자치도 제주시 이도이동,중상사고,0,1,0,0,차대사람 - 횡단중,안전운전불이행,건조,맑음,단일로 - 기타,승용,남,60세,상해없음,보행자,여,54세,중상
2018032200100324,2018년 3월 22일 14시,목요일,제주특별자치도 제주시 구좌읍,경상사고,0,0,5,0,차대차 - 추돌,안전운전불이행,건조,맑음,교차로 - 교차로부근,화물,남,61세,경상,승용,남,43세,경상
2018032200100378,2018년 3월 22일 16시,목요일,제주특별자치도 제주시 아라일동,중상사고,0,1,1,0,차대차 - 기타,신호위반,건조,맑음,교차로 - 교차로안,승용,여,33세,경상,승합,남,59세,중상
2018032200100413,2018년 3월 22일 17시,목요일,제주특별자치도 제주시 구좌읍,중상사고,0,1,0,0,차대차 - 기타,안전운전불이행,건조,맑음,교차로 - 교차로안,기타불명,기타불명,미분류,기타불명,자전거,남,72세,중상
2018032200100414,2018년 3월 22일 17시,목요일,제주특별자치도 제주시 도남동,경상사고,0,0,3,1,차대차 - 기타,안전거리미확보,건조,맑음,단일로 - 기타,승용,남,77세,상해없음,화물,남,60세,경상
2018032200100415,2018년 3월 22일 17시,목요일,제주특별자치도 제주시 건입동,경상사고,0,0,1,0,차대차 - 정면충돌,교차로운행방법위반,건조,맑음,교차로 - 교차로안,승용,여,58세,상해없음,이륜,여,67세,경상
2018032200100416,2018년 3월 22일 17시,목요일,제주특별자치도 제주시 도남동,중상사고,0,1,0,0,차대사람 - 횡단중,보행자보호의무위반,건조,맑음,교차로 - 교차로횡단보도내,승용,남,29세,기타불명,보행자,남,18세,중상
2018032200100417,2018년 3월 22일 17시,목요일,제주특별자치도 제주시 해안동,부상신고사고,0,0,0,2,차대차 - 추돌,안전거리미확보,기타,맑음,교차로 - 교차로부근,승용,남,25세,상해없음,화물,남,64세,상해없음
2018032200100463,2018년 3월 22일 18시,목요일,제주특별자치도 서귀포시 성산읍,경상사고,0,0,2,0,차대차 - 후진중충돌,안전운전불이행,건조,맑음,교차로 - 교차로부근,승용,남,57세,상해없음,승용,남,34세,경상
2018032200100548,2018년 3월 22일 21시,목요일,제주특별자치도 서귀포시 도순동,경상사고,0,0,1,0,차량단독 - 공작물충돌,안전운전불이행,건조,맑음,교차로 - 교차로안,승합,남,33세,경상,,,,
2018032200100549,2018년 3월 22일 21시,목요일,제주특별자치도 제주시 한경면,사망사고,1,0,0,0,차대사람 - 차도통행중,안전운전불이행,건조,맑음,단일로 - 기타,화물,남,58세,상해없음,보행자,남,51세,사망
2018032200100576,2018년 3월 22일 22시,목요일,제주특별자치도 제주시 용담일동,경상사고,0,0,1,0,차대차 - 기타,교차로운행방법위반,건조,맑음,교차로 - 교차로안,승합,여,46세,상해없음,승용,남,39세,경상
2018032200100603,2018년 3월 22일 23시,목요일,제주특별자치도 제주시 건입동,경상사고,0,0,1,0,차대차 - 추돌,안전운전불이행,건조,맑음,교차로 - 교차로부근,승용,남,25세,상해없음,승용,남,43세,상해없음
2018032300100126,2018년 3월 23일 08시,금요일,제주특별자치도 제주시 내도동,중상사고,0,1,0,0,차대차 - 측면충돌,교차로운행방법위반,건조,맑음,교차로 - 교차로안,승용,여,28세,상해없음,자전거,남,74세,중상
2018032300100291,2018년 3월 23일 14시,금요일,제주특별자치도 제주시 이도일동,중상사고,0,1,0,0,차대사람 - 차도통행중,안전운전불이행,건조,맑음,단일로 - 기타,승용,여,27세,상해없음,보행자,여,58세,중상
2018032300100325,2018년 3월 23일 15시,금요일,제주특별자치도 서귀포시 안덕면,경상사고,0,0,3,1,차대차 - 측면충돌,중앙선침범,건조,맑음,단일로 - 기타,승용,여,61세,부상신고,승용,남,40세,경상
2018032300100417,2018년 3월 23일 17시,금요일,제주특별자치도 서귀포시 동홍동,경상사고,0,0,1,0,차대사람 - 기타,안전운전불이행,건조,맑음,교차로 - 교차로안,화물,남,56세,상해없음,보행자,남,69세,경상
2018032300100451,2018년 3월 23일 18시,금요일,제주특별자치도 제주시 도두이동,중상사고,0,1,1,1,차대차 - 정면충돌,안전운전불이행,건조,맑음,단일로 - 기타,승용,여,48세,부상신고,승용,남,55세,중상
2018032300100498,2018년 3월 23일 19시,금요일,제주특별자치도 제주시 노형동,중상사고,0,1,0,0,차대사람 - 횡단중,안전운전불이행,건조,맑음,단일로 - 기타,승용,남,33세,기타불명,보행자,여,60세,중상
2018032300100610,2018년 3월 23일 23시,금요일,제주특별자치도 제주시 도련일동,중상사고,0,1,0,0,차대차 - 기타,중앙선침범,건조,맑음,단일로 - 기타,승용,남,26세,상해없음,승용,여,25세,중상
2018032400100080,2018년 3월 24일 05시,토요일,제주특별자치도 제주시 내도동,중상사고,0,1,0,0,차대사람 - 길가장자리구역통행중,안전운전불이행,건조,맑음,단일로 - 기타,승용,남,49세,상해없음,보행자,여,73세,중상
2018032400100116,2018년 3월 24일 08시,토요일,제주특별자치도 제주시 한경면,경상사고,0,0,1,0,차대사람 - 기타,안전운전불이행,건조,맑음,단일로 - 기타,화물,남,75세,상해없음,보행자,남,28세,경상
2018032400100159,2018년 3월 24일 10시,토요일,제주특별자치도 서귀포시 남원읍,중상사고,0,2,1,0,차대차 - 측면충돌,직진우회전진행방해,건조,맑음,교차로 - 교차로안,화물,여,43세,상해없음,승용,남,62세,경상
2018032400100189,2018년 3월 24일 11시,토요일,제주특별자치도 제주시 삼양이동,경상사고,0,0,1,0,차대차 - 측면충돌,차로위반,건조,맑음,교차로 - 교차로부근,화물,남,25세,기타불명,승용,여,37세,경상
2018032400100190,2018년 3월 24일 11시,토요일,제주특별자치도 서귀포시 대포동,경상사고,0,0,1,0,차량단독 - 기타,안전운전불이행,건조,맑음,단일로 - 기타,화물,남,59세,경상,,,,
2018032400100349,2018년 3월 24일 16시,토요일,제주특별자치도 제주시 이도일동,경상사고,0,0,1,0,차대차 - 측면충돌,직진우회전진행방해,건조,맑음,교차로 - 교차로안,이륜,남,67세,경상,화물,남,56세,상해없음
2018032400100350,2018년 3월 24일 16시,토요일,제주특별자치도 제주시 우도면,경상사고,0,0,1,0,차량단독 - 전도전복 - 전도,안전운전불이행,건조,맑음,단일로 - 기타,이륜,여,23세,경상,미분류,미분류,미분류,미분류
2018032400100381,2018년 3월 24일 17시,토요일,제주특별자치도 제주시 일도이동,경상사고,0,0,1,0,차대차 - 추돌,안전운전불이행,건조,맑음,단일로 - 기타,승용,남,74세,상해없음,승용,남,33세,경상
2018032400100451,2018년 3월 24일 19시,토요일,제주특별자치도 제주시 한림읍,경상사고,0,0,3,0,차대차 - 기타,직진우회전진행방해,건조,맑음,교차로 - 교차로안,승용,남,57세,상해없음,승용,남,21세,경상
2018032400100452,2018년 3월 24일 19시,토요일,제주특별자치도 제주시 용담이동,경상사고,0,0,1,0,차대사람 - 기타,안전운전불이행,건조,맑음,단일로 - 기타,승용,남,33세,상해없음,보행자,남,47세,경상
2018032400100490,2018년 3월 24일 20시,토요일,제주특별자치도 서귀포시 강정동,경상사고,0,0,1,0,차대차 - 기타,신호위반,건조,맑음,교차로 - 교차로안,이륜,남,31세,경상,승용,여,21세,상해없음
2018032400100516,2018년 3월 24일 21시,토요일,제주특별자치도 제주시 애월읍,부상신고사고,0,0,0,2,차대차 - 추돌,안전운전불이행,건조,맑음,단일로 - 기타,화물,남,52세,상해없음,승용,남,42세,상해없음
2018032400100547,2018년 3월 24일 23시,토요일,제주특별자치도 제주시 이도일동,중상사고,0,1,0,0,차대사람 - 횡단중,보행자보호의무위반,건조,맑음,단일로 - 기타,승용,남,65세,상해없음,보행자,여,63세,중상
2018032500100068,2018년 3월 25일 07시,일요일,제주특별자치도 서귀포시 남원읍,부상신고사고,0,0,0,2,차대차 - 기타,안전운전불이행,건조,맑음,단일로 - 기타,화물,남,51세,상해없음,승용,여,37세,부상신고
2018032500100111,2018년 3월 25일 10시,일요일,제주특별자치도 서귀포시 토평동,중상사고,0,1,0,0,차대사람 - 횡단중,과속,건조,맑음,단일로 - 기타,승용,남,29세,상해없음,보행자,남,10세,중상
2018032500100124,2018년 3월 25일 11시,일요일,제주특별자치도 제주시 오라이동,중상사고,0,1,0,0,차량단독 - 전도전복 - 전도,안전운전불이행,건조,맑음,단일로 - 기타,화물,남,75세,중상,미분류,미분류,미분류,미분류
2018032500100156,2018년 3월 25일 12시,일요일,제주특별자치도 제주시 노형동,경상사고,0,0,2,0,차대차 - 기타,안전운전불이행,건조,맑음,교차로 - 교차로안,승용,남,57세,상해없음,승용,남,59세,경상
2018032500100292,2018년 3월 25일 17시,일요일,제주특별자치도 제주시 건입동,경상사고,0,0,1,0,차대차 - 측면충돌,교차로운행방법위반,건조,맑음,교차로 - 교차로안,승용,남,45세,상해없음,원동기,남,53세,경상
2018032500100293,2018년 3월 25일 17시,일요일,제주특별자치도 서귀포시 서홍동,경상사고,0,0,2,0,차대차 - 측면충돌,차로위반,건조,맑음,교차로 - 교차로안,승용,남,53세,상해없음,승용,남,31세,경상
2018032500100317,2018년 3월 25일 18시,일요일,제주특별자치도 서귀포시 남원읍,경상사고,0,0,2,0,차대차 - 기타,중앙선침범,건조,맑음,기타 - 기타,승용,남,49세,상해없음,승용,남,48세,경상
2018032500100343,2018년 3월 25일 19시,일요일,제주특별자치도 제주시 일도이동,경상사고,0,0,1,0,차대차 - 기타,안전운전불이행,건조,맑음,교차로 - 교차로안,승용,남,67세,상해없음,이륜,남,20세,경상
2018032500100344,2018년 3월 25일 19시,일요일,제주특별자치도 서귀포시 안덕면,경상사고,0,0,1,0,차대차 - 기타,직진우회전진행방해,건조,맑음,교차로 - 교차로안,화물,남,41세,상해없음,승용,여,63세,경상
2018032500100345,2018년 3월 25일 19시,일요일,제주특별자치도 서귀포시 서귀동,경상사고,0,0,2,0,차대차 - 기타,직진우회전진행방해,건조,맑음,교차로 - 교차로안,승용,남,24세,경상,승용,여,56세,상해없음
2018032500100346,2018년 3월 25일 19시,일요일,제주특별자치도 서귀포시 강정동,경상사고,0,0,2,1,차대차 - 추돌,직진우회전진행방해,건조,맑음,교차로 - 교차로안,승용,남,29세,부상신고,승용,여,58세,경상
2018032500100377,2018년 3월 25일 20시,일요일,제주특별자치도 제주시 일도일동,경상사고,0,0,1,0,차대차 - 측면충돌,안전거리미확보,건조,맑음,단일로 - 기타,승용,남,56세,상해없음,승용,남,45세,경상
2018032500100428,2018년 3월 25일 23시,일요일,제주특별자치도 제주시 이도이동,경상사고,0,0,1,0,차대차 - 기타,신호위반,건조,맑음,교차로 - 교차로부근,승용,남,56세,상해없음,원동기,남,21세,경상
2018032600100069,2018년 3월 26일 07시,월요일,제주특별자치도 제주시 삼도일동,중상사고,0,1,0,0,차대사람 - 차도통행중,안전운전불이행,건조,맑음,단일로 - 기타,화물,남,54세,상해없음,보행자,남,73세,중상
2018032600100102,2018년 3월 26일 08시,월요일,제주특별자치도 서귀포시 중문동,중상사고,0,1,0,0,차대사람 - 차도통행중,안전운전불이행,건조,맑음,단일로 - 기타,승용,여,45세,상해없음,보행자,남,52세,중상
2018032600100199,2018년 3월 26일 11시,월요일,제주특별자치도 제주시 구좌읍,경상사고,0,0,1,0,차대사람 - 기타,안전운전불이행,건조,맑음,단일로 - 기타,승용,남,31세,상해없음,보행자,남,35세,경상
2018032600100309,2018년 3월 26일 15시,월요일,제주특별자치도 제주시 구좌읍,경상사고,0,0,1,0,차대차 - 측면충돌,신호위반,건조,맑음,교차로 - 교차로안,승용,여,53세,상해없음,승용,여,49세,경상
2018032600100354,2018년 3월 26일 16시,월요일,제주특별자치도 제주시 건입동,경상사고,0,0,2,0,차대차 - 측면충돌,교차로운행방법위반,건조,맑음,교차로 - 교차로안,승용,여,27세,경상,승용,남,55세,상해없음
2018032600100443,2018년 3월 26일 18시,월요일,제주특별자치도 제주시 조천읍,경상사고,0,0,1,0,차대차 - 정면충돌,안전운전불이행,건조,맑음,단일로 - 기타,승용,남,53세,상해없음,이륜,남,23세,경상
2018032600100540,2018년 3월 26일 21시,월요일,제주특별자치도 제주시 오라이동,경상사고,0,0,1,0,차대차 - 측면충돌,신호위반,건조,맑음,교차로 - 교차로안,기타불명,기타불명,미분류,기타불명,화물,남,41세,경상
2018032600100564,2018년 3월 26일 22시,월요일,제주특별자치도 제주시 이도이동,경상사고,0,0,1,0,차대차 - 기타,안전운전불이행,건조,맑음,교차로 - 교차로부근,승용,남,47세,상해없음,승용,남,55세,상해없음
2018032700100067,2018년 3월 27일 07시,화요일,제주특별자치도 제주시 구좌읍,경상사고,0,0,1,0,차대차 - 측면충돌,안전운전불이행,건조,맑음,단일로 - 기타,이륜,여,72세,경상,이륜,여,69세,상해없음
2018032700100068,2018년 3월 27일 07시,화요일,제주특별자치도 제주시 건입동,경상사고,0,0,3,0,차대차 - 측면충돌,안전거리미확보,건조,맑음,교차로 - 교차로부근,기타불명,기타불명,미분류,기타불명,승용,남,33세,상해없음
2018032700100069,2018년 3월 27일 07시,화요일,제주특별자치도 제주시 노형동,경상사고,0,0,2,0,차대차 - 기타,안전운전불이행,건조,맑음,교차로 - 교차로안,승용,여,24세,상해없음,승용,남,53세,경상
2018032700100142,2018년 3월 27일 09시,화요일,제주특별자치도 서귀포시 토평동,경상사고,0,0,1,0,차대차 - 기타,교차로운행방법위반,건조,맑음,교차로 - 교차로안,이륜,여,72세,경상,화물,남,42세,상해없음
2018032700100220,2018년 3월 27일 12시,화요일,제주특별자치도 제주시 연동,경상사고,0,0,2,0,차대차 - 추돌,안전운전불이행,건조,맑음,교차로 - 교차로안,화물,남,54세,상해없음,승용,여,29세,경상
2018032700100271,2018년 3월 27일 14시,화요일,제주특별자치도 제주시 화북일동,경상사고,0,0,1,0,차대사람 - 기타,안전운전불이행,건조,맑음,교차로 - 교차로부근,승용,여,62세,상해없음,보행자,남,46세,경상
2018032700100272,2018년 3월 27일 14시,화요일,제주특별자치도 서귀포시 색달동,부상신고사고,0,0,0,1,차대차 - 기타,교차로운행방법위반,건조,맑음,교차로 - 교차로안,승용,여,39세,상해없음,승용,여,39세,부상신고
2018032700100273,2018년 3월 27일 14시,화요일,제주특별자치도 제주시 용담삼동,경상사고,0,0,1,0,차대차 - 기타,중앙선침범,건조,맑음,단일로 - 기타,승용,남,26세,상해없음,자전거,여,28세,경상
2018032700100274,2018년 3월 27일 14시,화요일,제주특별자치도 제주시 연동,경상사고,0,0,1,0,차대차 - 측면충돌,안전운전불이행,건조,맑음,단일로 - 기타,승용,여,48세,상해없음,승용,남,44세,경상
2018032700100305,2018년 3월 27일 15시,화요일,제주특별자치도 제주시 연동,경상사고,0,0,1,0,차대차 - 기타,안전거리미확보,건조,맑음,교차로 - 교차로부근,승용,여,49세,상해없음,승용,남,30세,경상
2018032700100334,2018년 3월 27일 16시,화요일,제주특별자치도 제주시 외도일동,경상사고,0,0,1,0,차대사람 - 횡단중,안전운전불이행,건조,맑음,단일로 - 기타,승용,남,46세,상해없음,보행자,여,7세,경상
2018032700100372,2018년 3월 27일 17시,화요일,제주특별자치도 제주시 오라이동,경상사고,0,0,1,0,차대사람 - 기타,중앙선침범,건조,맑음,교차로 - 교차로안,승용,여,38세,상해없음,보행자,남,37세,경상
2018032700100373,2018년 3월 27일 17시,화요일,제주특별자치도 제주시 도두일동,경상사고,0,0,1,0,차대차 - 측면충돌,안전운전불이행,건조,맑음,단일로 - 기타,승용,남,66세,상해없음,승용,남,69세,경상
2018032700100401,2018년 3월 27일 18시,화요일,제주특별자치도 제주시 아라일동,경상사고,0,0,1,0,차대차 - 기타,직진우회전진행방해,건조,맑음,교차로 - 교차로안,승용,남,61세,상해없음,승용,여,43세,경상
2018032700100530,2018년 3월 27일 23시,화요일,제주특별자치도 제주시 노형동,경상사고,0,0,2,0,차대차 - 측면충돌,교차로운행방법위반,건조,맑음,교차로 - 교차로안,승용,여,24세,경상,승용,남,60세,경상
2018032800100007,2018년 3월 28일 00시,수요일,제주특별자치도 제주시 봉개동,경상사고,0,0,1,0,차대차 - 기타,직진우회전진행방해,건조,맑음,교차로 - 교차로안,승용,남,54세,상해없음,승합,남,45세,경상
2018032800100079,2018년 3월 28일 07시,수요일,제주특별자치도 서귀포시 표선면,부상신고사고,0,0,0,2,차대차 - 기타,안전운전불이행,건조,맑음,교차로 - 교차로부근,승용,여,48세,기타불명,승용,남,39세,부상신고
2018032800100080,2018년 3월 28일 07시,수요일,제주특별자치도 서귀포시 표선면,경상사고,0,0,2,0,차대차 - 측면충돌,안전운전불이행,건조,맑음,교차로 - 교차로안,화물,남,41세,상해없음,승용,여,55세,경상
2018032800100144,2018년 3월 28일 09시,수요일,제주특별자치도 제주시 삼도이동,경상사고,0,0,1,0,차대사람 - 기타,안전운전불이행,건조,맑음,단일로 - 기타,화물,남,28세,상해없음,보행자,여,79세,경상
2018032800100174,2018년 3월 28일 10시,수요일,제주특별자치도 제주시 도련일동,중상사고,0,1,0,0,차대차 - 기타,기타,건조,맑음,단일로 - 기타,화물,남,42세,중상,승합,남,42세,상해없음
2018032800100175,2018년 3월 28일 10시,수요일,제주특별자치도 제주시 노형동,경상사고,0,0,1,0,차대사람 - 기타,안전운전불이행,건조,맑음,교차로 - 교차로안,승용,남,30세,상해없음,보행자,여,47세,경상
2018032800100201,2018년 3월 28일 11시,수요일,제주특별자치도 서귀포시 표선면,중상사고,0,1,0,0,차대차 - 기타,안전운전불이행,건조,맑음,단일로 - 기타,승용,여,30세,상해없음,농기계,여,63세,중상
2018032800100202,2018년 3월 28일 11시,수요일,제주특별자치도 제주시 한림읍,부상신고사고,0,0,0,1,차대차 - 기타,기타,건조,맑음,교차로 - 교차로안,화물,남,39세,상해없음,자전거,여,83세,부상신고
2018032800100220,2018년 3월 28일 12시,수요일,제주특별자치도 제주시 애월읍,경상사고,0,0,1,0,차대차 - 측면충돌,안전운전불이행,건조,맑음,단일로 - 기타,승용,여,43세,상해없음,승용,남,46세,경상
2018032800100262,2018년 3월 28일 13시,수요일,제주특별자치도 제주시 애월읍,중상사고,0,1,1,0,차대차 - 측면충돌,안전거리미확보,건조,맑음,단일로 - 기타,화물,남,37세,상해없음,승용,여,38세,경상
2018032800100300,2018년 3월 28일 14시,수요일,제주특별자치도 서귀포시 성산읍,중상사고,0,1,1,2,차대차 - 측면충돌,신호위반,건조,맑음,교차로 - 교차로안,화물,여,61세,부상신고,승합,남,41세,경상
2018032800100301,2018년 3월 28일 14시,수요일,제주특별자치도 제주시 애월읍,경상사고,0,0,2,0,차대차 - 기타,직진우회전진행방해,건조,맑음,교차로 - 교차로안,승용,남,49세,상해없음,승용,여,35세,경상
2018032800100340,2018년 3월 28일 15시,수요일,제주특별자치도 제주시 용담일동,중상사고,0,1,0,0,차대차 - 추돌,안전운전불이행,건조,맑음,단일로 - 기타,화물,남,27세,상해없음,승용,남,48세,중상
2018032800100465,2018년 3월 28일 18시,수요일,제주특별자치도 제주시 외도일동,부상신고사고,0,0,0,1,차대차 - 기타,안전운전불이행,기타,맑음,교차로 - 교차로부근,자전거,남,9세,부상신고,승용,남,68세,상해없음
2018032800100548,2018년 3월 28일 21시,수요일,제주특별자치도 제주시 이도이동,경상사고,0,0,1,0,차대차 - 기타,안전거리미확보,건조,맑음,단일로 - 기타,승용,남,38세,상해없음,이륜,남,28세,경상
2018032800100573,2018년 3월 28일 22시,수요일,제주특별자치도 제주시 노형동,경상사고,0,0,2,1,차대차 - 정면충돌,중앙선침범,건조,맑음,단일로 - 기타,승용,여,44세,상해없음,승용,남,64세,경상
2018032900100119,2018년 3월 29일 08시,목요일,제주특별자치도 서귀포시 서귀동,경상사고,0,0,1,0,차대사람 - 기타,안전운전불이행,건조,맑음,단일로 - 기타,승용,여,33세,상해없음,보행자,여,50세,경상
2018032900100190,2018년 3월 29일 10시,목요일,제주특별자치도 제주시 연동,경상사고,0,0,3,1,차대차 - 측면충돌,신호위반,건조,맑음,단일로 - 기타,승용,남,60세,상해없음,승용,남,62세,경상
2018032900100220,2018년 3월 29일 11시,목요일,제주특별자치도 제주시 건입동,경상사고,0,0,1,0,차대차 - 추돌,안전거리미확보,건조,맑음,단일로 - 기타,화물,남,35세,상해없음,승용,여,44세,경상
2018032900100221,2018년 3월 29일 11시,목요일,제주특별자치도 서귀포시 대정읍,경상사고,0,0,1,0,차대차 - 기타,직진우회전진행방해,건조,맑음,교차로 - 교차로안,승용,여,54세,상해없음,승용,남,65세,경상
2018032900100222,2018년 3월 29일 11시,목요일,제주특별자치도 제주시 노형동,경상사고,0,0,1,0,차대차 - 후진중충돌,안전운전불이행,건조,맑음,단일로 - 기타,승용,남,38세,상해없음,승용,남,50세,경상
2018032900100273,2018년 3월 29일 13시,목요일,제주특별자치도 제주시 연동,부상신고사고,0,0,0,1,차대차 - 기타,안전운전불이행,건조,맑음,교차로 - 교차로안,승용,남,49세,부상신고,건설기계,남,47세,상해없음
2018032900100334,2018년 3월 29일 15시,목요일,제주특별자치도 서귀포시 표선면,중상사고,0,1,0,2,차량단독 - 기타,안전운전불이행,건조,맑음,단일로 - 기타,승용,남,74세,부상신고,,,,
2018032900100335,2018년 3월 29일 15시,목요일,제주특별자치도 제주시 한림읍,경상사고,0,0,1,0,차대사람 - 횡단중,보행자보호의무위반,건조,맑음,단일로 - 기타,승용,여,44세,상해없음,보행자,남,8세,경상
2018032900100378,2018년 3월 29일 16시,목요일,제주특별자치도 제주시 용담일동,경상사고,0,0,1,0,차량단독 - 기타,안전운전불이행,건조,맑음,교차로 - 교차로부근,승용,남,63세,상해없음,,,,
2018032900100379,2018년 3월 29일 16시,목요일,제주특별자치도 서귀포시 안덕면,중상사고,0,1,0,0,차대사람 - 기타,안전운전불이행,건조,맑음,단일로 - 기타,화물,남,59세,상해없음,보행자,남,5세,중상
2018032900100452,2018년 3월 29일 18시,목요일,제주특별자치도 제주시 연동,부상신고사고,0,0,0,1,차대사람 - 기타,안전운전불이행,건조,맑음,단일로 - 기타,기타불명,기타불명,미분류,기타불명,보행자,남,49세,부상신고
2018032900100453,2018년 3월 29일 18시,목요일,제주특별자치도 제주시 연동,경상사고,0,0,1,0,차대사람 - 길가장자리구역통행중,안전운전불이행,건조,맑음,단일로 - 기타,승용,남,33세,상해없음,보행자,남,52세,경상