사고번호,사고일시,요일,시군구,사고내용,사망자수,중상자수,경상자수,부상신고자수,사고유형,법규위반,노면상태,기상상태,도로형태,가해운전자 차종,가해운전자 성별,가해운전자 연령,가해운전자 상해정도,피해운전자 차종,피해운전자 성별,피해운전자 연령,피해운전자 상해정도
2018042000100219,2018년 4월 20일 11시,금요일,제주특별자치도 서귀포시 남원읍,중상사고,0,1,2,0,차대차 - 정면충돌,중앙선침범,건조,맑음,단일로 - 기타,승용,여,43세,경상,승용,남,42세,중상
2018042000100249,2018년 4월 20일 12시,금요일,제주특별자치도 서귀포시 성산읍,경상사고,0,0,1,0,차대차 - 측면충돌,차로위반,건조,맑음,교차로 - 교차로안,승용,남,54세,상해없음,승용,여,30세,경상
2018042000100345,2018년 4월 20일 15시,금요일,제주특별자치도 제주시 이도이동,중상사고,0,1,0,0,차대사람 - 기타,안전운전불이행,건조,맑음,단일로 - 기타,승용,여,42세,상해없음,보행자,남,11세,중상
2018042000100346,2018년 4월 20일 15시,금요일,제주특별자치도 제주시 조천읍,경상사고,0,0,3,0,차대차 - 기타,중앙선침범,건조,맑음,단일로 - 기타,승용,남,51세,상해없음,승용,남,41세,경상
2018042000100450,2018년 4월 20일 17시,금요일,제주특별자치도 제주시 아라이동,경상사고,0,0,1,0,차대사람 - 기타,안전운전불이행,건조,맑음,단일로 - 기타,승합,남,53세,상해없음,보행자,여,56세,경상
2018042000100451,2018년 4월 20일 17시,금요일,제주특별자치도 서귀포시 표선면,부상신고사고,0,0,0,1,차대차 - 측면충돌,직진우회전진행방해,건조,맑음,교차로 - 교차로부근,원동기,여,24세,부상신고,승용,남,41세,상해없음
2018042000100452,2018년 4월 20일 17시,금요일,제주특별자치도 제주시 애월읍,중상사고,0,1,0,0,차대차 - 기타,안전거리미확보,건조,맑음,단일로 - 기타,이륜,여,37세,중상,화물,남,69세,상해없음
2018042000100502,2018년 4월 20일 18시,금요일,제주특별자치도 제주시 아라일동,중상사고,0,1,0,0,차대차 - 정면충돌,중앙선침범,건조,맑음,단일로 - 기타,승용,남,33세,상해없음,화물,남,62세,중상
2018042000100542,2018년 4월 20일 19시,금요일,제주특별자치도 서귀포시 서귀동,중상사고,0,1,0,0,차대사람 - 횡단중,보행자보호의무위반,건조,맑음,교차로 - 교차로횡단보도내,승용,여,32세,상해없음,보행자,여,58세,중상
2018042000100590,2018년 4월 20일 20시,금요일,제주특별자치도 제주시 한림읍,부상신고사고,0,0,0,1,차대차 - 측면충돌,직진우회전진행방해,건조,맑음,교차로 - 교차로안,이륜,남,53세,부상신고,승용,여,47세,상해없음
2018042000100652,2018년 4월 20일 22시,금요일,제주특별자치도 제주시 구좌읍,중상사고,0,1,0,0,차량단독 - 공작물충돌,안전운전불이행,건조,기타,단일로 - 기타,승용,여,56세,중상,,,,
2018042000100653,2018년 4월 20일 22시,금요일,제주특별자치도 제주시 연동,경상사고,0,0,1,0,차대사람 - 횡단중,안전운전불이행,건조,맑음,교차로 - 교차로횡단보도내,승용,남,55세,상해없음,보행자,여,17세,경상
2018042100100095,2018년 4월 21일 05시,토요일,제주특별자치도 서귀포시 성산읍,경상사고,0,0,2,0,차대차 - 측면충돌,직진우회전진행방해,건조,맑음,교차로 - 교차로안,승용,남,36세,경상,승용,남,30세,경상
2018042100100124,2018년 4월 21일 07시,토요일,제주특별자치도 제주시 노형동,경상사고,0,0,2,0,차대차 - 기타,안전거리미확보,건조,맑음,단일로 - 기타,화물,남,47세,상해없음,승용,여,24세,경상
2018042100100234,2018년 4월 21일 11시,토요일,제주특별자치도 서귀포시 호근동,중상사고,0,1,0,0,차대차 - 기타,과속,건조,맑음,교차로 - 교차로안,승용,남,25세,기타불명,승용,여,58세,중상
2018042100100276,2018년 4월 21일 12시,토요일,제주특별자치도 제주시 도남동,경상사고,0,0,1,0,차대차 - 측면충돌,안전거리미확보,건조,맑음,단일로 - 기타,승용,여,21세,상해없음,화물,남,33세,경상
2018042100100340,2018년 4월 21일 14시,토요일,제주특별자치도 제주시 삼도이동,경상사고,0,0,1,0,차대차 - 측면충돌,안전운전불이행,건조,맑음,교차로 - 교차로안,승합,남,46세,상해없음,승용,여,51세,경상
2018042100100341,2018년 4월 21일 14시,토요일,제주특별자치도 서귀포시 서귀동,경상사고,0,0,1,0,차대차 - 기타,직진우회전진행방해,건조,맑음,교차로 - 교차로안,이륜,남,51세,경상,승용,여,35세,상해없음
2018042100100342,2018년 4월 21일 14시,토요일,제주특별자치도 서귀포시 표선면,사망사고,1,0,0,1,차대차 - 기타,중앙선침범,건조,맑음,교차로 - 교차로부근,이륜,남,84세,부상신고,승용,여,29세,상해없음
2018042100100343,2018년 4월 21일 14시,토요일,제주특별자치도 서귀포시 대정읍,경상사고,0,0,1,0,차대사람 - 기타,안전운전불이행,건조,맑음,기타 - 기타,승용,남,37세,상해없음,보행자,남,8세,경상
2018042100100344,2018년 4월 21일 14시,토요일,제주특별자치도 서귀포시 대정읍,중상사고,0,2,0,0,차대차 - 기타,과속,건조,맑음,교차로 - 교차로안,승용,남,49세,중상,승용,남,34세,중상
2018042100100383,2018년 4월 21일 15시,토요일,제주특별자치도 제주시 월평동,중상사고,0,1,0,0,차대차 - 후진중충돌,안전운전불이행,건조,맑음,단일로 - 기타,승용,여,46세,상해없음,승용,여,26세,중상
2018042100100384,2018년 4월 21일 15시,토요일,제주특별자치도 제주시 노형동,경상사고,0,0,2,4,차대차 - 추돌,안전거리미확보,건조,맑음,단일로 - 기타,승합,남,55세,상해없음,승용,여,37세,부상신고
2018042100100432,2018년 4월 21일 16시,토요일,제주특별자치도 제주시 연동,경상사고,0,0,1,0,차대차 - 추돌,안전거리미확보,건조,맑음,교차로 - 교차로부근,승용,남,41세,상해없음,승용,남,45세,경상
2018042100100490,2018년 4월 21일 17시,토요일,제주특별자치도 제주시 애월읍,중상사고,0,1,0,0,차대차 - 기타,안전운전불이행,건조,맑음,기타 - 기타,화물,남,65세,중상,승용,남,25세,상해없음
2018042200100009,2018년 4월 22일 00시,일요일,제주특별자치도 제주시 이도이동,경상사고,0,0,2,0,차대차 - 기타,안전거리미확보,건조,맑음,교차로 - 교차로안,승용,여,30세,상해없음,승용,남,52세,상해없음
2018042200100037,2018년 4월 22일 02시,일요일,제주특별자치도 제주시 아라일동,중상사고,0,1,2,0,차대차 - 기타,신호위반,건조,맑음,교차로 - 교차로안,승용,여,19세,경상,승용,남,59세,중상
2018042200100126,2018년 4월 22일 10시,일요일,제주특별자치도 서귀포시 성산읍,중상사고,0,1,0,0,차량단독 - 기타,안전운전불이행,젖음/습기,안개,교차로 - 교차로부근,승합,남,37세,상해없음,,,,
2018042200100182,2018년 4월 22일 12시,일요일,제주특별자치도 제주시 회천동,경상사고,0,0,2,0,차대차 - 기타,신호위반,건조,맑음,교차로 - 교차로안,승용,남,32세,상해없음,승용,여,45세,경상
2018042200100183,2018년 4월 22일 12시,일요일,제주특별자치도 제주시 구좌읍,중상사고,0,2,0,0,차대차 - 기타,안전거리미확보,젖음/습기,비,단일로 - 기타,승합,남,62세,상해없음,승용,여,55세,중상
2018042200100201,2018년 4월 22일 13시,일요일,제주특별자치도 제주시 화북이동,중상사고,0,1,0,0,차대차 - 후진중충돌,안전운전불이행,젖음/습기,비,교차로 - 교차로부근,화물,남,42세,상해없음,승용,여,28세,중상
2018042200100202,2018년 4월 22일 13시,일요일,제주특별자치도 제주시 내도동,경상사고,0,0,4,0,차대차 - 추돌,안전운전불이행,젖음/습기,흐림,단일로 - 기타,화물,남,34세,상해없음,승용,남,49세,경상
2018042200100237,2018년 4월 22일 14시,일요일,제주특별자치도 제주시 노형동,경상사고,0,0,2,0,차대차 - 기타,안전거리미확보,건조,맑음,단일로 - 기타,승용,여,55세,상해없음,승용,여,32세,경상
2018042200100307,2018년 4월 22일 17시,일요일,제주특별자치도 제주시 일도이동,경상사고,0,0,1,0,차대차 - 기타,안전거리미확보,젖음/습기,비,단일로 - 기타,승용,남,58세,상해없음,승용,남,48세,경상
2018042200100308,2018년 4월 22일 17시,일요일,제주특별자치도 서귀포시 안덕면,중상사고,0,1,2,0,차대차 - 추돌,안전운전불이행,젖음/습기,비,교차로 - 교차로부근,승용,남,47세,경상,화물,남,62세,중상
2018042200100339,2018년 4월 22일 18시,일요일,제주특별자치도 제주시 일도이동,중상사고,0,1,1,0,차대사람 - 횡단중,신호위반,젖음/습기,비,단일로 - 기타,승용,남,46세,상해없음,보행자,남,14세,경상
2018042200100340,2018년 4월 22일 18시,일요일,제주특별자치도 제주시 애월읍,사망사고,1,0,0,0,차량단독 - 도로외이탈 - 기타,안전운전불이행,젖음/습기,비,단일로 - 기타,승용,남,49세,사망,,,,
2018042200100406,2018년 4월 22일 20시,일요일,제주특별자치도 제주시 삼도이동,중상사고,0,1,0,0,차대사람 - 기타,보행자보호의무위반,건조,맑음,교차로 - 교차로횡단보도내,승용,여,49세,상해없음,보행자,남,21세,중상
2018042200100441,2018년 4월 22일 21시,일요일,제주특별자치도 서귀포시 대정읍,부상신고사고,0,0,0,1,차대차 - 기타,안전운전불이행,건조,맑음,단일로 - 기타,승용,여,50세,상해없음,이륜,남,59세,부상신고
2018042300100053,2018년 4월 23일 05시,월요일,제주특별자치도 서귀포시 영남동,중상사고,0,2,0,0,차량단독 - 공작물충돌,안전운전불이행,젖음/습기,비,단일로 - 기타,화물,남,38세,중상,,,,
2018042300100091,2018년 4월 23일 07시,월요일,제주특별자치도 서귀포시 동홍동,경상사고,0,0,1,0,차량단독 - 전도전복 - 전도,안전운전불이행,젖음/습기,비,단일로 - 기타,이륜,남,17세,상해없음,미분류,미분류,미분류,미분류
2018042300100177,2018년 4월 23일 09시,월요일,제주특별자치도 제주시 이도이동,경상사고,0,0,1,0,차대차 - 추돌,안전운전불이행,젖음/습기,비,교차로 - 교차로부근,승용,남,68세,상해없음,승용,여,33세,경상
2018042300100178,2018년 4월 23일 09시,월요일,제주특별자치도 서귀포시 남원읍,중상사고,0,1,0,0,차대사람 - 기타,안전운전불이행,젖음/습기,비,교차로 - 교차로안,승용,남,44세,상해없음,보행자,여,79세,중상
2018042300100230,2018년 4월 23일 11시,월요일,제주특별자치도 제주시 용담일동,중상사고,0,2,1,0,차대차 - 측면충돌,교차로운행방법위반,젖음/습기,비,교차로 - 교차로안,승용,남,37세,경상,화물,남,52세,중상
2018042300100231,2018년 4월 23일 11시,월요일,제주특별자치도 서귀포시 호근동,중상사고,0,1,1,0,차대차 - 측면충돌,교차로운행방법위반,젖음/습기,비,교차로 - 교차로안,승용,남,60세,상해없음,승합,남,41세,중상
2018042300100256,2018년 4월 23일 12시,월요일,제주특별자치도 서귀포시 서귀동,부상신고사고,0,0,0,1,차대사람 - 기타,안전운전불이행,젖음/습기,비,교차로 - 교차로부근,화물,남,49세,상해없음,보행자,여,61세,부상신고
2018042300100289,2018년 4월 23일 13시,월요일,제주특별자치도 제주시 영평동,경상사고,0,0,1,0,차대차 - 측면충돌,안전운전불이행,건조,맑음,단일로 - 기타,승용,남,46세,상해없음,승용,남,30세,경상
2018042300100290,2018년 4월 23일 13시,월요일,제주특별자치도 제주시 연동,중상사고,0,1,0,0,차대사람 - 횡단중,안전운전불이행,건조,흐림,단일로 - 기타,승합,남,36세,상해없음,보행자,남,63세,중상
2018042300100317,2018년 4월 23일 14시,월요일,제주특별자치도 제주시 아라이동,경상사고,0,0,1,0,차대차 - 추돌,안전거리미확보,건조,맑음,단일로 - 기타,승용,남,30세,상해없음,승용,여,41세,경상
2018042300100364,2018년 4월 23일 16시,월요일,제주특별자치도 제주시 삼도이동,경상사고,0,0,2,0,차대차 - 기타,교차로운행방법위반,젖음/습기,흐림,교차로 - 교차로안,화물,남,63세,상해없음,승용,남,47세,경상
2018042300100405,2018년 4월 23일 17시,월요일,제주특별자치도 서귀포시 대정읍,중상사고,0,1,0,0,차대차 - 기타,안전운전불이행,젖음/습기,비,기타 - 기타,승용,남,38세,상해없음,승용,남,49세,기타불명
2018042300100472,2018년 4월 23일 19시,월요일,제주특별자치도 제주시 연동,중상사고,0,1,1,0,차대차 - 측면충돌,교차로운행방법위반,건조,맑음,교차로 - 교차로안,승용,여,27세,상해없음,승용,여,25세,경상
2018042300100523,2018년 4월 23일 20시,월요일,제주특별자치도 제주시 조천읍,경상사고,0,0,1,0,차대사람 - 길가장자리구역통행중,안전운전불이행,건조,맑음,교차로 - 교차로안,화물,남,56세,상해없음,보행자,남,48세,경상
2018042300100628,2018년 4월 23일 23시,월요일,제주특별자치도 제주시 노형동,경상사고,0,0,1,0,차대차 - 정면충돌,안전운전불이행,젖음/습기,비,교차로 - 교차로안,승용,여,51세,상해없음,승합,남,55세,경상
2018042400100036,2018년 4월 24일 02시,화요일,제주특별자치도 서귀포시 서귀동,경상사고,0,0,1,0,차대사람 - 기타,신호위반,건조,맑음,단일로 - 기타,승용,여,34세,기타불명,보행자,남,34세,경상
2018042400100092,2018년 4월 24일 07시,화요일,제주특별자치도 제주시 애월읍,경상사고,0,0,1,0,차대차 - 측면충돌,안전거리미확보,건조,맑음,단일로 - 기타,화물,남,45세,상해없음,승용,남,59세,경상
2018042400100093,2018년 4월 24일 07시,화요일,제주특별자치도 제주시 용담이동,부상신고사고,0,0,0,1,차대차 - 추돌,안전운전불이행,건조,흐림,단일로 - 기타,승용,남,49세,상해없음,승용,남,36세,부상신고
2018042400100128,2018년 4월 24일 08시,화요일,제주특별자치도 제주시 연동,경상사고,0,0,1,0,차대차 - 측면충돌,안전운전불이행,건조,맑음,교차로 - 교차로안,화물,남,71세,상해없음,승용,여,31세,경상
2018042400100167,2018년 4월 24일 09시,화요일,제주특별자치도 서귀포시 안덕면,중상사고,0,1,0,0,차대차 - 기타,안전운전불이행,건조,맑음,교차로 - 교차로안,화물,남,52세,상해없음,승용,여,43세,중상
2018042400100168,2018년 4월 24일 09시,화요일,제주특별자치도 제주시 연동,경상사고,0,0,1,0,차대차 - 기타,안전운전불이행,건조,맑음,단일로 - 기타,승용,여,47세,상해없음,승용,여,45세,경상
2018042400100232,2018년 4월 24일 11시,화요일,제주특별자치도 제주시 오라이동,경상사고,0,0,1,0,차대차 - 측면충돌,교차로운행방법위반,젖음/습기,흐림,교차로 - 교차로안,승용,남,75세,상해없음,승용,여,75세,상해없음
2018042400100233,2018년 4월 24일 11시,화요일,제주특별자치도 제주시 도두일동,경상사고,0,0,1,0,차대사람 - 기타,안전운전불이행,건조,맑음,단일로 - 기타,승용,남,48세,상해없음,보행자,여,20세,경상
2018042400100290,2018년 4월 24일 13시,화요일,제주특별자치도 제주시 아라일동,경상사고,0,0,1,0,차대차 - 기타,직진우회전진행방해,건조,맑음,교차로 - 교차로안,승용,남,21세,상해없음,승합,남,42세,경상
2018042400100479,2018년 4월 24일 18시,화요일,제주특별자치도 서귀포시 서귀동,경상사고,0,0,2,1,차대차 - 측면충돌,직진우회전진행방해,건조,맑음,교차로 - 교차로안,승용,남,73세,부상신고,화물,남,24세,경상
2018042400100511,2018년 4월 24일 19시,화요일,제주특별자치도 제주시 이도이동,중상사고,0,2,0,0,차대차 - 측면충돌,교차로운행방법위반,건조,맑음,교차로 - 교차로안,승용,남,56세,상해없음,승용,남,59세,중상
2018042400100512,2018년 4월 24일 19시,화요일,제주특별자치도 제주시 도남동,중상사고,0,1,0,0,차대사람 - 기타,안전운전불이행,젖음/습기,비,단일로 - 기타,승용,여,46세,상해없음,보행자,남,50세,중상
2018042400100610,2018년 4월 24일 22시,화요일,제주특별자치도 제주시 삼도일동,경상사고,0,0,1,0,차대차 - 기타,차로위반,젖음/습기,비,교차로 - 교차로부근,승용,남,62세,상해없음,이륜,남,29세,경상
2018042400100641,2018년 4월 24일 23시,화요일,제주특별자치도 제주시 연동,경상사고,0,0,2,0,차대차 - 측면충돌,안전거리미확보,젖음/습기,비,교차로 - 교차로부근,승용,남,50세,상해없음,승용,남,27세,경상
2018042500100025,2018년 4월 25일 02시,수요일,제주특별자치도 제주시 노형동,중상사고,0,1,0,0,차대사람 - 차도통행중,안전운전불이행,젖음/습기,비,단일로 - 기타,승용,남,40세,상해없음,보행자,남,38세,중상
2018042500100152,2018년 4월 25일 09시,수요일,제주특별자치도 제주시 연동,경상사고,0,0,1,0,차대차 - 기타,직진우회전진행방해,건조,맑음,교차로 - 교차로안,승용,남,20세,상해없음,승용,여,32세,경상
2018042500100276,2018년 4월 25일 13시,수요일,제주특별자치도 제주시 삼도일동,경상사고,0,0,1,0,차대차 - 측면충돌,교차로운행방법위반,건조,맑음,교차로 - 교차로안,화물,남,39세,상해없음,이륜,남,18세,경상
2018042500100277,2018년 4월 25일 13시,수요일,제주특별자치도 서귀포시 대정읍,경상사고,0,0,1,0,차량단독 - 공작물충돌,안전운전불이행,젖음/습기,비,단일로 - 기타,승용,여,25세,경상,,,,
2018042500100358,2018년 4월 25일 15시,수요일,제주특별자치도 서귀포시 대정읍,경상사고,0,0,1,0,차대사람 - 기타,안전운전불이행,건조,맑음,단일로 - 기타,승용,여,55세,상해없음,보행자,남,42세,경상
2018042500100476,2018년 4월 25일 18시,수요일,제주특별자치도 제주시 일도이동,경상사고,0,0,1,0,차대사람 - 기타,안전운전불이행,건조,맑음,단일로 - 기타,승용,여,52세,상해없음,보행자,여,55세,경상
2018042500100565,2018년 4월 25일 21시,수요일,제주특별자치도 제주시 이도이동,경상사고,0,0,1,0,차대차 - 기타,신호위반,건조,맑음,교차로 - 교차로부근,승합,남,49세,상해없음,이륜,남,29세,경상
2018042500100566,2018년 4월 25일 21시,수요일,제주특별자치도 서귀포시 표선면,경상사고,0,0,1,0,차대차 - 추돌,안전거리미확보,건조,맑음,단일로 - 기타,승용,남,63세,상해없음,농기계,남,63세,경상
2018042600100035,2018년 4월 26일 03시,목요일,제주특별자치도 제주시 연동,경상사고,0,0,1,0,차대사람 - 길가장자리구역통행중,안전운전불이행,건조,맑음,교차로 - 교차로안,승용,여,64세,상해없음,보행자,남,41세,경상
2018042600100040,2018년 4월 26일 04시,목요일,제주특별자치도 제주시 화북일동,경상사고,0,0,1,0,차대차 - 기타,중앙선침범,건조,맑음,교차로 - 교차로부근,승용,남,46세,상해없음,승용,여,67세,경상
2018042600100209,2018년 4월 26일 11시,목요일,제주특별자치도 제주시 용담이동,중상사고,0,3,0,0,차대차 - 추돌,안전운전불이행,건조,맑음,교차로 - 교차로안,승용,여,58세,중상,승용,남,52세,중상
2018042600100270,2018년 4월 26일 13시,목요일,제주특별자치도 제주시 노형동,중상사고,0,1,0,0,차대차 - 측면충돌,안전운전불이행,건조,맑음,교차로 - 교차로안,승용,여,33세,중상,승용,남,48세,상해없음
2018042600100305,2018년 4월 26일 14시,목요일,제주특별자치도 제주시 용담이동,경상사고,0,0,1,0,차대차 - 기타,교차로운행방법위반,건조,맑음,교차로 - 교차로안,승용,남,41세,상해없음,승용,남,50세,경상
2018042600100502,2018년 4월 26일 20시,목요일,제주특별자치도 제주시 용담일동,경상사고,0,0,1,0,차대사람 - 횡단중,안전운전불이행,건조,맑음,단일로 - 기타,승용,남,36세,상해없음,보행자,남,72세,경상
2018042700100126,2018년 4월 27일 08시,금요일,제주특별자치도 제주시 연동,경상사고,0,0,1,0,차대차 - 측면충돌,교차로운행방법위반,건조,맑음,교차로 - 교차로안,승용,여,54세,상해없음,승용,남,36세,경상
2018042700100160,2018년 4월 27일 09시,금요일,제주특별자치도 제주시 용담이동,경상사고,0,0,1,0,차대차 - 기타,직진우회전진행방해,건조,맑음,교차로 - 교차로안,승용,남,38세,상해없음,승용,남,54세,경상
2018042700100216,2018년 4월 27일 11시,금요일,제주특별자치도 제주시 용담이동,경상사고,0,0,1,0,차대차 - 기타,안전운전불이행,건조,맑음,단일로 - 기타,승합,남,47세,상해없음,자전거,남,20세,경상
2018042700100267,2018년 4월 27일 13시,금요일,제주특별자치도 서귀포시 서호동,중상사고,0,2,0,0,차대차 - 기타,직진우회전진행방해,건조,맑음,교차로 - 교차로부근,승용,여,67세,중상,승용,여,46세,중상
2018042700100302,2018년 4월 27일 14시,금요일,제주특별자치도 제주시 영평동,경상사고,0,0,1,0,차대사람 - 횡단중,보행자보호의무위반,건조,맑음,교차로 - 교차로횡단보도내,화물,여,63세,상해없음,보행자,여,11세,경상
2018042700100303,2018년 4월 27일 14시,금요일,제주특별자치도 서귀포시 동홍동,경상사고,0,0,1,0,차대사람 - 기타,기타,건조,맑음,교차로 - 교차로부근,승용,여,53세,상해없음,보행자,여,42세,경상
2018042700100395,2018년 4월 27일 16시,금요일,제주특별자치도 제주시 일도이동,경상사고,0,0,1,0,차대사람 - 기타,안전운전불이행,건조,맑음,단일로 - 기타,승용,남,75세,상해없음,보행자,남,13세,경상
2018042700100396,2018년 4월 27일 16시,금요일,제주특별자치도 제주시 연동,경상사고,0,0,1,0,차대차 - 측면충돌,안전거리미확보,건조,맑음,단일로 - 기타,승용,남,26세,상해없음,이륜,남,57세,경상
2018042700100428,2018년 4월 27일 17시,금요일,제주특별자치도 서귀포시 안덕면,경상사고,0,0,5,0,차대차 - 기타,안전운전불이행,건조,맑음,교차로 - 교차로부근,화물,남,27세,상해없음,화물,남,56세,경상
2018042700100476,2018년 4월 27일 18시,금요일,제주특별자치도 서귀포시 동홍동,경상사고,0,0,1,0,차대사람 - 기타,안전운전불이행,건조,맑음,단일로 - 기타,기타불명,기타불명,미분류,기타불명,보행자,남,53세,경상
2018042700100521,2018년 4월 27일 19시,금요일,제주특별자치도 서귀포시 성산읍,부상신고사고,0,0,0,1,차량단독 - 공작물충돌,안전운전불이행,건조,맑음,단일로 - 기타,승용,남,55세,부상신고,,,,
2018042700100621,2018년 4월 27일 22시,금요일,제주특별자치도 제주시 일도이동,경상사고,0,0,1,0,차대사람 - 기타,안전운전불이행,건조,맑음,단일로 - 기타,승용,남,40세,상해없음,보행자,남,60세,경상
2018042800100009,2018년 4월 28일 00시,토요일,제주특별자치도 제주시 도남동,경상사고,0,0,1,0,차대차 - 기타,교차로운행방법위반,건조,맑음,교차로 - 교차로안,승용,남,68세,상해없음,승용,남,61세,상해없음
2018042800100010,2018년 4월 28일 00시,토요일,제주특별자치도 서귀포시 중문동,경상사고,0,0,1,0,차대차 - 측면충돌,직진우회전진행방해,건조,맑음,교차로 - 교차로안,승용,남,44세,상해없음,승용,여,30세,경상
2018042800100011,2018년 4월 28일 00시,토요일,제주특별자치도 제주시 연동,경상사고,0,0,1,0,차대사람 - 길가장자리구역통행중,안전운전불이행,건조,맑음,단일로 - 기타,승용,남,65세,상해없음,보행자,여,48세,경상
2018042800100187,2018년 4월 28일 09시,토요일,제주특별자치도 제주시 도남동,경상사고,0,0,1,0,차대차 - 측면충돌,안전운전불이행,건조,맑음,단일로 - 기타,승용,여,52세,경상,승용,여,40세,상해없음
2018042800100188,2018년 4월 28일 09시,토요일,제주특별자치도 제주시 연동,경상사고,0,0,1,0,차대사람 - 횡단중,안전운전불이행,건조,맑음,교차로 - 교차로부근,기타불명,기타불명,미분류,기타불명,보행자,여,25세,경상
2018042800100227,2018년 4월 28일 10시,토요일,제주특별자치도 제주시 노형동,중상사고,0,1,0,0,차대차 - 기타,신호위반,건조,맑음,단일로 - 기타,이륜,남,47세,중상,승용,남,25세,상해없음
2018042800100349,2018년 4월 28일 13시,토요일,제주특별자치도 서귀포시 토평동,경상사고,0,0,1,0,차대차 - 기타,중앙선침범,건조,맑음,교차로 - 교차로부근,승용,남,80세,상해없음,화물,여,47세,경상
2018042800100382,2018년 4월 28일 14시,토요일,제주특별자치도 제주시 연동,경상사고,0,0,1,0,차대사람 - 보도통행중,안전운전불이행,건조,맑음,단일로 - 기타,승용,여,54세,상해없음,보행자,남,29세,경상
2018042800100561,2018년 4월 28일 19시,토요일,제주특별자치도 서귀포시 서귀동,부상신고사고,0,0,0,1,차대차 - 기타,직진우회전진행방해,건조,맑음,교차로 - 교차로안,승용,여,40세,상해없음,승용,여,51세,부상신고
2018042800100562,2018년 4월 28일 19시,토요일,제주특별자치도 서귀포시 서귀동,부상신고사고,0,0,0,1,차대차 - 기타,안전거리미확보,건조,맑음,단일로 - 기타,이륜,남,24세,부상신고,승용,남,36세,상해없음
2018042800100591,2018년 4월 28일 20시,토요일,제주특별자치도 서귀포시 남원읍,중상사고,0,1,1,0,차대차 - 측면충돌,직진우회전진행방해,건조,맑음,교차로 - 교차로안,화물,남,64세,경상,화물,남,58세,중상
2018042800100592,2018년 4월 28일 20시,토요일,제주특별자치도 제주시 연동,경상사고,0,0,1,0,차대차 - 측면충돌,안전거리미확보,건조,맑음,단일로 - 기타,승합,남,46세,상해없음,승용,남,48세,경상
2018042900100110,2018년 4월 29일 08시,일요일,제주특별자치도 제주시 삼양일동,중상사고,0,1,0,0,차대차 - 측면충돌,안전거리미확보,건조,맑음,단일로 - 기타,승용,남,59세,상해없음,이륜,남,74세,중상
2018042900100183,2018년 4월 29일 11시,일요일,제주특별자치도 제주시 애월읍,경상사고,0,0,1,0,차대차 - 측면충돌,교차로운행방법위반,건조,맑음,교차로 - 교차로안,승용,여,28세,상해없음,승용,남,38세,상해없음
2018042900100216,2018년 4월 29일 12시,일요일,제주특별자치도 제주시 한림읍,경상사고,0,0,1,0,차대사람 - 횡단중,신호위반,건조,맑음,교차로 - 교차로안,화물,남,54세,상해없음,보행자,남,76세,경상
2018042900100279,2018년 4월 29일 14시,일요일,제주특별자치도 제주시 이도일동,경상사고,0,0,1,0,차대차 - 기타,기타,건조,맑음,단일로 - 기타,승용,남,24세,상해없음,승용,여,51세,상해없음
2018042900100280,2018년 4월 29일 14시,일요일,제주특별자치도 제주시 삼도일동,경상사고,0,0,1,0,차대차 - 기타,안전운전불이행,건조,맑음,교차로 - 교차로부근,이륜,남,35세,경상,승용,남,66세,상해없음
2018042900100320,2018년 4월 29일 15시,일요일,제주특별자치도 제주시 구좌읍,중상사고,0,1,0,0,차대사람 - 기타,안전운전불이행,건조,맑음,단일로 - 기타,승용,남,63세,상해없음,보행자,남,49세,중상
2018042900100321,2018년 4월 29일 15시,일요일,제주특별자치도 제주시 우도면,중상사고,0,2,1,0,차량단독 - 공작물충돌,안전운전불이행,건조,맑음,단일로 - 기타,승용,여,26세,상해없음,,,,
2018042900100358,2018년 4월 29일 16시,일요일,제주특별자치도 제주시 구좌읍,경상사고,0,0,5,0,차대차 - 후진중충돌,불법유턴,건조,맑음,단일로 - 기타,승용,여,48세,상해없음,승합,남,39세,상해없음
2018042900100495,2018년 4월 29일 20시,일요일,제주특별자치도 제주시 애월읍,경상사고,0,0,1,1,차대차 - 추돌,안전운전불이행,건조,맑음,단일로 - 기타,승용,남,24세,부상신고,승용,남,47세,경상
2018042900100536,2018년 4월 29일 22시,일요일,제주특별자치도 제주시 도남동,중상사고,0,1,0,0,차대사람 - 횡단중,안전운전불이행,건조,맑음,교차로 - 교차로횡단보도내,승합,남,33세,상해없음,보행자,남,17세,중상
2018043000100187,2018년 4월 30일 10시,월요일,제주특별자치도 제주시 화북이동,경상사고,0,0,1,0,차대차 - 측면충돌,안전운전불이행,건조,맑음,단일로 - 기타,이륜,남,82세,경상,승용,남,25세,상해없음
2018043000100368,2018년 4월 30일 15시,월요일,제주특별자치도 서귀포시 대포동,중상사고,0,1,1,0,차대차 - 측면충돌,안전운전불이행,젖음/습기,흐림,교차로 - 교차로안,이륜,여,75세,중상,승용,여,34세,상해없음