사고번호,사고일시,요일,시군구,사고내용,사망자수,중상자수,경상자수,부상신고자수,사고유형,법규위반,노면상태,기상상태,도로형태,가해운전자 차종,가해운전자 성별,가해운전자 연령,가해운전자 상해정도,피해운전자 차종,피해운전자 성별,피해운전자 연령,피해운전자 상해정도
2018043000100369,2018년 4월 30일 15시,월요일,제주특별자치도 제주시 한림읍,경상사고,0,0,1,0,차대차 - 측면충돌,직진우회전진행방해,건조,맑음,교차로 - 교차로안,이륜,남,78세,경상,이륜,남,27세,상해없음
2018043000100450,2018년 4월 30일 17시,월요일,제주특별자치도 서귀포시 성산읍,경상사고,0,0,3,0,차대차 - 측면충돌,신호위반,건조,맑음,교차로 - 교차로안,승용,여,37세,경상,승용,여,27세,경상
2018043000100499,2018년 4월 30일 18시,월요일,제주특별자치도 제주시 조천읍,중상사고,0,1,0,0,차대사람 - 기타,안전운전불이행,건조,맑음,단일로 - 기타,승용,남,27세,상해없음,보행자,여,72세,중상
2018043000100569,2018년 4월 30일 20시,월요일,제주특별자치도 제주시 일도이동,중상사고,0,1,1,0,차대사람 - 횡단중,보행자보호의무위반,건조,맑음,교차로 - 교차로횡단보도내,승용,여,65세,상해없음,보행자,여,51세,중상
2018043000100593,2018년 4월 30일 21시,월요일,제주특별자치도 제주시 삼도이동,중상사고,0,1,0,0,차대사람 - 기타,보행자보호의무위반,건조,맑음,교차로 - 교차로횡단보도내,승용,남,47세,상해없음,보행자,남,40세,중상
2018043000100623,2018년 4월 30일 22시,월요일,제주특별자치도 서귀포시 동홍동,부상신고사고,0,0,0,2,차대차 - 측면충돌,직진우회전진행방해,건조,맑음,교차로 - 교차로안,이륜,남,58세,상해없음,승용,남,32세,부상신고
2018050100100014,2018년 5월 1일 00시,화요일,제주특별자치도 서귀포시 동홍동,중상사고,0,1,2,1,차대차 - 측면충돌,신호위반,건조,맑음,교차로 - 교차로안,승용,여,51세,부상신고,승용,여,55세,중상
2018050100100051,2018년 5월 1일 03시,화요일,제주특별자치도 제주시 오라이동,경상사고,0,0,1,0,차대차 - 추돌,안전거리미확보,건조,맑음,교차로 - 교차로부근,승용,여,24세,상해없음,승용,여,61세,경상
2018050100100096,2018년 5월 1일 07시,화요일,제주특별자치도 제주시 이도이동,중상사고,0,1,0,0,차대사람 - 기타,기타,건조,맑음,단일로 - 기타,승용,남,25세,상해없음,보행자,여,72세,중상
2018050100100097,2018년 5월 1일 07시,화요일,제주특별자치도 제주시 삼도일동,경상사고,0,0,2,0,차대차 - 기타,과속,건조,맑음,교차로 - 교차로안,승용,남,59세,경상,승용,여,45세,경상
2018050100100098,2018년 5월 1일 07시,화요일,제주특별자치도 서귀포시 대정읍,부상신고사고,0,0,0,1,차량단독 - 공작물충돌,안전운전불이행,건조,맑음,단일로 - 기타,화물,남,62세,부상신고,,,,
2018050100100099,2018년 5월 1일 07시,화요일,제주특별자치도 제주시 용담이동,부상신고사고,0,0,0,1,차대차 - 기타,안전거리미확보,건조,맑음,교차로 - 교차로부근,승용,남,24세,기타불명,승용,남,26세,부상신고
2018050100100152,2018년 5월 1일 09시,화요일,제주특별자치도 제주시 조천읍,경상사고,0,0,2,0,차대차 - 추돌,안전운전불이행,건조,맑음,교차로 - 교차로부근,승용,여,21세,상해없음,승용,남,35세,경상
2018050100100256,2018년 5월 1일 13시,화요일,제주특별자치도 제주시 애월읍,경상사고,0,0,2,0,차대차 - 기타,안전운전불이행,건조,맑음,교차로 - 교차로안,승용,남,62세,경상,승용,남,59세,경상
2018050100100289,2018년 5월 1일 14시,화요일,제주특별자치도 제주시 한림읍,경상사고,0,0,1,1,차대차 - 측면충돌,안전운전불이행,건조,맑음,단일로 - 기타,승용,남,42세,상해없음,원동기,여,26세,경상
2018050100100435,2018년 5월 1일 19시,화요일,제주특별자치도 제주시 아라일동,부상신고사고,0,0,0,1,차대사람 - 횡단중,보행자보호의무위반,건조,맑음,교차로 - 교차로횡단보도내,승용,여,29세,상해없음,보행자,남,11세,부상신고
2018050100100436,2018년 5월 1일 19시,화요일,제주특별자치도 서귀포시 토평동,경상사고,0,0,1,0,차대차 - 기타,중앙선침범,건조,맑음,교차로 - 교차로부근,승용,남,51세,상해없음,승용,여,44세,경상
2018050100100498,2018년 5월 1일 21시,화요일,제주특별자치도 서귀포시 서호동,중상사고,0,1,0,0,차대사람 - 횡단중,보행자보호의무위반,젖음/습기,비,교차로 - 교차로횡단보도내,승용,남,36세,상해없음,보행자,남,49세,중상
2018050200100008,2018년 5월 2일 00시,수요일,제주특별자치도 제주시 이도이동,중상사고,0,1,0,0,차대사람 - 기타,보행자보호의무위반,건조,맑음,단일로 - 기타,승용,남,64세,상해없음,보행자,남,58세,중상
2018050200100009,2018년 5월 2일 00시,수요일,제주특별자치도 서귀포시 안덕면,경상사고,0,0,2,0,차대차 - 기타,신호위반,건조,맑음,교차로 - 교차로안,승용,남,71세,상해없음,승용,남,25세,경상
2018050200100185,2018년 5월 2일 09시,수요일,제주특별자치도 제주시 연동,경상사고,0,0,1,0,차대차 - 추돌,안전거리미확보,건조,맑음,단일로 - 기타,승용,남,49세,상해없음,승용,남,39세,경상
2018050200100309,2018년 5월 2일 13시,수요일,제주특별자치도 제주시 도두일동,경상사고,0,0,1,0,차대사람 - 기타,안전운전불이행,젖음/습기,흐림,기타 - 기타,기타불명,기타불명,미분류,기타불명,보행자,여,20세,경상
2018050200100377,2018년 5월 2일 15시,수요일,제주특별자치도 제주시 연동,경상사고,0,0,1,0,차대차 - 추돌,안전거리미확보,건조,맑음,단일로 - 기타,승합,남,48세,상해없음,승용,남,61세,경상
2018050200100414,2018년 5월 2일 16시,수요일,제주특별자치도 제주시 아라이동,경상사고,0,0,1,0,차대차 - 측면충돌,안전거리미확보,건조,맑음,교차로 - 교차로부근,승용,여,44세,상해없음,이륜,남,68세,경상
2018050200100477,2018년 5월 2일 18시,수요일,제주특별자치도 서귀포시 서호동,중상사고,0,1,1,0,차대차 - 추돌,안전운전불이행,건조,맑음,교차로 - 교차로부근,승용,여,60세,경상,화물,남,38세,중상
2018050200100478,2018년 5월 2일 18시,수요일,제주특별자치도 서귀포시 남원읍,경상사고,0,0,1,0,차대차 - 추돌,안전운전불이행,건조,맑음,단일로 - 기타,승용,남,20세,상해없음,승용,남,22세,경상
2018050200100480,2018년 5월 2일 18시,수요일,제주특별자치도 제주시 오라삼동,경상사고,0,0,1,0,차대차 - 추돌,안전운전불이행,건조,흐림,교차로 - 교차로부근,승용,여,39세,상해없음,승용,여,36세,경상
2018050300100066,2018년 5월 3일 05시,목요일,제주특별자치도 제주시 연동,중상사고,0,1,0,0,차량단독 - 공작물충돌,안전운전불이행,건조,맑음,단일로 - 기타,승용,남,27세,중상,,,,
2018050300100105,2018년 5월 3일 07시,목요일,제주특별자치도 제주시 한림읍,경상사고,0,0,2,1,차대차 - 측면충돌,안전거리미확보,건조,맑음,교차로 - 교차로안,승용,남,22세,경상,승용,남,57세,경상
2018050300100150,2018년 5월 3일 08시,목요일,제주특별자치도 서귀포시 안덕면,중상사고,0,2,0,0,차대차 - 정면충돌,중앙선침범,건조,맑음,단일로 - 기타,화물,남,37세,중상,건설기계,남,44세,중상
2018050300100178,2018년 5월 3일 09시,목요일,제주특별자치도 제주시 아라일동,경상사고,0,0,1,0,차대차 - 측면충돌,교차로운행방법위반,건조,맑음,교차로 - 교차로안,승용,여,36세,상해없음,승용,남,55세,상해없음
2018050300100239,2018년 5월 3일 11시,목요일,제주특별자치도 제주시 이도이동,경상사고,0,0,1,0,차대차 - 측면충돌,교차로운행방법위반,건조,맑음,교차로 - 교차로안,이륜,남,28세,경상,승용,여,56세,상해없음
2018050300100268,2018년 5월 3일 12시,목요일,제주특별자치도 제주시 애월읍,경상사고,0,0,1,0,차대사람 - 길가장자리구역통행중,안전운전불이행,건조,맑음,단일로 - 기타,승용,남,48세,상해없음,보행자,여,68세,경상
2018050300100269,2018년 5월 3일 12시,목요일,제주특별자치도 제주시 연동,경상사고,0,0,2,0,차대차 - 추돌,안전운전불이행,건조,맑음,단일로 - 기타,승용,남,69세,상해없음,승용,여,34세,경상
2018050300100328,2018년 5월 3일 14시,목요일,제주특별자치도 제주시 구좌읍,경상사고,0,0,1,0,차대차 - 측면충돌,안전운전불이행,건조,맑음,단일로 - 기타,승용,남,58세,경상,화물,남,63세,상해없음
2018050300100329,2018년 5월 3일 14시,목요일,제주특별자치도 서귀포시 성산읍,경상사고,0,0,2,0,차대차 - 추돌,안전운전불이행,건조,맑음,교차로 - 교차로안,승용,남,48세,상해없음,승용,남,49세,경상
2018050300100506,2018년 5월 3일 18시,목요일,제주특별자치도 제주시 한림읍,경상사고,0,0,1,0,차대차 - 기타,안전운전불이행,기타,맑음,교차로 - 교차로안,이륜,남,60세,상해없음,자전거,남,79세,경상
2018050300100539,2018년 5월 3일 19시,목요일,제주특별자치도 제주시 삼도일동,경상사고,0,0,2,0,차대차 - 측면충돌,신호위반,건조,맑음,교차로 - 교차로안,승용,남,54세,상해없음,승용,남,54세,경상
2018050400100162,2018년 5월 4일 09시,금요일,제주특별자치도 서귀포시 서귀동,경상사고,0,0,1,0,차대차 - 측면충돌,중앙선침범,건조,맑음,단일로 - 기타,화물,남,26세,상해없음,화물,남,33세,경상
2018050400100163,2018년 5월 4일 09시,금요일,제주특별자치도 서귀포시 안덕면,경상사고,0,0,2,0,차대차 - 추돌,안전운전불이행,건조,맑음,교차로 - 교차로부근,승용,남,34세,상해없음,승용,남,37세,경상
2018050400100243,2018년 5월 4일 12시,금요일,제주특별자치도 제주시 구좌읍,경상사고,0,0,7,0,차대차 - 측면충돌,교차로운행방법위반,건조,맑음,교차로 - 교차로안,승용,여,53세,경상,승용,남,42세,경상
2018050400100279,2018년 5월 4일 13시,금요일,제주특별자치도 제주시 한림읍,경상사고,0,0,2,0,차대차 - 측면충돌,교차로운행방법위반,건조,맑음,교차로 - 교차로안,화물,남,23세,경상,승용,여,54세,경상
2018050400100376,2018년 5월 4일 15시,금요일,제주특별자치도 제주시 도남동,중상사고,0,1,0,0,차대사람 - 횡단중,보행자보호의무위반,건조,맑음,교차로 - 교차로횡단보도내,화물,남,49세,상해없음,보행자,여,74세,중상
2018050400100377,2018년 5월 4일 15시,금요일,제주특별자치도 제주시 화북이동,경상사고,0,0,1,0,차대차 - 추돌,안전운전불이행,건조,맑음,교차로 - 교차로부근,승용,여,43세,상해없음,승용,여,41세,경상
2018050400100378,2018년 5월 4일 15시,금요일,제주특별자치도 서귀포시 하효동,경상사고,0,0,1,0,차대차 - 기타,안전운전불이행,건조,맑음,주차장 - 주차장,화물,남,71세,상해없음,승용,남,33세,경상
2018050400100422,2018년 5월 4일 16시,금요일,제주특별자치도 제주시 일도이동,경상사고,0,0,1,0,차대차 - 기타,안전운전불이행,건조,맑음,단일로 - 기타,승용,여,33세,상해없음,승용,여,30세,경상
2018050400100423,2018년 5월 4일 16시,금요일,제주특별자치도 서귀포시 성산읍,경상사고,0,0,1,0,차대차 - 기타,차로위반,건조,맑음,단일로 - 기타,이륜,남,73세,경상,승용,남,35세,상해없음
2018050400100480,2018년 5월 4일 17시,금요일,제주특별자치도 제주시 우도면,경상사고,0,0,1,0,차대차 - 기타,안전운전불이행,건조,맑음,단일로 - 기타,승용,여,38세,상해없음,이륜,여,33세,경상
2018050400100521,2018년 5월 4일 18시,금요일,제주특별자치도 제주시 건입동,경상사고,0,0,1,0,차대차 - 측면충돌,차로위반,건조,맑음,단일로 - 기타,화물,남,71세,상해없음,승용,여,51세,경상
2018050400100565,2018년 5월 4일 19시,금요일,제주특별자치도 서귀포시 강정동,경상사고,0,0,1,0,차대차 - 측면충돌,직진우회전진행방해,건조,맑음,교차로 - 교차로안,승합,남,53세,상해없음,승용,남,38세,상해없음
2018050500100020,2018년 5월 5일 00시,토요일,제주특별자치도 서귀포시 성산읍,사망사고,1,0,0,0,차대사람 - 횡단중,과속,건조,맑음,교차로 - 교차로안,승용,남,26세,상해없음,보행자,남,62세,사망
2018050500100158,2018년 5월 5일 08시,토요일,제주특별자치도 제주시 오라일동,경상사고,0,0,2,0,차대차 - 기타,신호위반,건조,맑음,단일로 - 기타,승용,여,48세,상해없음,승용,여,42세,경상
2018050500100159,2018년 5월 5일 08시,토요일,제주특별자치도 제주시 건입동,경상사고,0,0,1,0,차대차 - 측면충돌,교차로운행방법위반,건조,맑음,교차로 - 교차로안,건설기계,남,44세,상해없음,승용,여,69세,경상
2018050500100192,2018년 5월 5일 09시,토요일,제주특별자치도 서귀포시 서홍동,중상사고,0,1,0,0,차대사람 - 횡단중,보행자보호의무위반,건조,맑음,교차로 - 교차로횡단보도내,건설기계,남,39세,상해없음,보행자,여,75세,중상
2018050500100618,2018년 5월 5일 22시,토요일,제주특별자치도 제주시 조천읍,경상사고,0,0,1,0,차대차 - 후진중충돌,안전운전불이행,건조,맑음,교차로 - 교차로안,승용,남,53세,경상,승용,남,29세,상해없음
2018050600100084,2018년 5월 6일 04시,일요일,제주특별자치도 제주시 이도이동,경상사고,0,0,3,0,차대차 - 측면충돌,신호위반,젖음/습기,비,교차로 - 교차로안,승용,남,44세,상해없음,승용,여,45세,경상
2018050600100188,2018년 5월 6일 12시,일요일,제주특별자치도 제주시 오라이동,경상사고,0,0,2,0,차대차 - 추돌,안전운전불이행,젖음/습기,비,교차로 - 교차로부근,화물,남,69세,상해없음,승용,남,49세,경상
2018050600100228,2018년 5월 6일 13시,일요일,제주특별자치도 제주시 연동,경상사고,0,0,1,0,차대차 - 측면충돌,안전운전불이행,젖음/습기,비,교차로 - 교차로안,승용,남,52세,상해없음,승용,여,48세,경상
2018050600100289,2018년 5월 6일 16시,일요일,제주특별자치도 제주시 일도이동,경상사고,0,0,1,0,차대차 - 추돌,안전거리미확보,건조,맑음,교차로 - 교차로부근,승용,남,59세,상해없음,승용,남,60세,경상
2018050600100306,2018년 5월 6일 17시,일요일,제주특별자치도 서귀포시 상효동,부상신고사고,0,0,0,3,차량단독 - 전도전복 - 전복,안전운전불이행,젖음/습기,비,교차로 - 교차로안,승용,남,53세,부상신고,미분류,미분류,미분류,미분류
2018050600100332,2018년 5월 6일 18시,일요일,제주특별자치도 제주시 용담이동,경상사고,0,0,1,0,차대사람 - 보도통행중,기타,젖음/습기,비,기타 - 기타,승용,남,72세,상해없음,보행자,여,28세,경상
2018050600100333,2018년 5월 6일 18시,일요일,제주특별자치도 제주시 연동,경상사고,0,0,2,0,차대차 - 추돌,안전거리미확보,건조,맑음,단일로 - 기타,승용,여,33세,상해없음,승용,남,31세,경상
2018050700100012,2018년 5월 7일 00시,월요일,제주특별자치도 제주시 연동,부상신고사고,0,0,0,1,차대사람 - 차도통행중,안전운전불이행,건조,흐림,단일로 - 기타,승용,남,23세,상해없음,보행자,남,46세,부상신고
2018050700100031,2018년 5월 7일 01시,월요일,제주특별자치도 제주시 아라이동,경상사고,0,0,2,0,차대차 - 추돌,안전운전불이행,건조,맑음,교차로 - 교차로부근,승용,남,28세,상해없음,승용,남,65세,경상
2018050700100057,2018년 5월 7일 04시,월요일,제주특별자치도 제주시 해안동,중상사고,0,1,0,0,차대사람 - 기타,안전운전불이행,젖음/습기,비,교차로 - 교차로안,승용,남,53세,상해없음,보행자,남,22세,중상
2018050700100124,2018년 5월 7일 09시,월요일,제주특별자치도 서귀포시 남원읍,부상신고사고,0,0,0,1,차대차 - 기타,중앙선침범,젖음/습기,안개,교차로 - 교차로부근,승용,여,56세,부상신고,화물,남,58세,상해없음
2018050700100150,2018년 5월 7일 10시,월요일,제주특별자치도 서귀포시 하효동,중상사고,0,1,0,0,차대차 - 기타,직진우회전진행방해,젖음/습기,흐림,교차로 - 교차로부근,승합,남,62세,상해없음,승용,여,73세,중상
2018050700100237,2018년 5월 7일 13시,월요일,제주특별자치도 제주시 조천읍,경상사고,0,0,1,0,차대사람 - 길가장자리구역통행중,안전운전불이행,젖음/습기,안개,단일로 - 기타,승용,여,23세,상해없음,보행자,여,31세,경상
2018050700100238,2018년 5월 7일 13시,월요일,제주특별자치도 제주시 애월읍,중상사고,0,1,0,0,차대차 - 추돌,안전거리미확보,건조,맑음,단일로 - 기타,승용,남,23세,상해없음,승용,여,55세,상해없음
2018050800100013,2018년 5월 8일 00시,화요일,제주특별자치도 제주시 연동,중상사고,0,2,0,0,차대사람 - 횡단중,안전운전불이행,건조,맑음,단일로 - 기타,승용,남,63세,상해없음,보행자,남,44세,중상
2018050800100115,2018년 5월 8일 08시,화요일,제주특별자치도 제주시 연동,경상사고,0,0,1,0,차대사람 - 길가장자리구역통행중,안전운전불이행,건조,맑음,단일로 - 기타,승용,여,34세,상해없음,보행자,여,65세,경상
2018050800100294,2018년 5월 8일 14시,화요일,제주특별자치도 제주시 화북일동,경상사고,0,0,1,0,차대사람 - 기타,안전운전불이행,건조,맑음,단일로 - 기타,승용,여,38세,상해없음,보행자,여,46세,경상
2018050800100295,2018년 5월 8일 14시,화요일,제주특별자치도 제주시 연동,경상사고,0,0,1,0,차대차 - 기타,안전운전불이행,건조,맑음,교차로 - 교차로안,승용,남,40세,상해없음,승용,남,48세,상해없음
2018050800100340,2018년 5월 8일 15시,화요일,제주특별자치도 서귀포시 동홍동,중상사고,0,1,0,0,차대차 - 기타,안전운전불이행,건조,맑음,단일로 - 기타,이륜,남,31세,중상,화물,남,48세,상해없음
2018050800100384,2018년 5월 8일 16시,화요일,제주특별자치도 제주시 화북이동,경상사고,0,0,1,0,차대차 - 기타,안전거리미확보,건조,맑음,단일로 - 기타,화물,남,65세,상해없음,승용,여,34세,경상
2018050800100385,2018년 5월 8일 16시,화요일,제주특별자치도 제주시 애월읍,중상사고,0,1,0,0,차대차 - 기타,안전운전불이행,건조,맑음,교차로 - 교차로안,승용,남,65세,상해없음,승합,남,43세,중상
2018050800100386,2018년 5월 8일 16시,화요일,제주특별자치도 제주시 한림읍,중상사고,0,2,1,2,차대차 - 기타,직진우회전진행방해,건조,맑음,교차로 - 교차로안,승용,남,26세,중상,승합,남,49세,부상신고
2018050800100434,2018년 5월 8일 17시,화요일,제주특별자치도 제주시 화북이동,경상사고,0,0,1,0,차대차 - 측면충돌,교차로운행방법위반,건조,맑음,교차로 - 교차로안,승용,남,56세,상해없음,승용,남,46세,상해없음
2018050800100435,2018년 5월 8일 17시,화요일,제주특별자치도 서귀포시 서귀동,중상사고,0,1,0,0,차대사람 - 횡단중,보행자보호의무위반,건조,맑음,단일로 - 기타,승용,여,66세,상해없음,보행자,여,48세,중상
2018050800100483,2018년 5월 8일 18시,화요일,제주특별자치도 제주시 노형동,경상사고,0,0,1,0,차대차 - 측면충돌,신호위반,건조,맑음,교차로 - 교차로안,승용,남,63세,상해없음,승용,여,26세,경상
2018050800100549,2018년 5월 8일 20시,화요일,제주특별자치도 서귀포시 동홍동,경상사고,0,0,1,0,차대사람 - 기타,안전운전불이행,건조,맑음,단일로 - 기타,승용,남,38세,상해없음,보행자,남,59세,경상
2018050800100550,2018년 5월 8일 20시,화요일,제주특별자치도 서귀포시 남원읍,경상사고,0,0,2,0,차대차 - 기타,안전거리미확보,건조,맑음,단일로 - 기타,승합,남,70세,상해없음,승용,남,26세,경상
2018050900100070,2018년 5월 9일 07시,수요일,제주특별자치도 제주시 애월읍,경상사고,0,0,4,0,차대차 - 기타,교차로운행방법위반,건조,맑음,교차로 - 교차로안,승용,여,26세,경상,화물,여,63세,경상
2018050900100071,2018년 5월 9일 07시,수요일,제주특별자치도 제주시 노형동,경상사고,0,0,2,0,차대차 - 측면충돌,교차로운행방법위반,건조,맑음,교차로 - 교차로부근,승용,남,60세,기타불명,승용,여,20세,경상
2018050900100246,2018년 5월 9일 12시,수요일,제주특별자치도 제주시 우도면,중상사고,0,1,2,0,차대차 - 측면충돌,안전운전불이행,건조,맑음,단일로 - 기타,이륜,여,50세,상해없음,승합,남,62세,상해없음
2018050900100247,2018년 5월 9일 12시,수요일,제주특별자치도 서귀포시 도순동,중상사고,0,1,0,0,차대차 - 기타,안전운전불이행,건조,맑음,기타 - 기타,승용,남,29세,상해없음,이륜,남,68세,중상
2018050900100248,2018년 5월 9일 12시,수요일,제주특별자치도 제주시 노형동,중상사고,0,1,0,0,차대차 - 측면충돌,교차로운행방법위반,건조,맑음,교차로 - 교차로안,승용,여,47세,상해없음,이륜,남,43세,중상
2018050900100281,2018년 5월 9일 13시,수요일,제주특별자치도 제주시 한림읍,경상사고,0,0,1,0,차대차 - 기타,안전운전불이행,건조,맑음,교차로 - 교차로부근,승용,남,55세,상해없음,승용,남,59세,경상
2018050900100321,2018년 5월 9일 14시,수요일,제주특별자치도 제주시 일도이동,중상사고,0,1,0,0,차대차 - 측면충돌,안전거리미확보,건조,맑음,단일로 - 기타,승용,여,39세,상해없음,이륜,남,34세,중상
2018050900100322,2018년 5월 9일 14시,수요일,제주특별자치도 제주시 한림읍,부상신고사고,0,0,0,1,차량단독 - 도로외이탈 - 기타,안전운전불이행,건조,맑음,단일로 - 기타,승용,여,21세,부상신고,,,,
2018050900100449,2018년 5월 9일 17시,수요일,제주특별자치도 서귀포시 동홍동,중상사고,0,3,0,0,차대차 - 정면충돌,중앙선침범,건조,맑음,단일로 - 기타,승용,남,22세,중상,승용,여,53세,중상
2018050900100587,2018년 5월 9일 21시,수요일,제주특별자치도 서귀포시 서귀동,중상사고,0,1,0,0,차대사람 - 기타,안전운전불이행,건조,맑음,교차로 - 교차로안,승용,여,54세,상해없음,보행자,남,57세,중상
2018050900100612,2018년 5월 9일 22시,수요일,제주특별자치도 제주시 삼도일동,경상사고,0,0,2,0,차대차 - 기타,안전운전불이행,건조,맑음,단일로 - 기타,승용,여,59세,경상,승합,남,55세,상해없음
2018051000100018,2018년 5월 10일 00시,목요일,제주특별자치도 제주시 오라이동,경상사고,0,0,1,0,차대차 - 측면충돌,신호위반,건조,맑음,교차로 - 교차로안,승용,여,38세,상해없음,승용,남,52세,상해없음
2018051000100032,2018년 5월 10일 02시,목요일,제주특별자치도 제주시 이도일동,중상사고,0,1,0,0,차대사람 - 기타,안전운전불이행,건조,맑음,단일로 - 기타,승용,남,71세,상해없음,보행자,남,27세,중상
2018051000100038,2018년 5월 10일 03시,목요일,제주특별자치도 제주시 용담삼동,경상사고,0,0,1,0,차대차 - 추돌,안전운전불이행,건조,맑음,교차로 - 교차로부근,승용,남,22세,상해없음,이륜,남,43세,경상
2018051000100144,2018년 5월 10일 08시,목요일,제주특별자치도 제주시 도남동,경상사고,0,0,1,0,차대차 - 기타,교차로운행방법위반,건조,맑음,교차로 - 교차로안,승용,남,31세,상해없음,승용,남,68세,상해없음
2018051000100145,2018년 5월 10일 08시,목요일,제주특별자치도 제주시 한경면,경상사고,0,0,1,0,차대차 - 측면충돌,안전거리미확보,건조,맑음,교차로 - 교차로안,화물,남,52세,상해없음,승용,여,40세,경상
2018051000100233,2018년 5월 10일 11시,목요일,제주특별자치도 제주시 용담이동,중상사고,0,1,2,0,차대차 - 기타,교차로운행방법위반,건조,맑음,교차로 - 교차로안,승용,남,47세,상해없음,승합,남,56세,상해없음
2018051000100339,2018년 5월 10일 14시,목요일,제주특별자치도 제주시 삼도이동,부상신고사고,0,0,0,1,차대차 - 측면충돌,안전운전불이행,건조,맑음,단일로 - 기타,이륜,여,21세,부상신고,승용,남,43세,상해없음
2018051000100340,2018년 5월 10일 14시,목요일,제주특별자치도 제주시 삼양이동,경상사고,0,0,1,0,차대사람 - 횡단중,보행자보호의무위반,건조,맑음,단일로 - 기타,화물,남,36세,상해없음,보행자,여,6세,경상
2018051000100406,2018년 5월 10일 16시,목요일,제주특별자치도 제주시 오라이동,경상사고,0,0,1,0,차대사람 - 기타,보행자보호의무위반,건조,맑음,단일로 - 기타,승용,여,65세,상해없음,보행자,남,8세,경상
2018051000100407,2018년 5월 10일 16시,목요일,제주특별자치도 제주시 건입동,경상사고,0,0,1,0,차대차 - 기타,안전운전불이행,건조,맑음,단일로 - 기타,건설기계,남,37세,상해없음,승용,남,33세,경상
2018051000100408,2018년 5월 10일 16시,목요일,제주특별자치도 서귀포시 법환동,경상사고,0,0,1,1,차대차 - 측면충돌,기타,건조,맑음,교차로 - 교차로안,화물,남,76세,부상신고,승용,남,40세,상해없음
2018051000100409,2018년 5월 10일 16시,목요일,제주특별자치도 제주시 연동,부상신고사고,0,0,0,1,차대차 - 기타,안전운전불이행,건조,맑음,교차로 - 교차로횡단보도내,자전거,남,16세,부상신고,승용,남,64세,상해없음
2018051000100461,2018년 5월 10일 17시,목요일,제주특별자치도 제주시 구좌읍,경상사고,0,0,1,0,차대차 - 측면충돌,교차로운행방법위반,건조,맑음,교차로 - 교차로안,이륜,여,79세,경상,화물,남,31세,상해없음
2018051000100462,2018년 5월 10일 17시,목요일,제주특별자치도 제주시 아라이동,경상사고,0,0,1,0,차대차 - 기타,안전운전불이행,건조,맑음,단일로 - 기타,승용,남,34세,경상,승용,여,55세,상해없음
2018051000100510,2018년 5월 10일 18시,목요일,제주특별자치도 제주시 이도이동,부상신고사고,0,0,0,1,차대차 - 측면충돌,안전운전불이행,건조,맑음,단일로 - 기타,이륜,남,53세,부상신고,승용,여,31세,상해없음
2018051000100511,2018년 5월 10일 18시,목요일,제주특별자치도 제주시 이도이동,경상사고,0,0,1,0,차대차 - 기타,안전운전불이행,건조,맑음,단일로 - 기타,승용,남,76세,상해없음,승합,남,62세,상해없음
2018051000100512,2018년 5월 10일 18시,목요일,제주특별자치도 제주시 봉개동,중상사고,0,1,0,0,차대차 - 측면충돌,차로위반,건조,맑음,단일로 - 기타,승용,남,62세,상해없음,승용,여,59세,중상
2018051000100513,2018년 5월 10일 18시,목요일,제주특별자치도 서귀포시 상예동,경상사고,0,0,1,0,차량단독 - 공작물충돌,안전운전불이행,건조,맑음,단일로 - 기타,승용,남,40세,경상,,,,
2018051000100514,2018년 5월 10일 18시,목요일,제주특별자치도 제주시 노형동,경상사고,0,0,3,1,차대차 - 추돌,안전운전불이행,건조,맑음,단일로 - 기타,승용,남,54세,기타불명,승용,남,52세,경상
2018051000100580,2018년 5월 10일 20시,목요일,제주특별자치도 제주시 연동,경상사고,0,0,2,0,차대차 - 추돌,안전운전불이행,건조,기타,교차로 - 교차로안,승합,남,51세,상해없음,승용,여,26세,경상
2018051000100607,2018년 5월 10일 21시,목요일,제주특별자치도 서귀포시 중문동,중상사고,0,1,0,0,차대사람 - 차도통행중,안전운전불이행,건조,맑음,단일로 - 기타,승용,남,59세,상해없음,보행자,남,57세,중상
2018051100100022,2018년 5월 11일 01시,금요일,제주특별자치도 서귀포시 법환동,경상사고,0,0,1,1,차대차 - 측면충돌,직진우회전진행방해,건조,맑음,교차로 - 교차로안,화물,남,57세,부상신고,승용,남,49세,경상
2018051100100029,2018년 5월 11일 02시,금요일,제주특별자치도 제주시 한림읍,중상사고,0,1,0,0,차량단독 - 전도전복 - 전도,안전운전불이행,건조,맑음,단일로 - 기타,원동기,남,37세,중상,미분류,미분류,미분류,미분류
2018051100100159,2018년 5월 11일 09시,금요일,제주특별자치도 서귀포시 서호동,경상사고,0,0,1,0,차대차 - 기타,안전운전불이행,건조,맑음,교차로 - 교차로안,승용,남,47세,상해없음,승용,여,37세,경상