사고번호,사고일시,요일,시군구,사고내용,사망자수,중상자수,경상자수,부상신고자수,사고유형,법규위반,노면상태,기상상태,도로형태,가해운전자 차종,가해운전자 성별,가해운전자 연령,가해운전자 상해정도,피해운전자 차종,피해운전자 성별,피해운전자 연령,피해운전자 상해정도
2018051100100192,2018년 5월 11일 10시,금요일,제주특별자치도 제주시 애월읍,부상신고사고,0,0,0,4,차대차 - 추돌,안전거리미확보,건조,맑음,단일로 - 기타,승용,남,23세,상해없음,승용,여,38세,부상신고
2018051100100262,2018년 5월 11일 12시,금요일,제주특별자치도 서귀포시 대정읍,경상사고,0,0,1,0,차대차 - 기타,안전운전불이행,건조,맑음,교차로 - 교차로부근,자전거,남,55세,경상,건설기계,남,58세,상해없음
2018051100100363,2018년 5월 11일 15시,금요일,제주특별자치도 제주시 아라일동,경상사고,0,0,1,1,차대사람 - 횡단중,신호위반,건조,맑음,교차로 - 교차로안,승용,남,64세,상해없음,보행자,여,7세,부상신고
2018051100100364,2018년 5월 11일 15시,금요일,제주특별자치도 제주시 이도이동,경상사고,0,0,1,0,차대사람 - 횡단중,안전운전불이행,건조,맑음,단일로 - 기타,승용,여,23세,상해없음,보행자,여,59세,경상
2018051100100408,2018년 5월 11일 16시,금요일,제주특별자치도 서귀포시 성산읍,중상사고,0,1,1,0,차대차 - 기타,안전운전불이행,건조,맑음,단일로 - 기타,승용,남,57세,상해없음,승용,남,40세,중상
2018051200100019,2018년 5월 12일 00시,토요일,제주특별자치도 제주시 삼도일동,경상사고,0,0,1,0,차대차 - 기타,안전거리미확보,건조,맑음,단일로 - 기타,이륜,남,18세,경상,승용,남,35세,상해없음
2018051200100020,2018년 5월 12일 00시,토요일,제주특별자치도 서귀포시 대정읍,부상신고사고,0,0,0,1,차대차 - 추돌,안전운전불이행,건조,맑음,단일로 - 기타,승용,남,29세,부상신고,농기계,남,54세,상해없음
2018051200100079,2018년 5월 12일 04시,토요일,제주특별자치도 제주시 애월읍,경상사고,0,0,1,0,차량단독 - 공작물충돌,안전운전불이행,건조,맑음,단일로 - 기타,승용,남,40세,경상,,,,
2018051200100397,2018년 5월 12일 16시,토요일,제주특별자치도 제주시 용담이동,경상사고,0,0,1,0,차대차 - 기타,안전운전불이행,건조,맑음,교차로 - 교차로부근,승용,남,63세,상해없음,승합,남,22세,경상
2018051200100438,2018년 5월 12일 17시,토요일,제주특별자치도 제주시 건입동,경상사고,0,0,1,0,차대사람 - 횡단중,안전운전불이행,건조,맑음,단일로 - 기타,화물,남,25세,상해없음,보행자,여,73세,경상
2018051200100481,2018년 5월 12일 18시,토요일,제주특별자치도 제주시 일도일동,경상사고,0,0,1,0,차대차 - 기타,안전운전불이행,건조,맑음,단일로 - 기타,승용,남,68세,상해없음,이륜,남,34세,경상
2018051200100482,2018년 5월 12일 18시,토요일,제주특별자치도 제주시 연동,중상사고,0,1,0,0,차대사람 - 횡단중,안전운전불이행,건조,맑음,교차로 - 교차로횡단보도내,승용,여,33세,상해없음,보행자,남,48세,중상
2018051200100533,2018년 5월 12일 19시,토요일,제주특별자치도 서귀포시 남원읍,사망사고,1,0,0,0,차대사람 - 기타,안전운전불이행,젖음/습기,비,교차로 - 교차로부근,승용,여,28세,상해없음,보행자,여,38세,사망
2018051200100534,2018년 5월 12일 19시,토요일,제주특별자치도 서귀포시 표선면,중상사고,0,1,0,1,차대차 - 정면충돌,중앙선침범,건조,맑음,단일로 - 기타,화물,남,64세,부상신고,승용,남,28세,상해없음
2018051200100574,2018년 5월 12일 20시,토요일,제주특별자치도 제주시 연동,경상사고,0,0,1,0,차대사람 - 기타,안전운전불이행,건조,맑음,단일로 - 기타,승용,남,32세,상해없음,보행자,여,53세,경상
2018051200100670,2018년 5월 12일 22시,토요일,제주특별자치도 제주시 이도이동,경상사고,0,0,1,0,차대사람 - 횡단중,보행자보호의무위반,젖음/습기,비,교차로 - 교차로횡단보도내,화물,남,34세,상해없음,보행자,남,42세,경상
2018051200100671,2018년 5월 12일 22시,토요일,제주특별자치도 제주시 이도이동,경상사고,0,0,1,0,차대차 - 기타,교차로운행방법위반,젖음/습기,비,교차로 - 교차로안,승용,남,32세,상해없음,화물,남,42세,경상
2018051300100016,2018년 5월 13일 00시,일요일,제주특별자치도 제주시 애월읍,중상사고,0,1,0,0,차대차 - 추돌,안전거리미확보,젖음/습기,비,교차로 - 교차로부근,승용,남,66세,상해없음,승용,여,42세,중상
2018051300100114,2018년 5월 13일 08시,일요일,제주특별자치도 제주시 연동,중상사고,0,1,0,0,차대사람 - 횡단중,보행자보호의무위반,건조,맑음,단일로 - 기타,승용,남,62세,상해없음,보행자,여,64세,중상
2018051300100151,2018년 5월 13일 10시,일요일,제주특별자치도 제주시 일도이동,경상사고,0,0,1,0,차대사람 - 횡단중,신호위반,건조,맑음,단일로 - 기타,승용,남,35세,상해없음,보행자,남,14세,경상
2018051300100168,2018년 5월 13일 11시,일요일,제주특별자치도 제주시 한림읍,경상사고,0,0,1,0,차대차 - 측면충돌,안전운전불이행,건조,맑음,교차로 - 교차로안,승용,남,69세,상해없음,승용,남,43세,경상
2018051300100249,2018년 5월 13일 14시,일요일,제주특별자치도 제주시 구좌읍,경상사고,0,0,2,0,차대차 - 측면충돌,교차로운행방법위반,건조,맑음,교차로 - 교차로안,승용,여,28세,상해없음,승용,남,41세,경상
2018051300100327,2018년 5월 13일 16시,일요일,제주특별자치도 서귀포시 색달동,중상사고,0,1,2,0,차량단독 - 기타,안전운전불이행,건조,맑음,단일로 - 기타,승용,여,22세,경상,,,,
2018051300100366,2018년 5월 13일 17시,일요일,제주특별자치도 제주시 이도일동,경상사고,0,0,1,0,차대사람 - 기타,기타,건조,맑음,단일로 - 기타,승용,여,38세,상해없음,보행자,여,23세,경상
2018051300100458,2018년 5월 13일 20시,일요일,제주특별자치도 제주시 조천읍,중상사고,0,2,0,0,차대차 - 측면충돌,신호위반,건조,맑음,교차로 - 교차로안,승용,남,30세,상해없음,승용,남,55세,중상
2018051300100459,2018년 5월 13일 20시,일요일,제주특별자치도 제주시 삼도일동,경상사고,0,0,2,0,차대차 - 기타,안전거리미확보,건조,맑음,단일로 - 기타,승용,여,61세,경상,승용,남,33세,경상
2018051300100460,2018년 5월 13일 20시,일요일,제주특별자치도 서귀포시 서귀동,중상사고,0,1,0,0,차대사람 - 횡단중,보행자보호의무위반,건조,맑음,교차로 - 교차로부근,승용,남,64세,상해없음,보행자,여,67세,중상
2018051300100461,2018년 5월 13일 20시,일요일,제주특별자치도 서귀포시 동홍동,중상사고,0,1,0,0,차대차 - 기타,안전운전불이행,건조,맑음,교차로 - 교차로부근,승용,여,41세,상해없음,이륜,남,58세,중상
2018051300100487,2018년 5월 13일 21시,일요일,제주특별자치도 서귀포시 서호동,부상신고사고,0,0,0,1,차대차 - 측면충돌,안전운전불이행,건조,맑음,교차로 - 교차로안,이륜,남,23세,부상신고,승용,남,39세,상해없음
2018051300100521,2018년 5월 13일 23시,일요일,제주특별자치도 제주시 오라삼동,중상사고,0,1,0,0,차대차 - 측면충돌,직진우회전진행방해,건조,맑음,교차로 - 교차로안,자전거,남,34세,중상,승용,남,59세,상해없음
2018051400100013,2018년 5월 14일 01시,월요일,제주특별자치도 제주시 용담이동,경상사고,0,0,1,1,차대사람 - 기타,안전운전불이행,건조,흐림,단일로 - 기타,승용,남,28세,부상신고,보행자,여,64세,경상
2018051400100032,2018년 5월 14일 04시,월요일,제주특별자치도 제주시 삼도일동,중상사고,0,1,0,0,차대사람 - 횡단중,신호위반,건조,맑음,단일로 - 기타,승용,남,64세,상해없음,보행자,남,22세,중상
2018051400100055,2018년 5월 14일 06시,월요일,제주특별자치도 서귀포시 남원읍,중상사고,0,1,1,0,차대차 - 측면충돌,신호위반,건조,맑음,교차로 - 교차로안,승용,여,69세,중상,승용,남,37세,경상
2018051400100123,2018년 5월 14일 08시,월요일,제주특별자치도 제주시 오라일동,경상사고,0,0,1,0,차대차 - 측면충돌,교차로운행방법위반,건조,맑음,교차로 - 교차로안,승합,남,44세,상해없음,이륜,남,73세,경상
2018051400100124,2018년 5월 14일 08시,월요일,제주특별자치도 제주시 조천읍,경상사고,0,0,1,0,차대사람 - 기타,안전운전불이행,건조,맑음,단일로 - 기타,승용,남,54세,상해없음,보행자,남,57세,경상
2018051400100241,2018년 5월 14일 12시,월요일,제주특별자치도 서귀포시 성산읍,경상사고,0,0,3,0,차대차 - 추돌,안전운전불이행,건조,맑음,교차로 - 교차로부근,승용,남,24세,경상,화물,남,63세,경상
2018051400100416,2018년 5월 14일 17시,월요일,제주특별자치도 제주시 아라일동,경상사고,0,0,1,0,차대차 - 추돌,안전거리미확보,건조,맑음,단일로 - 기타,자전거,남,24세,경상,승합,남,25세,상해없음
2018051400100417,2018년 5월 14일 17시,월요일,제주특별자치도 제주시 삼도일동,경상사고,0,0,1,0,차대차 - 측면충돌,안전운전불이행,건조,맑음,교차로 - 교차로안,승용,여,24세,상해없음,승용,남,50세,경상
2018051400100511,2018년 5월 14일 20시,월요일,제주특별자치도 서귀포시 대정읍,경상사고,0,0,1,0,차대차 - 기타,중앙선침범,건조,맑음,교차로 - 교차로부근,기타불명,기타불명,미분류,기타불명,승용,남,42세,경상
2018051400100534,2018년 5월 14일 21시,월요일,제주특별자치도 서귀포시 남원읍,중상사고,0,1,0,0,차대사람 - 기타,안전운전불이행,건조,맑음,단일로 - 기타,승용,남,23세,상해없음,보행자,여,75세,중상
2018051400100535,2018년 5월 14일 21시,월요일,제주특별자치도 제주시 애월읍,경상사고,0,0,2,0,차대차 - 추돌,안전운전불이행,건조,흐림,단일로 - 기타,승용,여,55세,상해없음,승용,남,63세,경상
2018051500100027,2018년 5월 15일 02시,화요일,제주특별자치도 제주시 구좌읍,중상사고,0,1,0,0,차대차 - 기타,안전운전불이행,건조,맑음,교차로 - 교차로안,승용,남,66세,상해없음,농기계,남,84세,중상
2018051500100057,2018년 5월 15일 06시,화요일,제주특별자치도 서귀포시 남원읍,중상사고,0,1,0,0,차대차 - 기타,직진우회전진행방해,건조,맑음,교차로 - 교차로안,승용,여,55세,상해없음,이륜,여,74세,중상
2018051500100084,2018년 5월 15일 07시,화요일,제주특별자치도 제주시 도남동,경상사고,0,0,3,0,차대차 - 측면충돌,안전거리미확보,건조,맑음,단일로 - 기타,화물,여,59세,상해없음,화물,남,54세,경상
2018051500100085,2018년 5월 15일 07시,화요일,제주특별자치도 제주시 이도일동,경상사고,0,0,1,0,차대차 - 추돌,안전거리미확보,건조,맑음,단일로 - 기타,승용,남,45세,상해없음,승용,남,44세,상해없음
2018051500100124,2018년 5월 15일 08시,화요일,제주특별자치도 제주시 외도일동,경상사고,0,0,1,0,차대사람 - 기타,안전운전불이행,건조,맑음,교차로 - 교차로부근,승용,남,47세,상해없음,보행자,여,42세,경상
2018051500100374,2018년 5월 15일 16시,화요일,제주특별자치도 제주시 아라일동,경상사고,0,0,1,0,차대차 - 추돌,안전운전불이행,건조,맑음,단일로 - 기타,승용,남,35세,상해없음,승용,남,65세,경상
2018051500100375,2018년 5월 15일 16시,화요일,제주특별자치도 제주시 한림읍,중상사고,0,1,2,0,차대차 - 기타,신호위반,건조,맑음,교차로 - 교차로안,이륜,남,16세,경상,화물,여,46세,중상
2018051500100407,2018년 5월 15일 17시,화요일,제주특별자치도 제주시 노형동,부상신고사고,0,0,0,1,차대사람 - 횡단중,안전운전불이행,건조,맑음,교차로 - 교차로부근,화물,여,66세,상해없음,보행자,여,39세,부상신고
2018051500100449,2018년 5월 15일 18시,화요일,제주특별자치도 제주시 연동,중상사고,0,1,0,0,차대차 - 추돌,안전운전불이행,건조,맑음,기타 - 기타,승용,여,40세,상해없음,승용,여,30세,중상
2018051500100512,2018년 5월 15일 20시,화요일,제주특별자치도 서귀포시 서귀동,부상신고사고,0,0,0,1,차대차 - 측면충돌,직진우회전진행방해,건조,맑음,교차로 - 교차로안,승용,남,23세,상해없음,이륜,남,22세,부상신고
2018051500100558,2018년 5월 15일 22시,화요일,제주특별자치도 제주시 용담일동,중상사고,0,1,0,0,차대차 - 측면충돌,신호위반,건조,맑음,교차로 - 교차로안,승용,여,39세,중상,승합,남,60세,상해없음
2018051600100175,2018년 5월 16일 11시,수요일,제주특별자치도 서귀포시 토평동,경상사고,0,0,1,0,차대차 - 기타,안전운전불이행,건조,맑음,교차로 - 교차로안,승용,남,47세,상해없음,승용,여,54세,경상
2018051600100203,2018년 5월 16일 12시,수요일,제주특별자치도 서귀포시 대정읍,경상사고,0,0,1,0,차대차 - 기타,안전거리미확보,건조,맑음,단일로 - 기타,승용,여,47세,경상,화물,남,54세,상해없음
2018051600100284,2018년 5월 16일 15시,수요일,제주특별자치도 제주시 연동,중상사고,0,1,0,0,차대차 - 측면충돌,안전운전불이행,건조,맑음,단일로 - 기타,승용,여,52세,상해없음,원동기,남,80세,중상
2018051600100311,2018년 5월 16일 16시,수요일,제주특별자치도 제주시 용담이동,경상사고,0,0,1,0,차대사람 - 기타,보행자보호의무위반,건조,맑음,교차로 - 교차로안,승용,여,44세,상해없음,보행자,남,12세,경상
2018051600100344,2018년 5월 16일 17시,수요일,제주특별자치도 서귀포시 서귀동,경상사고,0,0,1,0,차대차 - 추돌,안전운전불이행,건조,맑음,단일로 - 기타,승용,여,39세,상해없음,승용,남,63세,상해없음
2018051600100523,2018년 5월 16일 23시,수요일,제주특별자치도 제주시 이도이동,중상사고,0,1,0,0,차대사람 - 기타,안전운전불이행,건조,맑음,단일로 - 기타,승용,남,53세,상해없음,보행자,남,52세,중상
2018051700100064,2018년 5월 17일 06시,목요일,제주특별자치도 제주시 용담이동,경상사고,0,0,1,0,차대차 - 기타,안전운전불이행,기타,맑음,교차로 - 교차로안,승합,남,63세,상해없음,승용,남,30세,상해없음
2018051700100082,2018년 5월 17일 07시,목요일,제주특별자치도 제주시 건입동,경상사고,0,0,1,0,차대차 - 추돌,안전거리미확보,건조,맑음,교차로 - 교차로안,승용,남,52세,상해없음,승용,여,46세,경상
2018051700100083,2018년 5월 17일 07시,목요일,제주특별자치도 제주시 연동,부상신고사고,0,0,0,2,차대차 - 측면충돌,신호위반,건조,맑음,교차로 - 교차로안,승용,남,23세,상해없음,승용,남,59세,부상신고
2018051700100122,2018년 5월 17일 08시,목요일,제주특별자치도 서귀포시 서홍동,경상사고,0,0,1,0,차대차 - 기타,안전운전불이행,건조,맑음,교차로 - 교차로부근,승용,남,58세,상해없음,화물,남,32세,상해없음
2018051700100162,2018년 5월 17일 09시,목요일,제주특별자치도 제주시 이도이동,경상사고,0,0,1,0,차대차 - 측면충돌,차로위반,건조,맑음,교차로 - 교차로부근,이륜,남,52세,경상,승용,남,30세,상해없음
2018051700100163,2018년 5월 17일 09시,목요일,제주특별자치도 제주시 노형동,경상사고,0,0,1,0,차대차 - 측면충돌,안전거리미확보,건조,맑음,단일로 - 기타,승용,남,68세,상해없음,승용,여,30세,경상
2018051700100190,2018년 5월 17일 10시,목요일,제주특별자치도 제주시 오라일동,중상사고,0,1,0,0,차대사람 - 횡단중,신호위반,건조,맑음,교차로 - 교차로횡단보도내,승용,여,31세,상해없음,보행자,여,27세,중상
2018051700100242,2018년 5월 17일 12시,목요일,제주특별자치도 제주시 용담이동,경상사고,0,0,1,0,차대사람 - 기타,안전운전불이행,건조,맑음,단일로 - 기타,화물,남,26세,상해없음,보행자,남,31세,경상
2018051700100312,2018년 5월 17일 14시,목요일,제주특별자치도 제주시 아라일동,중상사고,0,1,0,0,차대차 - 측면충돌,안전운전불이행,건조,맑음,교차로 - 교차로안,화물,남,46세,상해없음,이륜,남,32세,중상
2018051700100313,2018년 5월 17일 14시,목요일,제주특별자치도 제주시 조천읍,경상사고,0,0,2,0,차대차 - 추돌,안전거리미확보,건조,맑음,교차로 - 교차로안,승용,여,38세,상해없음,승용,남,45세,경상
2018051700100338,2018년 5월 17일 15시,목요일,제주특별자치도 서귀포시 남원읍,중상사고,0,1,0,0,차대차 - 측면충돌,직진우회전진행방해,젖음/습기,비,교차로 - 교차로안,화물,남,58세,상해없음,이륜,남,81세,중상
2018051700100403,2018년 5월 17일 17시,목요일,제주특별자치도 제주시 도남동,경상사고,0,0,1,0,차대차 - 기타,안전거리미확보,건조,맑음,단일로 - 기타,승용,여,30세,상해없음,화물,남,35세,상해없음
2018051700100561,2018년 5월 17일 21시,목요일,제주특별자치도 서귀포시 동홍동,경상사고,0,0,2,0,차대사람 - 기타,안전운전불이행,젖음/습기,흐림,단일로 - 기타,원동기,남,19세,경상,보행자,남,63세,경상
2018051800100019,2018년 5월 18일 00시,금요일,제주특별자치도 제주시 연동,부상신고사고,0,0,0,1,차대사람 - 기타,안전운전불이행,건조,맑음,단일로 - 기타,승합,남,41세,상해없음,보행자,남,45세,부상신고
2018051800100096,2018년 5월 18일 06시,금요일,제주특별자치도 제주시 오라이동,경상사고,0,0,2,0,차대차 - 측면충돌,신호위반,건조,맑음,교차로 - 교차로안,승용,남,33세,상해없음,승용,여,56세,경상
2018051800100097,2018년 5월 18일 06시,금요일,제주특별자치도 제주시 한경면,중상사고,0,1,2,0,차대차 - 기타,안전거리미확보,젖음/습기,안개,단일로 - 기타,승용,여,55세,중상,승용,남,75세,경상
2018051800100150,2018년 5월 18일 08시,금요일,제주특별자치도 제주시 노형동,경상사고,0,0,1,0,차대차 - 기타,안전운전불이행,건조,맑음,교차로 - 교차로횡단보도내,자전거,남,10세,경상,승합,남,43세,상해없음
2018051800100193,2018년 5월 18일 09시,금요일,제주특별자치도 제주시 삼도이동,경상사고,0,0,1,0,차량단독 - 공작물충돌,안전운전불이행,건조,맑음,단일로 - 기타,이륜,남,40세,경상,,,,
2018051800100281,2018년 5월 18일 12시,금요일,제주특별자치도 제주시 이도이동,경상사고,0,0,2,0,차대차 - 기타,기타,건조,맑음,기타 - 기타,승용,남,51세,상해없음,승합,남,30세,경상
2018051800100282,2018년 5월 18일 12시,금요일,제주특별자치도 서귀포시 성산읍,경상사고,0,0,1,0,차대차 - 기타,중앙선침범,건조,맑음,단일로 - 기타,승용,여,27세,상해없음,승용,남,49세,경상
2018051800100306,2018년 5월 18일 13시,금요일,제주특별자치도 제주시 조천읍,중상사고,0,2,0,0,차대차 - 기타,안전운전불이행,건조,맑음,단일로 - 기타,승용,여,67세,중상,건설기계,남,28세,상해없음
2018051800100307,2018년 5월 18일 13시,금요일,제주특별자치도 제주시 이호이동,경상사고,0,0,2,0,차대차 - 정면충돌,신호위반,건조,흐림,교차로 - 교차로안,승용,여,59세,경상,화물,남,57세,경상
2018051800100341,2018년 5월 18일 14시,금요일,제주특별자치도 제주시 삼도이동,경상사고,0,0,1,0,차대차 - 측면충돌,안전거리미확보,건조,맑음,단일로 - 기타,승용,남,67세,상해없음,승용,여,34세,경상
2018051800100375,2018년 5월 18일 15시,금요일,제주특별자치도 제주시 구좌읍,경상사고,0,0,1,0,차대차 - 측면충돌,안전운전불이행,건조,맑음,교차로 - 교차로안,이륜,남,82세,경상,승용,여,35세,상해없음
2018051800100525,2018년 5월 18일 19시,금요일,제주특별자치도 제주시 연동,경상사고,0,0,6,1,차대차 - 측면충돌,신호위반,건조,맑음,교차로 - 교차로안,승용,남,59세,상해없음,승용,남,47세,상해없음
2018051800100569,2018년 5월 18일 20시,금요일,제주특별자치도 제주시 삼양일동,경상사고,0,0,1,0,차대사람 - 기타,안전운전불이행,건조,맑음,단일로 - 기타,이륜,여,22세,상해없음,보행자,여,72세,경상
2018051800100570,2018년 5월 18일 20시,금요일,제주특별자치도 제주시 이도이동,경상사고,0,0,1,0,차대차 - 기타,안전운전불이행,건조,맑음,단일로 - 기타,승용,남,48세,상해없음,이륜,남,34세,경상
2018051800100646,2018년 5월 18일 22시,금요일,제주특별자치도 제주시 연동,경상사고,0,0,1,0,차대사람 - 차도통행중,안전운전불이행,건조,맑음,단일로 - 기타,승용,남,65세,상해없음,보행자,남,34세,경상
2018051800100647,2018년 5월 18일 22시,금요일,제주특별자치도 제주시 연동,중상사고,0,1,0,0,차대차 - 기타,직진우회전진행방해,건조,맑음,교차로 - 교차로안,승용,여,40세,상해없음,이륜,남,37세,중상
2018051800100682,2018년 5월 18일 23시,금요일,제주특별자치도 제주시 조천읍,중상사고,0,2,0,0,차량단독 - 공작물충돌,안전운전불이행,건조,맑음,단일로 - 기타,화물,남,61세,중상,,,,
2018051900100162,2018년 5월 19일 08시,토요일,제주특별자치도 제주시 도남동,경상사고,0,0,2,1,차대차 - 측면충돌,신호위반,젖음/습기,흐림,교차로 - 교차로안,승용,여,61세,경상,승용,남,67세,경상
2018051900100163,2018년 5월 19일 08시,토요일,제주특별자치도 제주시 우도면,중상사고,0,1,0,0,차대사람 - 기타,안전운전불이행,건조,맑음,단일로 - 기타,승합,남,51세,상해없음,보행자,여,83세,중상
2018051900100182,2018년 5월 19일 09시,토요일,제주특별자치도 제주시 오라삼동,경상사고,0,0,1,0,차대차 - 기타,안전거리미확보,건조,맑음,단일로 - 기타,이륜,남,21세,경상,승용,남,44세,상해없음
2018051900100231,2018년 5월 19일 10시,토요일,제주특별자치도 제주시 애월읍,경상사고,0,0,1,1,차대차 - 기타,안전운전불이행,건조,맑음,단일로 - 기타,승용,남,66세,상해없음,화물,남,72세,경상
2018051900100269,2018년 5월 19일 11시,토요일,제주특별자치도 서귀포시 중문동,중상사고,0,1,1,0,차량단독 - 도로외이탈 - 기타,안전운전불이행,건조,맑음,단일로 - 기타,승용,남,58세,경상,,,,
2018051900100304,2018년 5월 19일 12시,토요일,제주특별자치도 서귀포시 동홍동,경상사고,0,0,1,0,차대사람 - 횡단중,안전운전불이행,건조,맑음,교차로 - 교차로안,화물,남,48세,상해없음,보행자,여,42세,경상
2018051900100411,2018년 5월 19일 14시,토요일,제주특별자치도 서귀포시 남원읍,중상사고,0,1,0,0,차대차 - 기타,안전운전불이행,건조,맑음,단일로 - 기타,승용,여,26세,상해없음,이륜,여,78세,중상
2018051900100484,2018년 5월 19일 16시,토요일,제주특별자치도 제주시 용담이동,경상사고,0,0,1,0,차대차 - 측면충돌,안전거리미확보,건조,맑음,단일로 - 기타,승용,남,47세,경상,승합,남,49세,상해없음
2018051900100645,2018년 5월 19일 20시,토요일,제주특별자치도 제주시 연동,부상신고사고,0,0,0,4,차대차 - 기타,안전운전불이행,건조,맑음,교차로 - 교차로부근,승용,여,33세,부상신고,승용,남,25세,부상신고
2018052000100027,2018년 5월 20일 01시,일요일,제주특별자치도 제주시 한림읍,중상사고,0,1,0,0,차량단독 - 기타,안전운전불이행,건조,맑음,단일로 - 기타,승용,여,40세,중상,,,,
2018052000100082,2018년 5월 20일 05시,일요일,제주특별자치도 제주시 연동,부상신고사고,0,0,0,1,차대사람 - 기타,안전운전불이행,건조,맑음,단일로 - 기타,승용,남,47세,상해없음,보행자,여,36세,부상신고
2018052000100157,2018년 5월 20일 10시,일요일,제주특별자치도 제주시 아라이동,경상사고,0,0,4,0,차대차 - 추돌,안전거리미확보,건조,맑음,단일로 - 기타,승용,여,31세,상해없음,승용,여,39세,경상
2018052000100179,2018년 5월 20일 11시,일요일,제주특별자치도 제주시 한림읍,중상사고,0,1,0,0,차대차 - 기타,안전거리미확보,건조,맑음,단일로 - 기타,화물,남,35세,상해없음,이륜,남,64세,중상
2018052000100204,2018년 5월 20일 12시,일요일,제주특별자치도 서귀포시 대정읍,부상신고사고,0,0,0,1,차량단독 - 전도전복 - 전도,안전운전불이행,건조,맑음,단일로 - 기타,이륜,남,29세,부상신고,미분류,미분류,미분류,미분류
2018052000100232,2018년 5월 20일 13시,일요일,제주특별자치도 제주시 이도일동,경상사고,0,0,1,0,차대사람 - 기타,기타,건조,맑음,기타 - 기타,승용,남,63세,상해없음,보행자,여,27세,경상
2018052000100233,2018년 5월 20일 13시,일요일,제주특별자치도 제주시 연동,경상사고,0,0,1,0,차대차 - 기타,안전운전불이행,건조,맑음,기타 - 기타,승용,여,49세,상해없음,자전거,남,15세,경상
2018052000100293,2018년 5월 20일 15시,일요일,제주특별자치도 제주시 우도면,부상신고사고,0,0,0,1,차대차 - 추돌,안전운전불이행,건조,흐림,단일로 - 기타,이륜,남,71세,부상신고,이륜,남,61세,상해없음
2018052000100353,2018년 5월 20일 17시,일요일,제주특별자치도 서귀포시 서귀동,중상사고,0,1,0,0,차대차 - 측면충돌,기타,건조,맑음,교차로 - 교차로안,이륜,남,17세,중상,승용,남,58세,상해없음
2018052000100459,2018년 5월 20일 21시,일요일,제주특별자치도 서귀포시 강정동,경상사고,0,0,2,0,차대차 - 측면충돌,직진우회전진행방해,건조,흐림,교차로 - 교차로안,승용,남,65세,상해없음,승용,남,25세,상해없음
2018052000100486,2018년 5월 20일 22시,일요일,제주특별자치도 제주시 도련일동,경상사고,0,0,1,0,차대차 - 추돌,안전거리미확보,건조,맑음,단일로 - 기타,승용,남,72세,상해없음,승용,남,52세,경상
2018052000100487,2018년 5월 20일 22시,일요일,제주특별자치도 제주시 연동,경상사고,0,0,2,0,차대차 - 추돌,안전운전불이행,건조,맑음,단일로 - 기타,승용,여,45세,상해없음,승용,남,35세,경상
2018052100100007,2018년 5월 21일 00시,월요일,제주특별자치도 제주시 삼도일동,경상사고,0,0,1,0,차대사람 - 기타,안전운전불이행,건조,맑음,단일로 - 기타,승용,남,52세,상해없음,보행자,남,26세,경상
2018052100100031,2018년 5월 21일 03시,월요일,제주특별자치도 제주시 이도이동,경상사고,0,0,1,0,차대차 - 측면충돌,신호위반,건조,맑음,교차로 - 교차로안,승용,남,23세,상해없음,승용,여,55세,경상
2018052100100179,2018년 5월 21일 10시,월요일,제주특별자치도 서귀포시 강정동,경상사고,0,0,1,0,차대사람 - 기타,안전운전불이행,건조,맑음,교차로 - 교차로안,화물,남,36세,상해없음,보행자,남,75세,경상
2018052100100249,2018년 5월 21일 12시,월요일,제주특별자치도 서귀포시 토평동,경상사고,0,0,2,0,차대차 - 기타,중앙선침범,건조,맑음,단일로 - 기타,화물,남,50세,상해없음,승용,남,53세,상해없음
2018052100100322,2018년 5월 21일 14시,월요일,제주특별자치도 제주시 조천읍,경상사고,0,0,2,0,차대차 - 정면충돌,중앙선침범,건조,맑음,단일로 - 기타,승용,여,45세,상해없음,승용,남,50세,경상
2018052100100323,2018년 5월 21일 14시,월요일,제주특별자치도 서귀포시 대정읍,중상사고,0,1,0,0,차량단독 - 공작물충돌,안전운전불이행,건조,맑음,단일로 - 기타,화물,남,75세,중상,,,,
2018052100100351,2018년 5월 21일 15시,월요일,제주특별자치도 제주시 노형동,경상사고,0,0,1,1,차대차 - 측면충돌,신호위반,건조,맑음,교차로 - 교차로안,승용,남,41세,상해없음,승용,남,43세,부상신고
2018052100100471,2018년 5월 21일 18시,월요일,제주특별자치도 제주시 이도이동,경상사고,0,0,2,0,차대차 - 기타,안전거리미확보,건조,맑음,교차로 - 교차로부근,승용,남,24세,상해없음,이륜,남,20세,경상
2018052100100472,2018년 5월 21일 18시,월요일,제주특별자치도 서귀포시 동홍동,경상사고,0,0,3,0,차대차 - 기타,안전운전불이행,건조,맑음,교차로 - 교차로부근,승용,남,51세,상해없음,승용,남,33세,경상
2018052100100473,2018년 5월 21일 18시,월요일,제주특별자치도 서귀포시 남원읍,중상사고,0,7,0,2,차량단독 - 기타,안전운전불이행,건조,맑음,교차로 - 교차로부근,승합,남,66세,부상신고,,,,