사고번호,사고일시,요일,시군구,사고내용,사망자수,중상자수,경상자수,부상신고자수,사고유형,법규위반,노면상태,기상상태,도로형태,가해운전자 차종,가해운전자 성별,가해운전자 연령,가해운전자 상해정도,피해운전자 차종,피해운전자 성별,피해운전자 연령,피해운전자 상해정도
2018053100100503,2018년 5월 31일 17시,목요일,제주특별자치도 제주시 이도이동,경상사고,0,0,1,0,차대차 - 기타,신호위반,건조,맑음,교차로 - 교차로부근,승용,남,54세,상해없음,이륜,남,36세,경상
2018053100100547,2018년 5월 31일 18시,목요일,제주특별자치도 제주시 애월읍,중상사고,0,1,0,0,차대차 - 측면충돌,안전거리미확보,건조,맑음,교차로 - 교차로부근,이륜,남,69세,중상,승용,남,31세,상해없음
2018053100100650,2018년 5월 31일 21시,목요일,제주특별자치도 제주시 구좌읍,경상사고,0,0,3,0,차대차 - 기타,안전운전불이행,건조,맑음,교차로 - 교차로안,승용,여,41세,경상,승용,남,63세,경상
2018060100100044,2018년 6월 1일 02시,금요일,제주특별자치도 제주시 이도이동,경상사고,0,0,1,0,차대사람 - 기타,안전운전불이행,건조,맑음,교차로 - 교차로안,승용,남,28세,상해없음,보행자,남,36세,경상
2018060100100143,2018년 6월 1일 08시,금요일,제주특별자치도 제주시 한림읍,중상사고,0,1,0,0,차대사람 - 횡단중,안전운전불이행,건조,맑음,단일로 - 기타,화물,남,39세,상해없음,보행자,여,46세,중상
2018060100100144,2018년 6월 1일 08시,금요일,제주특별자치도 제주시 노형동,경상사고,0,0,1,0,차대차 - 측면충돌,직진우회전진행방해,건조,맑음,교차로 - 교차로안,승용,남,56세,상해없음,승용,여,52세,경상
2018060100100314,2018년 6월 1일 13시,금요일,제주특별자치도 제주시 봉개동,경상사고,0,0,1,0,차대차 - 측면충돌,교차로운행방법위반,건조,맑음,교차로 - 교차로부근,승용,여,55세,상해없음,승용,남,27세,경상
2018060100100353,2018년 6월 1일 14시,금요일,제주특별자치도 제주시 한림읍,중상사고,0,1,0,0,차대차 - 측면충돌,과속,건조,맑음,교차로 - 교차로안,승용,남,22세,상해없음,이륜,여,75세,중상
2018060100100354,2018년 6월 1일 14시,금요일,제주특별자치도 제주시 노형동,경상사고,0,0,1,0,차대차 - 기타,교차로운행방법위반,건조,맑음,교차로 - 교차로안,승용,여,19세,상해없음,승용,남,42세,경상
2018060100100438,2018년 6월 1일 16시,금요일,제주특별자치도 제주시 삼도일동,경상사고,0,0,1,0,차대차 - 측면충돌,안전거리미확보,건조,맑음,교차로 - 교차로안,승용,남,60세,상해없음,이륜,남,47세,경상
2018060100100534,2018년 6월 1일 18시,금요일,제주특별자치도 서귀포시 대정읍,경상사고,0,0,1,0,차대차 - 기타,직진우회전진행방해,건조,맑음,교차로 - 교차로안,이륜,여,74세,경상,승용,남,45세,상해없음
2018060100100687,2018년 6월 1일 22시,금요일,제주특별자치도 제주시 연동,경상사고,0,0,1,0,차대차 - 추돌,안전운전불이행,건조,맑음,교차로 - 교차로부근,승합,남,60세,상해없음,승용,남,36세,경상
2018060100100719,2018년 6월 1일 23시,금요일,제주특별자치도 제주시 봉개동,경상사고,0,0,2,0,차량단독 - 공작물충돌,안전운전불이행,건조,맑음,단일로 - 기타,승용,남,50세,상해없음,,,,
2018060200100048,2018년 6월 2일 02시,토요일,제주특별자치도 제주시 연동,부상신고사고,0,0,0,1,차대차 - 기타,안전운전불이행,건조,맑음,단일로 - 기타,승용,남,57세,부상신고,승용,남,22세,상해없음
2018060200100080,2018년 6월 2일 05시,토요일,제주특별자치도 제주시 오라일동,경상사고,0,0,3,0,차대차 - 기타,신호위반,건조,맑음,교차로 - 교차로안,승용,여,57세,상해없음,승용,남,60세,경상
2018060200100157,2018년 6월 2일 09시,토요일,제주특별자치도 서귀포시 서귀동,경상사고,0,0,1,0,차대사람 - 기타,보행자보호의무위반,건조,맑음,단일로 - 기타,승용,남,64세,상해없음,보행자,여,68세,경상
2018060200100192,2018년 6월 2일 10시,토요일,제주특별자치도 서귀포시 안덕면,경상사고,0,0,2,1,차대차 - 기타,신호위반,건조,맑음,교차로 - 교차로안,승용,남,56세,상해없음,승용,여,41세,경상
2018060200100193,2018년 6월 2일 10시,토요일,제주특별자치도 서귀포시 동홍동,중상사고,0,1,0,0,차대사람 - 기타,안전운전불이행,건조,맑음,교차로 - 교차로부근,승용,남,45세,상해없음,보행자,여,78세,중상
2018060200100243,2018년 6월 2일 11시,토요일,제주특별자치도 서귀포시 남원읍,중상사고,0,2,1,1,차대차 - 기타,안전거리미확보,건조,맑음,단일로 - 기타,화물,남,59세,부상신고,화물,남,62세,중상
2018060200100244,2018년 6월 2일 11시,토요일,제주특별자치도 제주시 해안동,경상사고,0,0,1,0,차대차 - 추돌,안전운전불이행,건조,맑음,단일로 - 기타,화물,남,65세,상해없음,승용,남,45세,경상
2018060200100406,2018년 6월 2일 15시,토요일,제주특별자치도 제주시 구좌읍,경상사고,0,0,1,0,차량단독 - 전도전복 - 전도,안전운전불이행,건조,맑음,단일로 - 기타,이륜,남,82세,경상,미분류,미분류,미분류,미분류
2018060200100462,2018년 6월 2일 16시,토요일,제주특별자치도 제주시 우도면,부상신고사고,0,0,0,1,차량단독 - 기타,안전운전불이행,건조,맑음,단일로 - 기타,이륜,남,28세,부상신고,,,,
2018060200100463,2018년 6월 2일 16시,토요일,제주특별자치도 제주시 연동,중상사고,0,1,0,0,차대사람 - 기타,안전운전불이행,건조,맑음,단일로 - 기타,승용,남,45세,상해없음,보행자,여,10세,중상
2018060200100570,2018년 6월 2일 18시,토요일,제주특별자치도 제주시 애월읍,중상사고,0,1,0,0,차대차 - 기타,안전운전불이행,건조,흐림,교차로 - 교차로부근,화물,여,46세,상해없음,이륜,남,52세,중상
2018060200100686,2018년 6월 2일 22시,토요일,제주특별자치도 서귀포시 동홍동,경상사고,0,0,1,3,차대차 - 기타,안전운전불이행,건조,맑음,교차로 - 교차로부근,기타불명,기타불명,미분류,기타불명,승용,남,24세,부상신고
2018060200100687,2018년 6월 2일 22시,토요일,제주특별자치도 서귀포시 남원읍,경상사고,0,0,1,0,차대차 - 측면충돌,차로위반,건조,맑음,단일로 - 기타,승용,여,39세,상해없음,승용,여,28세,경상
2018060300100024,2018년 6월 3일 01시,일요일,제주특별자치도 제주시 연동,경상사고,0,0,1,1,차대차 - 추돌,안전운전불이행,건조,맑음,교차로 - 교차로부근,승용,남,32세,상해없음,승용,남,27세,경상
2018060300100043,2018년 6월 3일 03시,일요일,제주특별자치도 제주시 이도이동,경상사고,0,0,1,0,차대사람 - 기타,안전운전불이행,건조,맑음,교차로 - 교차로부근,승합,남,66세,상해없음,보행자,여,25세,경상
2018060300100147,2018년 6월 3일 10시,일요일,제주특별자치도 제주시 용담이동,경상사고,0,0,1,0,차대차 - 기타,안전운전불이행,건조,맑음,단일로 - 기타,승용,남,61세,상해없음,승합,남,45세,상해없음
2018060300100169,2018년 6월 3일 11시,일요일,제주특별자치도 제주시 도련일동,중상사고,0,1,0,0,차대사람 - 기타,안전운전불이행,건조,맑음,기타 - 기타,자전거,남,14세,상해없음,보행자,여,45세,중상
2018060300100193,2018년 6월 3일 12시,일요일,제주특별자치도 제주시 용담삼동,경상사고,0,0,2,0,차대차 - 기타,직진우회전진행방해,건조,맑음,교차로 - 교차로안,이륜,여,29세,경상,승용,남,44세,상해없음
2018060300100223,2018년 6월 3일 13시,일요일,제주특별자치도 제주시 구좌읍,중상사고,0,1,1,0,차대차 - 기타,안전운전불이행,건조,맑음,단일로 - 기타,승용,여,25세,기타불명,승용,남,28세,경상
2018060300100253,2018년 6월 3일 14시,일요일,제주특별자치도 제주시 용담이동,경상사고,0,0,3,1,차대차 - 정면충돌,중앙선침범,건조,맑음,단일로 - 기타,이륜,남,30세,부상신고,승합,남,31세,경상
2018060300100284,2018년 6월 3일 15시,일요일,제주특별자치도 제주시 우도면,중상사고,0,2,0,0,차대차 - 기타,안전운전불이행,건조,맑음,단일로 - 기타,이륜,여,25세,상해없음,이륜,남,31세,중상
2018060300100285,2018년 6월 3일 15시,일요일,제주특별자치도 서귀포시 표선면,중상사고,0,2,2,0,차대차 - 측면충돌,안전운전불이행,건조,맑음,단일로 - 기타,승용,여,56세,상해없음,승용,남,66세,경상
2018060300100286,2018년 6월 3일 15시,일요일,제주특별자치도 제주시 한림읍,경상사고,0,0,1,0,차량단독 - 공작물충돌,안전운전불이행,건조,맑음,단일로 - 기타,승용,남,26세,경상,,,,
2018060300100316,2018년 6월 3일 16시,일요일,제주특별자치도 제주시 삼도일동,경상사고,0,0,1,0,차대차 - 측면충돌,기타,건조,맑음,단일로 - 기타,승용,남,69세,상해없음,승용,여,53세,경상
2018060300100317,2018년 6월 3일 16시,일요일,제주특별자치도 제주시 외도일동,경상사고,0,0,1,0,차대사람 - 횡단중,안전운전불이행,건조,맑음,기타 - 기타,승용,남,65세,상해없음,보행자,여,7세,경상
2018060300100353,2018년 6월 3일 17시,일요일,제주특별자치도 제주시 구좌읍,중상사고,0,1,0,0,차대차 - 측면충돌,교차로운행방법위반,건조,맑음,교차로 - 교차로안,이륜,여,68세,중상,승용,남,21세,상해없음
2018060300100354,2018년 6월 3일 17시,일요일,제주특별자치도 서귀포시 성산읍,경상사고,0,0,2,0,차대차 - 측면충돌,직진우회전진행방해,건조,맑음,교차로 - 교차로안,승용,남,58세,상해없음,승용,여,24세,경상
2018060300100413,2018년 6월 3일 19시,일요일,제주특별자치도 제주시 삼양이동,경상사고,0,0,1,0,차대사람 - 기타,안전운전불이행,건조,맑음,단일로 - 기타,승용,남,55세,상해없음,보행자,남,35세,경상
2018060300100443,2018년 6월 3일 20시,일요일,제주특별자치도 서귀포시 남원읍,경상사고,0,0,2,2,차대차 - 정면충돌,중앙선침범,건조,맑음,단일로 - 기타,승용,남,56세,상해없음,승합,남,59세,경상
2018060300100477,2018년 6월 3일 21시,일요일,제주특별자치도 제주시 내도동,경상사고,0,0,1,0,차대차 - 정면충돌,중앙선침범,건조,맑음,단일로 - 기타,승용,남,42세,상해없음,승용,남,33세,경상
2018060300100494,2018년 6월 3일 22시,일요일,제주특별자치도 제주시 연동,중상사고,0,1,0,0,차대차 - 측면충돌,안전거리미확보,건조,맑음,단일로 - 기타,승용,남,43세,상해없음,이륜,남,48세,중상
2018060400100051,2018년 6월 4일 06시,월요일,제주특별자치도 제주시 화북이동,경상사고,0,0,2,0,차대차 - 측면충돌,교차로운행방법위반,건조,맑음,교차로 - 교차로안,승용,여,47세,경상,승용,남,39세,경상
2018060400100095,2018년 6월 4일 07시,월요일,제주특별자치도 제주시 한림읍,중상사고,0,2,0,0,차량단독 - 공작물충돌,안전운전불이행,건조,맑음,단일로 - 기타,승용,남,24세,중상,,,,
2018060400100149,2018년 6월 4일 08시,월요일,제주특별자치도 서귀포시 동홍동,중상사고,0,1,1,0,차대사람 - 차도통행중,중앙선침범,건조,맑음,교차로 - 교차로안,화물,남,62세,상해없음,보행자,여,11세,중상
2018060400100278,2018년 6월 4일 12시,월요일,제주특별자치도 제주시 조천읍,경상사고,0,0,1,0,차대사람 - 횡단중,안전운전불이행,건조,맑음,단일로 - 기타,승용,남,57세,상해없음,보행자,여,53세,경상
2018060400100279,2018년 6월 4일 12시,월요일,제주특별자치도 제주시 건입동,중상사고,0,1,1,1,차대차 - 측면충돌,안전거리미확보,건조,맑음,단일로 - 기타,화물,남,26세,부상신고,승용,남,49세,중상
2018060400100280,2018년 6월 4일 12시,월요일,제주특별자치도 제주시 아라일동,경상사고,0,0,2,0,차대차 - 추돌,안전거리미확보,건조,맑음,단일로 - 기타,승합,남,79세,상해없음,승용,여,46세,경상
2018060400100281,2018년 6월 4일 12시,월요일,제주특별자치도 제주시 이도이동,경상사고,0,0,1,0,차대차 - 측면충돌,직진우회전진행방해,건조,맑음,교차로 - 교차로안,승용,남,56세,상해없음,승용,남,47세,상해없음
2018060400100282,2018년 6월 4일 12시,월요일,제주특별자치도 제주시 이도이동,경상사고,0,0,1,0,차대차 - 측면충돌,차로위반,건조,맑음,단일로 - 기타,승용,여,50세,상해없음,승용,여,53세,경상
2018060400100355,2018년 6월 4일 14시,월요일,제주특별자치도 제주시 이호이동,경상사고,0,0,1,0,차대사람 - 기타,보행자보호의무위반,건조,맑음,교차로 - 교차로부근,승용,남,45세,기타불명,보행자,여,61세,경상
2018060400100381,2018년 6월 4일 15시,월요일,제주특별자치도 제주시 애월읍,경상사고,0,0,1,0,차대차 - 측면충돌,신호위반,건조,맑음,교차로 - 교차로안,승용,남,55세,상해없음,이륜,남,76세,경상
2018060400100630,2018년 6월 4일 22시,월요일,제주특별자치도 제주시 용담삼동,경상사고,0,0,3,0,차대차 - 기타,직진우회전진행방해,건조,맑음,교차로 - 교차로안,승용,남,34세,경상,승합,남,45세,경상
2018060500100098,2018년 6월 5일 07시,화요일,제주특별자치도 제주시 도두일동,중상사고,0,1,0,0,차대차 - 추돌,안전운전불이행,건조,맑음,단일로 - 기타,승용,남,57세,상해없음,승용,남,47세,중상
2018060500100179,2018년 6월 5일 09시,화요일,제주특별자치도 제주시 노형동,중상사고,0,1,0,0,차대사람 - 보도통행중,보행자보호의무위반,젖음/습기,비,단일로 - 기타,화물,남,37세,상해없음,보행자,남,27세,중상
2018060500100262,2018년 6월 5일 12시,화요일,제주특별자치도 제주시 화북이동,중상사고,0,1,0,0,차량단독 - 공작물충돌,안전운전불이행,젖음/습기,비,단일로 - 기타,승용,여,37세,중상,,,,
2018060500100263,2018년 6월 5일 12시,화요일,제주특별자치도 서귀포시 안덕면,중상사고,0,1,0,0,차대차 - 기타,교차로운행방법위반,건조,맑음,교차로 - 교차로안,화물,남,38세,상해없음,승합,남,60세,상해없음
2018060500100372,2018년 6월 5일 15시,화요일,제주특별자치도 서귀포시 안덕면,부상신고사고,0,0,0,1,차량단독 - 공작물충돌,안전운전불이행,건조,맑음,단일로 - 기타,승용,남,54세,부상신고,,,,
2018060500100459,2018년 6월 5일 17시,화요일,제주특별자치도 제주시 이도이동,경상사고,0,0,1,0,차량단독 - 기타,직진우회전진행방해,건조,맑음,교차로 - 교차로안,승용,남,56세,상해없음,,,,
2018060500100554,2018년 6월 5일 19시,화요일,제주특별자치도 서귀포시 남원읍,중상사고,0,1,1,0,차대차 - 측면충돌,기타,건조,맑음,교차로 - 교차로안,승용,남,58세,경상,승용,여,26세,중상
2018060500100555,2018년 6월 5일 19시,화요일,제주특별자치도 제주시 한림읍,경상사고,0,0,1,0,차대차 - 기타,교차로운행방법위반,건조,흐림,교차로 - 교차로안,이륜,여,65세,경상,이륜,남,64세,상해없음
2018060500100612,2018년 6월 5일 21시,화요일,제주특별자치도 제주시 노형동,부상신고사고,0,0,0,1,차대차 - 정면충돌,안전운전불이행,건조,맑음,기타 - 기타,이륜,남,18세,상해없음,승용,남,43세,상해없음
2018060600100079,2018년 6월 6일 04시,수요일,제주특별자치도 제주시 연동,경상사고,0,0,1,0,차대사람 - 횡단중,안전운전불이행,건조,맑음,단일로 - 기타,승용,여,60세,상해없음,보행자,남,37세,경상
2018060600100124,2018년 6월 6일 07시,수요일,제주특별자치도 제주시 조천읍,경상사고,0,0,2,0,차대차 - 기타,안전운전불이행,건조,맑음,단일로 - 기타,화물,남,46세,상해없음,화물,여,50세,경상
2018060600100125,2018년 6월 6일 07시,수요일,제주특별자치도 제주시 조천읍,경상사고,0,0,1,0,차대차 - 기타,안전운전불이행,건조,맑음,단일로 - 기타,화물,남,53세,상해없음,화물,남,68세,경상
2018060600100245,2018년 6월 6일 12시,수요일,제주특별자치도 서귀포시 성산읍,중상사고,0,1,0,0,차대차 - 기타,안전운전불이행,건조,맑음,교차로 - 교차로부근,이륜,여,61세,중상,승용,여,30세,상해없음
2018060600100246,2018년 6월 6일 12시,수요일,제주특별자치도 제주시 애월읍,경상사고,0,0,1,0,차대사람 - 기타,보행자보호의무위반,건조,맑음,교차로 - 교차로횡단보도내,승용,남,33세,상해없음,보행자,남,3세,경상
2018060600100269,2018년 6월 6일 13시,수요일,제주특별자치도 제주시 이도이동,중상사고,0,2,0,0,차대차 - 측면충돌,안전거리미확보,건조,맑음,단일로 - 기타,승용,남,67세,상해없음,승용,남,35세,중상
2018060600100270,2018년 6월 6일 13시,수요일,제주특별자치도 제주시 해안동,경상사고,0,0,1,0,차대차 - 측면충돌,교차로운행방법위반,건조,맑음,교차로 - 교차로안,승용,여,33세,상해없음,승용,여,50세,경상
2018060600100357,2018년 6월 6일 15시,수요일,제주특별자치도 서귀포시 남원읍,경상사고,0,0,1,0,차대차 - 측면충돌,직진우회전진행방해,건조,맑음,교차로 - 교차로안,이륜,여,72세,경상,승용,남,25세,상해없음
2018060600100358,2018년 6월 6일 15시,수요일,제주특별자치도 서귀포시 토평동,중상사고,0,1,0,0,차대차 - 기타,기타,건조,맑음,교차로 - 교차로안,승용,남,57세,상해없음,이륜,여,70세,중상
2018060600100394,2018년 6월 6일 16시,수요일,제주특별자치도 제주시 애월읍,경상사고,0,0,2,0,차대차 - 추돌,안전거리미확보,건조,맑음,단일로 - 기타,화물,남,66세,상해없음,승용,여,32세,경상
2018060600100395,2018년 6월 6일 16시,수요일,제주특별자치도 제주시 외도일동,경상사고,0,0,1,0,차대사람 - 기타,안전운전불이행,건조,맑음,단일로 - 기타,승용,여,37세,상해없음,보행자,남,10세,경상
2018060600100428,2018년 6월 6일 17시,수요일,제주특별자치도 서귀포시 안덕면,경상사고,0,0,9,0,차대차 - 기타,직진우회전진행방해,건조,맑음,교차로 - 교차로안,승용,여,42세,경상,승용,남,69세,경상
2018060600100462,2018년 6월 6일 18시,수요일,제주특별자치도 서귀포시 성산읍,중상사고,0,1,0,0,차대사람 - 차도통행중,보행자보호의무위반,건조,맑음,단일로 - 기타,승용,여,55세,상해없음,보행자,여,79세,중상
2018060600100537,2018년 6월 6일 21시,수요일,제주특별자치도 제주시 노형동,경상사고,0,0,1,0,차대차 - 추돌,안전거리미확보,건조,맑음,교차로 - 교차로안,승용,남,54세,상해없음,승용,남,43세,경상
2018060700100057,2018년 6월 7일 06시,목요일,제주특별자치도 제주시 연동,경상사고,0,0,1,1,차량단독 - 공작물충돌,안전운전불이행,건조,맑음,교차로 - 교차로부근,이륜,여,45세,부상신고,,,,
2018060700100116,2018년 6월 7일 08시,목요일,제주특별자치도 서귀포시 동홍동,경상사고,0,0,1,0,차대차 - 기타,교차로운행방법위반,건조,맑음,교차로 - 교차로안,승용,여,25세,경상,화물,남,45세,상해없음
2018060700100117,2018년 6월 7일 08시,목요일,제주특별자치도 제주시 노형동,경상사고,0,0,1,0,차대사람 - 기타,안전운전불이행,건조,맑음,기타 - 기타,승용,여,65세,상해없음,보행자,남,62세,경상
2018060700100188,2018년 6월 7일 10시,목요일,제주특별자치도 서귀포시 성산읍,경상사고,0,0,1,0,차대사람 - 기타,안전운전불이행,건조,맑음,교차로 - 교차로부근,승용,여,51세,상해없음,보행자,남,53세,경상
2018060700100221,2018년 6월 7일 11시,목요일,제주특별자치도 제주시 도두일동,경상사고,0,0,1,0,차대사람 - 기타,안전운전불이행,건조,맑음,단일로 - 기타,승용,남,65세,상해없음,보행자,남,49세,경상
2018060700100281,2018년 6월 7일 13시,목요일,제주특별자치도 제주시 연동,경상사고,0,0,1,0,차대사람 - 길가장자리구역통행중,안전운전불이행,건조,맑음,단일로 - 기타,승용,남,65세,상해없음,보행자,여,36세,경상
2018060700100282,2018년 6월 7일 13시,목요일,제주특별자치도 제주시 노형동,경상사고,0,0,1,0,차대차 - 측면충돌,안전거리미확보,건조,맑음,단일로 - 기타,화물,남,29세,상해없음,승용,남,34세,경상
2018060700100377,2018년 6월 7일 16시,목요일,제주특별자치도 제주시 이도이동,경상사고,0,0,1,0,차대사람 - 기타,안전운전불이행,건조,맑음,단일로 - 기타,승용,여,41세,상해없음,보행자,여,47세,경상
2018060700100378,2018년 6월 7일 16시,목요일,제주특별자치도 제주시 일도이동,경상사고,0,0,1,0,차대차 - 측면충돌,직진우회전진행방해,건조,맑음,교차로 - 교차로안,승용,여,36세,상해없음,승용,여,59세,경상
2018060700100410,2018년 6월 7일 17시,목요일,제주특별자치도 제주시 아라이동,경상사고,0,0,2,0,차대차 - 정면충돌,신호위반,건조,맑음,교차로 - 교차로안,승용,여,53세,경상,승용,여,29세,경상
2018060700100411,2018년 6월 7일 17시,목요일,제주특별자치도 서귀포시 서귀동,경상사고,0,0,1,0,차대차 - 기타,기타,건조,맑음,단일로 - 기타,이륜,남,52세,경상,승용,여,56세,상해없음
2018060700100412,2018년 6월 7일 17시,목요일,제주특별자치도 제주시 애월읍,경상사고,0,0,1,0,차대차 - 측면충돌,안전거리미확보,건조,맑음,단일로 - 기타,특수,남,40세,상해없음,특수,남,37세,경상
2018060700100453,2018년 6월 7일 18시,목요일,제주특별자치도 제주시 구좌읍,경상사고,0,0,3,0,차대차 - 측면충돌,직진우회전진행방해,건조,맑음,교차로 - 교차로안,승용,남,38세,경상,승용,남,62세,경상
2018060700100454,2018년 6월 7일 18시,목요일,제주특별자치도 제주시 오라일동,부상신고사고,0,0,0,1,차대차 - 기타,안전운전불이행,건조,맑음,단일로 - 기타,승용,여,35세,부상신고,화물,남,31세,상해없음
2018060700100455,2018년 6월 7일 18시,목요일,제주특별자치도 제주시 연동,경상사고,0,0,1,0,차대차 - 측면충돌,안전운전불이행,건조,맑음,기타 - 기타,화물,여,57세,상해없음,승용,여,55세,경상
2018060700100489,2018년 6월 7일 19시,목요일,제주특별자치도 제주시 이도이동,중상사고,0,1,0,0,차대차 - 기타,신호위반,건조,맑음,교차로 - 교차로안,승용,남,66세,상해없음,이륜,남,36세,중상
2018060800100131,2018년 6월 8일 08시,금요일,제주특별자치도 제주시 노형동,중상사고,0,1,1,0,차대차 - 기타,직진우회전진행방해,건조,맑음,교차로 - 교차로안,승용,남,61세,상해없음,승용,여,44세,경상
2018060800100182,2018년 6월 8일 09시,금요일,제주특별자치도 제주시 구좌읍,경상사고,0,0,1,0,차대차 - 추돌,안전운전불이행,건조,맑음,단일로 - 기타,승합,남,64세,상해없음,승용,남,31세,경상
2018060800100183,2018년 6월 8일 09시,금요일,제주특별자치도 서귀포시 강정동,경상사고,0,0,7,0,차대차 - 기타,안전거리미확보,건조,맑음,단일로 - 기타,승합,남,63세,상해없음,승용,남,43세,경상
2018060800100184,2018년 6월 8일 09시,금요일,제주특별자치도 서귀포시 남원읍,경상사고,0,0,1,0,차량단독 - 기타,안전운전불이행,건조,맑음,단일로 - 기타,농기계,남,75세,경상,,,,
2018060800100217,2018년 6월 8일 10시,금요일,제주특별자치도 제주시 도두이동,경상사고,0,0,1,0,차대사람 - 차도통행중,안전운전불이행,건조,맑음,기타 - 기타,기타불명,기타불명,미분류,기타불명,보행자,여,73세,경상
2018060800100251,2018년 6월 8일 11시,금요일,제주특별자치도 제주시 애월읍,중상사고,0,1,0,0,차대차 - 측면충돌,안전운전불이행,건조,맑음,기타 - 기타,승용,여,27세,상해없음,이륜,남,46세,중상
2018060800100354,2018년 6월 8일 14시,금요일,제주특별자치도 제주시 이도이동,경상사고,0,0,1,0,차량단독 - 기타,안전운전불이행,건조,맑음,교차로 - 교차로부근,이륜,남,36세,경상,,,,
2018060800100355,2018년 6월 8일 14시,금요일,제주특별자치도 서귀포시 서홍동,경상사고,0,0,1,0,차대사람 - 기타,안전운전불이행,건조,맑음,기타 - 기타,자전거,남,61세,상해없음,보행자,남,7세,경상
2018060800100384,2018년 6월 8일 15시,금요일,제주특별자치도 제주시 애월읍,중상사고,0,1,1,2,차대차 - 정면충돌,안전운전불이행,건조,맑음,단일로 - 기타,승용,남,27세,부상신고,승용,여,56세,중상
2018060800100486,2018년 6월 8일 17시,금요일,제주특별자치도 제주시 애월읍,경상사고,0,0,6,0,차대차 - 측면충돌,신호위반,건조,맑음,교차로 - 교차로안,화물,남,29세,경상,화물,남,63세,경상
2018060800100539,2018년 6월 8일 18시,금요일,제주특별자치도 제주시 애월읍,중상사고,0,1,2,0,차대차 - 측면충돌,직진우회전진행방해,건조,맑음,교차로 - 교차로안,승용,여,55세,상해없음,승용,남,23세,중상
2018060800100540,2018년 6월 8일 18시,금요일,제주특별자치도 제주시 애월읍,부상신고사고,0,0,0,4,차대차 - 추돌,안전거리미확보,건조,맑음,단일로 - 기타,승용,여,45세,부상신고,승용,여,34세,부상신고
2018060800100607,2018년 6월 8일 20시,금요일,제주특별자치도 제주시 연동,중상사고,0,1,0,0,차대사람 - 횡단중,안전운전불이행,건조,맑음,단일로 - 기타,승용,여,40세,상해없음,보행자,남,49세,중상
2018060800100608,2018년 6월 8일 20시,금요일,제주특별자치도 제주시 외도일동,중상사고,0,1,2,0,차량단독 - 기타,안전운전불이행,건조,맑음,단일로 - 교량,승합,남,52세,상해없음,,,,
2018060800100644,2018년 6월 8일 21시,금요일,제주특별자치도 제주시 일도이동,중상사고,0,1,0,0,차대차 - 측면충돌,안전운전불이행,건조,맑음,단일로 - 기타,승용,여,40세,상해없음,이륜,남,25세,중상
2018060800100645,2018년 6월 8일 21시,금요일,제주특별자치도 제주시 용담일동,경상사고,0,0,1,0,차대사람 - 횡단중,보행자보호의무위반,건조,맑음,교차로 - 교차로횡단보도내,승용,남,53세,상해없음,보행자,남,61세,경상
2018060800100677,2018년 6월 8일 22시,금요일,제주특별자치도 제주시 연동,부상신고사고,0,0,0,3,차대차 - 기타,직진우회전진행방해,건조,흐림,교차로 - 교차로안,승용,남,36세,상해없음,승합,남,29세,부상신고
2018060900100070,2018년 6월 9일 04시,토요일,제주특별자치도 서귀포시 동홍동,중상사고,0,1,0,0,차대차 - 기타,신호위반,건조,맑음,교차로 - 교차로안,승용,남,25세,상해없음,승용,여,24세,중상
2018060900100085,2018년 6월 9일 05시,토요일,제주특별자치도 서귀포시 남원읍,경상사고,0,0,1,0,차량단독 - 공작물충돌,안전운전불이행,건조,맑음,단일로 - 기타,농기계,남,81세,경상,,,,
2018060900100104,2018년 6월 9일 07시,토요일,제주특별자치도 제주시 구좌읍,중상사고,0,1,0,0,차대사람 - 기타,안전운전불이행,건조,맑음,단일로 - 기타,화물,남,48세,상해없음,보행자,남,50세,중상
2018060900100187,2018년 6월 9일 10시,토요일,제주특별자치도 제주시 아라일동,경상사고,0,0,2,0,차대차 - 측면충돌,신호위반,건조,맑음,교차로 - 교차로안,승용,여,43세,경상,승용,여,33세,경상
2018060900100299,2018년 6월 9일 13시,토요일,제주특별자치도 제주시 이도이동,경상사고,0,0,1,0,차대차 - 측면충돌,기타,건조,맑음,단일로 - 기타,승용,남,64세,상해없음,원동기,남,30세,경상
2018060900100392,2018년 6월 9일 16시,토요일,제주특별자치도 제주시 노형동,경상사고,0,0,5,0,차대차 - 측면충돌,안전운전불이행,건조,맑음,단일로 - 기타,승용,남,53세,상해없음,승용,여,38세,경상
2018060900100433,2018년 6월 9일 17시,토요일,제주특별자치도 제주시 삼양일동,경상사고,0,0,1,0,차대차 - 기타,안전운전불이행,건조,맑음,단일로 - 기타,자전거,남,15세,경상,화물,남,65세,상해없음
2018060900100434,2018년 6월 9일 17시,토요일,제주특별자치도 제주시 조천읍,중상사고,0,2,1,0,차대차 - 정면충돌,중앙선침범,건조,맑음,단일로 - 기타,승용,남,62세,상해없음,승용,여,66세,중상