사고번호,사고일시,요일,시군구,사고내용,사망자수,중상자수,경상자수,부상신고자수,사고유형,법규위반,노면상태,기상상태,도로형태,가해운전자 차종,가해운전자 성별,가해운전자 연령,가해운전자 상해정도,피해운전자 차종,피해운전자 성별,피해운전자 연령,피해운전자 상해정도
2018062700100153,2018년 6월 27일 09시,수요일,제주특별자치도 제주시 노형동,경상사고,0,0,2,0,차대차 - 측면충돌,직진우회전진행방해,젖음/습기,비,교차로 - 교차로안,승용,여,27세,경상,승용,여,31세,경상
2018062700100198,2018년 6월 27일 11시,수요일,제주특별자치도 제주시 일도이동,경상사고,0,0,1,0,차대차 - 추돌,안전거리미확보,젖음/습기,비,단일로 - 기타,승용,남,50세,상해없음,화물,남,26세,상해없음
2018062700100476,2018년 6월 27일 20시,수요일,제주특별자치도 서귀포시 서귀동,중상사고,0,1,0,0,차대사람 - 기타,안전운전불이행,젖음/습기,흐림,단일로 - 기타,승용,남,24세,상해없음,보행자,남,58세,중상
2018062700100477,2018년 6월 27일 20시,수요일,제주특별자치도 제주시 연동,경상사고,0,0,1,0,차대차 - 추돌,안전운전불이행,건조,맑음,단일로 - 기타,승용,여,26세,상해없음,이륜,남,23세,경상
2018062700100569,2018년 6월 27일 23시,수요일,제주특별자치도 제주시 도련일동,중상사고,0,2,0,0,차대차 - 측면충돌,신호위반,건조,맑음,교차로 - 교차로안,이륜,남,18세,중상,승용,여,48세,상해없음
2018062800100064,2018년 6월 28일 05시,목요일,제주특별자치도 제주시 노형동,경상사고,0,0,1,0,차대차 - 측면충돌,교차로운행방법위반,건조,맑음,교차로 - 교차로안,이륜,남,53세,경상,승용,남,49세,상해없음
2018062800100142,2018년 6월 28일 08시,목요일,제주특별자치도 제주시 노형동,경상사고,0,0,2,0,차대차 - 기타,직진우회전진행방해,젖음/습기,비,교차로 - 교차로안,승용,남,43세,상해없음,승용,여,39세,경상
2018062800100169,2018년 6월 28일 09시,목요일,제주특별자치도 제주시 애월읍,부상신고사고,0,0,0,1,차대차 - 측면충돌,안전운전불이행,젖음/습기,비,단일로 - 기타,승용,남,53세,상해없음,승용,남,44세,부상신고
2018062800100233,2018년 6월 28일 11시,목요일,제주특별자치도 제주시 노형동,경상사고,0,0,2,0,차대차 - 추돌,안전거리미확보,젖음/습기,비,기타 - 기타,승용,여,55세,경상,화물,남,39세,경상
2018062800100278,2018년 6월 28일 13시,목요일,제주특별자치도 서귀포시 남원읍,중상사고,0,1,0,0,차대차 - 기타,중앙선침범,젖음/습기,비,기타 - 기타,승용,여,51세,상해없음,승용,남,51세,중상
2018062800100304,2018년 6월 28일 14시,목요일,제주특별자치도 제주시 한경면,경상사고,0,0,3,0,차대차 - 추돌,교차로운행방법위반,젖음/습기,비,교차로 - 교차로안,승용,여,56세,경상,승용,남,38세,상해없음
2018062800100305,2018년 6월 28일 14시,목요일,제주특별자치도 제주시 연동,경상사고,0,0,1,0,차대차 - 측면충돌,직진우회전진행방해,건조,맑음,교차로 - 교차로안,화물,남,56세,상해없음,승합,남,29세,경상
2018062800100306,2018년 6월 28일 14시,목요일,제주특별자치도 제주시 노형동,경상사고,0,0,2,0,차대차 - 기타,안전운전불이행,젖음/습기,비,단일로 - 기타,화물,남,54세,경상,승용,남,58세,경상
2018062800100324,2018년 6월 28일 15시,목요일,제주특별자치도 제주시 연동,중상사고,0,1,0,0,차대사람 - 기타,안전운전불이행,젖음/습기,비,단일로 - 기타,승합,남,54세,상해없음,보행자,여,28세,중상
2018062800100476,2018년 6월 28일 19시,목요일,제주특별자치도 제주시 구좌읍,중상사고,0,3,1,0,차대차 - 기타,신호위반,젖음/습기,흐림,교차로 - 교차로안,승용,남,54세,경상,승용,남,28세,중상
2018062900100016,2018년 6월 29일 00시,금요일,제주특별자치도 서귀포시 표선면,중상사고,0,1,0,1,차량단독 - 공작물충돌,안전운전불이행,젖음/습기,비,단일로 - 기타,승용,남,33세,부상신고,,,,
2018062900100026,2018년 6월 29일 01시,금요일,제주특별자치도 제주시 한림읍,경상사고,0,0,2,0,차대차 - 기타,직진우회전진행방해,젖음/습기,비,교차로 - 교차로안,화물,남,48세,경상,승용,여,54세,상해없음
2018062900100081,2018년 6월 29일 07시,금요일,제주특별자치도 제주시 한림읍,경상사고,0,0,1,0,차대차 - 측면충돌,안전운전불이행,건조,맑음,교차로 - 교차로부근,승용,남,66세,상해없음,화물,남,47세,경상
2018062900100133,2018년 6월 29일 08시,금요일,제주특별자치도 제주시 오라삼동,경상사고,0,0,1,0,차대사람 - 기타,안전운전불이행,건조,맑음,주차장 - 주차장,승용,남,59세,상해없음,보행자,여,25세,경상
2018062900100180,2018년 6월 29일 10시,금요일,제주특별자치도 제주시 봉개동,경상사고,0,0,1,0,차대차 - 측면충돌,중앙선침범,건조,맑음,단일로 - 기타,승용,남,23세,상해없음,승용,남,29세,경상
2018062900100181,2018년 6월 29일 10시,금요일,제주특별자치도 서귀포시 동홍동,중상사고,0,1,0,0,차대차 - 측면충돌,안전운전불이행,젖음/습기,비,교차로 - 교차로안,승용,남,80세,상해없음,화물,남,38세,중상
2018062900100239,2018년 6월 29일 12시,금요일,제주특별자치도 제주시 한림읍,경상사고,0,0,1,0,차대차 - 측면충돌,중앙선침범,건조,맑음,교차로 - 교차로부근,승용,남,43세,상해없음,이륜,남,78세,경상
2018062900100274,2018년 6월 29일 13시,금요일,제주특별자치도 제주시 용담이동,경상사고,0,0,1,0,차대차 - 측면충돌,안전운전불이행,건조,맑음,교차로 - 교차로안,화물,남,35세,상해없음,승용,여,49세,경상
2018062900100348,2018년 6월 29일 15시,금요일,제주특별자치도 제주시 화북이동,경상사고,0,0,1,0,차대차 - 측면충돌,안전운전불이행,건조,맑음,교차로 - 교차로부근,이륜,남,69세,경상,승용,남,43세,상해없음
2018062900100349,2018년 6월 29일 15시,금요일,제주특별자치도 제주시 한림읍,중상사고,0,1,0,0,차대사람 - 기타,안전운전불이행,건조,흐림,단일로 - 기타,화물,남,49세,상해없음,보행자,여,85세,중상
2018062900100387,2018년 6월 29일 16시,금요일,제주특별자치도 서귀포시 서귀동,경상사고,0,0,1,0,차대사람 - 보도통행중,보행자보호의무위반,건조,흐림,교차로 - 교차로횡단보도내,승용,여,46세,상해없음,보행자,남,14세,경상
2018062900100388,2018년 6월 29일 16시,금요일,제주특별자치도 제주시 노형동,경상사고,0,0,2,1,차대차 - 기타,직진우회전진행방해,건조,맑음,교차로 - 교차로안,승용,남,34세,상해없음,승용,남,38세,경상
2018062900100432,2018년 6월 29일 17시,금요일,제주특별자치도 제주시 연동,경상사고,0,0,1,1,차대차 - 기타,안전거리미확보,건조,맑음,교차로 - 교차로부근,승용,남,47세,상해없음,승용,여,22세,경상
2018062900100481,2018년 6월 29일 18시,금요일,제주특별자치도 제주시 조천읍,경상사고,0,0,1,0,차대차 - 추돌,안전운전불이행,건조,맑음,교차로 - 교차로부근,승용,남,31세,상해없음,승용,여,51세,경상
2018063000100082,2018년 6월 30일 05시,토요일,제주특별자치도 제주시 연동,경상사고,0,0,1,0,차량단독 - 기타,안전운전불이행,건조,맑음,단일로 - 기타,자전거,남,63세,경상,,,,
2018063000100103,2018년 6월 30일 07시,토요일,제주특별자치도 제주시 연동,경상사고,0,0,1,0,차대차 - 기타,중앙선침범,건조,맑음,단일로 - 기타,승용,남,59세,상해없음,승용,남,60세,경상
2018063000100165,2018년 6월 30일 10시,토요일,제주특별자치도 제주시 노형동,경상사고,0,0,1,0,차대차 - 기타,교차로운행방법위반,건조,맑음,교차로 - 교차로부근,승용,남,70세,상해없음,승용,남,49세,경상
2018063000100229,2018년 6월 30일 12시,토요일,제주특별자치도 제주시 구좌읍,중상사고,0,1,0,0,차대차 - 기타,직진우회전진행방해,젖음/습기,흐림,교차로 - 교차로부근,승합,남,28세,상해없음,이륜,남,32세,중상
2018063000100230,2018년 6월 30일 12시,토요일,제주특별자치도 서귀포시 동홍동,중상사고,0,1,0,0,차대사람 - 횡단중,보행자보호의무위반,건조,맑음,교차로 - 교차로횡단보도내,승용,남,58세,상해없음,보행자,여,31세,중상
2018063000100262,2018년 6월 30일 13시,토요일,제주특별자치도 제주시 아라일동,경상사고,0,0,1,0,차대차 - 기타,교차로운행방법위반,건조,맑음,교차로 - 교차로안,이륜,남,54세,경상,승용,남,38세,상해없음
2018063000100263,2018년 6월 30일 13시,토요일,제주특별자치도 서귀포시 색달동,중상사고,0,1,0,1,차대차 - 기타,안전운전불이행,젖음/습기,흐림,단일로 - 기타,승용,여,56세,부상신고,화물,남,43세,중상
2018063000100264,2018년 6월 30일 13시,토요일,제주특별자치도 제주시 해안동,부상신고사고,0,0,0,1,차대차 - 기타,안전거리미확보,젖음/습기,비,단일로 - 기타,화물,남,62세,상해없음,승용,남,65세,부상신고
2018063000100473,2018년 6월 30일 20시,토요일,제주특별자치도 제주시 도련이동,경상사고,0,0,1,0,차대차 - 기타,신호위반,건조,맑음,교차로 - 교차로안,승합,여,47세,상해없음,화물,여,48세,경상
2018070100100013,2018년 7월 1일 00시,일요일,제주특별자치도 제주시 오라삼동,중상사고,0,2,0,0,차대차 - 측면충돌,과속,젖음/습기,비,교차로 - 교차로안,승용,남,28세,상해없음,승용,남,70세,중상
2018070100100077,2018년 7월 1일 05시,일요일,제주특별자치도 제주시 화북이동,경상사고,0,0,1,0,차대차 - 기타,안전거리미확보,젖음/습기,비,단일로 - 기타,화물,남,29세,상해없음,승용,남,47세,경상
2018070100100182,2018년 7월 1일 13시,일요일,제주특별자치도 제주시 일도이동,중상사고,0,1,1,0,차대사람 - 기타,안전운전불이행,건조,맑음,단일로 - 기타,승용,남,38세,상해없음,보행자,여,6세,중상
2018070100100287,2018년 7월 1일 17시,일요일,제주특별자치도 제주시 도련일동,경상사고,0,0,1,0,차대사람 - 기타,안전운전불이행,건조,맑음,단일로 - 기타,승용,남,59세,상해없음,보행자,남,5세,경상
2018070100100425,2018년 7월 1일 21시,일요일,제주특별자치도 제주시 용담이동,경상사고,0,0,1,0,차대차 - 기타,신호위반,젖음/습기,비,교차로 - 교차로안,승용,남,45세,상해없음,승용,남,69세,경상
2018070200100013,2018년 7월 2일 00시,월요일,제주특별자치도 제주시 연동,중상사고,0,1,0,0,차대사람 - 횡단중,안전운전불이행,젖음/습기,비,단일로 - 기타,승용,남,33세,상해없음,보행자,남,35세,중상
2018070200100027,2018년 7월 2일 01시,월요일,제주특별자치도 서귀포시 동홍동,경상사고,0,0,1,0,차대차 - 기타,신호위반,건조,맑음,교차로 - 교차로안,승용,남,57세,상해없음,화물,남,20세,상해없음
2018070200100099,2018년 7월 2일 07시,월요일,제주특별자치도 제주시 조천읍,중상사고,0,1,0,0,차대차 - 측면충돌,중앙선침범,건조,맑음,단일로 - 기타,승용,남,27세,상해없음,승용,여,53세,중상
2018070200100129,2018년 7월 2일 08시,월요일,제주특별자치도 서귀포시 대정읍,경상사고,0,0,1,0,차대사람 - 횡단중,안전운전불이행,건조,맑음,단일로 - 기타,승용,여,39세,상해없음,보행자,여,50세,경상
2018070200100240,2018년 7월 2일 12시,월요일,제주특별자치도 제주시 일도이동,경상사고,0,0,1,0,차대사람 - 횡단중,보행자보호의무위반,건조,맑음,교차로 - 교차로횡단보도내,승용,여,29세,상해없음,보행자,여,25세,경상
2018070200100241,2018년 7월 2일 12시,월요일,제주특별자치도 서귀포시 안덕면,중상사고,0,1,0,0,차대차 - 측면충돌,안전거리미확보,건조,맑음,단일로 - 기타,승용,여,18세,상해없음,승용,여,47세,중상
2018070200100242,2018년 7월 2일 12시,월요일,제주특별자치도 서귀포시 동홍동,경상사고,0,0,1,2,차대차 - 추돌,안전운전불이행,건조,맑음,단일로 - 기타,승용,남,27세,상해없음,승용,남,40세,경상
2018070200100273,2018년 7월 2일 13시,월요일,제주특별자치도 제주시 화북이동,경상사고,0,0,2,0,차대차 - 측면충돌,신호위반,건조,흐림,교차로 - 교차로안,승용,남,48세,경상,화물,남,55세,경상
2018070200100274,2018년 7월 2일 13시,월요일,제주특별자치도 서귀포시 동홍동,경상사고,0,0,1,0,차대차 - 기타,신호위반,건조,맑음,교차로 - 교차로안,승용,남,28세,상해없음,승용,여,53세,경상
2018070200100275,2018년 7월 2일 13시,월요일,제주특별자치도 제주시 애월읍,경상사고,0,0,1,0,차대차 - 기타,안전운전불이행,건조,맑음,기타 - 기타,농기계,남,25세,상해없음,농기계,여,35세,경상
2018070200100307,2018년 7월 2일 14시,월요일,제주특별자치도 서귀포시 남원읍,부상신고사고,0,0,0,1,차량단독 - 공작물충돌,안전운전불이행,젖음/습기,흐림,단일로 - 기타,승용,남,60세,부상신고,,,,
2018070200100539,2018년 7월 2일 20시,월요일,제주특별자치도 제주시 노형동,경상사고,0,0,2,0,차대차 - 추돌,안전거리미확보,건조,맑음,단일로 - 기타,승용,남,45세,상해없음,승용,남,33세,경상
2018070200100574,2018년 7월 2일 21시,월요일,제주특별자치도 서귀포시 서귀동,경상사고,0,0,1,0,차대차 - 기타,교차로운행방법위반,건조,맑음,교차로 - 교차로안,승용,남,20세,상해없음,이륜,남,56세,경상
2018070200100617,2018년 7월 2일 22시,월요일,제주특별자치도 제주시 연동,부상신고사고,0,0,0,2,차대차 - 기타,안전운전불이행,건조,맑음,교차로 - 교차로안,승용,남,65세,상해없음,승용,남,46세,기타불명
2018070200100655,2018년 7월 2일 23시,월요일,제주특별자치도 제주시 일도이동,경상사고,0,0,1,0,차대차 - 측면충돌,안전운전불이행,건조,맑음,단일로 - 기타,이륜,남,36세,경상,승합,남,57세,상해없음
2018070300100119,2018년 7월 3일 08시,화요일,제주특별자치도 제주시 조천읍,경상사고,0,0,1,0,차대차 - 정면충돌,중앙선침범,건조,맑음,교차로 - 교차로부근,승용,남,24세,상해없음,승용,여,31세,경상
2018070300100204,2018년 7월 3일 11시,화요일,제주특별자치도 제주시 연동,중상사고,0,1,0,0,차대차 - 측면충돌,안전운전불이행,건조,맑음,기타 - 기타,화물,남,27세,상해없음,자전거,남,61세,중상
2018070300100205,2018년 7월 3일 11시,화요일,제주특별자치도 제주시 노형동,경상사고,0,0,1,1,차대차 - 기타,안전운전불이행,건조,맑음,단일로 - 기타,승용,여,61세,부상신고,승용,여,29세,경상
2018070300100230,2018년 7월 3일 12시,화요일,제주특별자치도 서귀포시 강정동,경상사고,0,0,1,0,차대차 - 기타,안전운전불이행,건조,맑음,교차로 - 교차로부근,승용,남,30세,상해없음,화물,여,53세,경상
2018070300100261,2018년 7월 3일 13시,화요일,제주특별자치도 제주시 화북일동,경상사고,0,0,3,0,차대차 - 측면충돌,교차로운행방법위반,건조,맑음,교차로 - 교차로안,승용,남,39세,상해없음,승용,남,37세,경상
2018070300100291,2018년 7월 3일 14시,화요일,제주특별자치도 제주시 이도이동,경상사고,0,0,1,0,차량단독 - 공작물충돌,안전운전불이행,건조,맑음,단일로 - 기타,승용,여,66세,경상,,,,
2018070300100402,2018년 7월 3일 17시,화요일,제주특별자치도 제주시 노형동,경상사고,0,0,1,0,차대사람 - 기타,안전운전불이행,건조,맑음,단일로 - 기타,기타불명,기타불명,미분류,기타불명,보행자,남,6세,경상
2018070300100498,2018년 7월 3일 20시,화요일,제주특별자치도 제주시 노형동,경상사고,0,0,1,0,차대차 - 측면충돌,안전운전불이행,건조,맑음,단일로 - 기타,승용,남,47세,상해없음,승용,남,56세,경상
2018070400100009,2018년 7월 4일 00시,수요일,제주특별자치도 서귀포시 서홍동,사망사고,1,0,0,0,차량단독 - 기타,안전운전불이행,건조,맑음,단일로 - 기타,이륜,남,55세,사망,,,,
2018070400100189,2018년 7월 4일 10시,수요일,제주특별자치도 제주시 용담이동,경상사고,0,0,1,0,차대차 - 측면충돌,신호위반,건조,맑음,기타 - 기타,자전거,남,79세,경상,승합,남,33세,상해없음
2018070400100240,2018년 7월 4일 12시,수요일,제주특별자치도 서귀포시 법환동,경상사고,0,0,1,0,차대차 - 측면충돌,교차로운행방법위반,건조,맑음,교차로 - 교차로안,승용,여,56세,경상,승용,남,42세,상해없음
2018070400100260,2018년 7월 4일 13시,수요일,제주특별자치도 제주시 조천읍,경상사고,0,0,1,0,차량단독 - 공작물충돌,안전운전불이행,건조,맑음,단일로 - 기타,승용,남,23세,경상,,,,
2018070400100326,2018년 7월 4일 15시,수요일,제주특별자치도 제주시 오라이동,경상사고,0,0,2,0,차대차 - 기타,직진우회전진행방해,건조,맑음,교차로 - 교차로안,승용,여,23세,상해없음,승용,남,66세,상해없음
2018070400100327,2018년 7월 4일 15시,수요일,제주특별자치도 제주시 일도일동,경상사고,0,0,1,0,차대차 - 기타,안전거리미확보,건조,맑음,단일로 - 기타,승용,여,66세,상해없음,이륜,남,53세,경상
2018070400100366,2018년 7월 4일 16시,수요일,제주특별자치도 제주시 도남동,경상사고,0,0,1,0,차대차 - 기타,신호위반,건조,맑음,교차로 - 교차로안,화물,남,37세,상해없음,이륜,남,49세,경상
2018070400100419,2018년 7월 4일 17시,수요일,제주특별자치도 제주시 화북일동,경상사고,0,0,1,0,차대차 - 기타,교차로운행방법위반,건조,맑음,교차로 - 교차로안,자전거,남,20세,경상,승용,남,74세,상해없음
2018070400100420,2018년 7월 4일 17시,수요일,제주특별자치도 제주시 조천읍,중상사고,0,1,0,0,차대사람 - 기타,안전운전불이행,건조,맑음,단일로 - 기타,화물,남,35세,상해없음,보행자,여,52세,중상
2018070400100421,2018년 7월 4일 17시,수요일,제주특별자치도 서귀포시 안덕면,경상사고,0,0,1,0,차대차 - 측면충돌,직진우회전진행방해,건조,맑음,교차로 - 교차로안,승용,남,58세,상해없음,승용,여,34세,경상
2018070400100501,2018년 7월 4일 19시,수요일,제주특별자치도 제주시 삼도이동,경상사고,0,0,1,0,차대사람 - 기타,안전운전불이행,건조,맑음,단일로 - 기타,승용,남,12세,상해없음,보행자,여,57세,경상
2018070400100596,2018년 7월 4일 22시,수요일,제주특별자치도 제주시 용담삼동,경상사고,0,0,3,0,차대차 - 측면충돌,교차로운행방법위반,건조,맑음,교차로 - 교차로안,승용,남,26세,상해없음,승용,여,54세,경상
2018070500100005,2018년 7월 5일 00시,목요일,제주특별자치도 서귀포시 안덕면,경상사고,0,0,1,0,차량단독 - 기타,안전운전불이행,건조,맑음,단일로 - 기타,화물,남,31세,상해없음,,,,
2018070500100019,2018년 7월 5일 01시,목요일,제주특별자치도 제주시 노형동,경상사고,0,0,1,0,차량단독 - 공작물충돌,안전운전불이행,건조,맑음,교차로 - 교차로부근,승용,남,36세,경상,,,,
2018070500100041,2018년 7월 5일 04시,목요일,제주특별자치도 서귀포시 서호동,중상사고,0,1,0,0,차량단독 - 공작물충돌,안전운전불이행,건조,맑음,단일로 - 기타,이륜,남,25세,중상,,,,
2018070500100042,2018년 7월 5일 04시,목요일,제주특별자치도 제주시 연동,부상신고사고,0,0,0,1,차대차 - 측면충돌,직진우회전진행방해,건조,맑음,교차로 - 교차로안,승용,남,62세,상해없음,승용,남,61세,부상신고
2018070500100091,2018년 7월 5일 07시,목요일,제주특별자치도 서귀포시 색달동,중상사고,0,1,0,0,차량단독 - 전도전복 - 전도,안전운전불이행,건조,맑음,단일로 - 기타,이륜,남,23세,중상,미분류,미분류,미분류,미분류
2018070500100186,2018년 7월 5일 10시,목요일,제주특별자치도 제주시 아라일동,부상신고사고,0,0,0,1,차대차 - 측면충돌,안전운전불이행,건조,맑음,교차로 - 교차로부근,승용,여,29세,부상신고,승용,남,53세,상해없음
2018070500100187,2018년 7월 5일 10시,목요일,제주특별자치도 제주시 구좌읍,중상사고,0,1,1,0,차대차 - 추돌,안전운전불이행,건조,맑음,단일로 - 기타,화물,남,61세,상해없음,화물,남,46세,중상
2018070500100214,2018년 7월 5일 11시,목요일,제주특별자치도 제주시 노형동,경상사고,0,0,1,0,차대차 - 기타,안전운전불이행,건조,맑음,교차로 - 교차로안,기타불명,기타불명,미분류,기타불명,승용,남,32세,상해없음
2018070500100248,2018년 7월 5일 12시,목요일,제주특별자치도 서귀포시 하예동,중상사고,0,1,0,0,차대차 - 기타,안전운전불이행,건조,맑음,단일로 - 기타,화물,남,59세,상해없음,농기계,남,82세,중상
2018070500100377,2018년 7월 5일 16시,목요일,제주특별자치도 제주시 구좌읍,사망사고,1,1,0,0,차대차 - 기타,과속,젖음/습기,비,교차로 - 교차로안,승용,남,23세,상해없음,농기계,여,74세,사망
2018070500100461,2018년 7월 5일 18시,목요일,제주특별자치도 제주시 삼양이동,중상사고,0,1,0,0,차대차 - 추돌,안전운전불이행,건조,맑음,교차로 - 교차로안,승용,여,49세,상해없음,승용,여,27세,중상
2018070600100139,2018년 7월 6일 09시,금요일,제주특별자치도 서귀포시 성산읍,부상신고사고,0,0,0,1,차대사람 - 기타,안전운전불이행,젖음/습기,비,기타 - 기타,승용,남,60세,상해없음,보행자,여,74세,부상신고
2018070600100140,2018년 7월 6일 09시,금요일,제주특별자치도 제주시 용담이동,경상사고,0,0,1,0,차대차 - 기타,안전운전불이행,젖음/습기,비,단일로 - 기타,승용,남,65세,상해없음,승용,여,51세,경상
2018070600100260,2018년 7월 6일 13시,금요일,제주특별자치도 서귀포시 표선면,중상사고,0,1,0,0,차대차 - 측면충돌,직진우회전진행방해,젖음/습기,비,교차로 - 교차로안,이륜,남,59세,중상,승합,남,61세,상해없음
2018070600100295,2018년 7월 6일 14시,금요일,제주특별자치도 서귀포시 안덕면,경상사고,0,0,1,0,차대차 - 기타,안전운전불이행,젖음/습기,비,교차로 - 교차로부근,승용,여,28세,상해없음,승용,남,38세,경상
2018070600100296,2018년 7월 6일 14시,금요일,제주특별자치도 제주시 용담이동,경상사고,0,0,1,0,차대사람 - 횡단중,보행자보호의무위반,건조,맑음,단일로 - 기타,승용,남,59세,상해없음,보행자,남,60세,경상
2018070600100367,2018년 7월 6일 16시,금요일,제주특별자치도 제주시 이도이동,경상사고,0,0,1,0,차대사람 - 기타,보행자보호의무위반,젖음/습기,비,교차로 - 교차로횡단보도내,승용,여,50세,상해없음,보행자,남,6세,경상
2018070600100368,2018년 7월 6일 16시,금요일,제주특별자치도 제주시 건입동,중상사고,0,1,1,0,차대차 - 기타,안전운전불이행,젖음/습기,비,단일로 - 기타,승용,남,27세,상해없음,승용,남,36세,경상
2018070600100420,2018년 7월 6일 17시,금요일,제주특별자치도 제주시 이도이동,경상사고,0,0,1,0,차대차 - 기타,교차로운행방법위반,젖음/습기,비,교차로 - 교차로안,승용,남,23세,상해없음,이륜,남,45세,경상
2018070600100421,2018년 7월 6일 17시,금요일,제주특별자치도 제주시 삼도이동,경상사고,0,0,2,0,차대차 - 기타,교차로운행방법위반,젖음/습기,비,교차로 - 교차로안,승용,남,27세,상해없음,화물,남,53세,경상
2018070600100422,2018년 7월 6일 17시,금요일,제주특별자치도 서귀포시 남원읍,사망사고,1,1,0,0,차대차 - 정면충돌,중앙선침범,젖음/습기,비,단일로 - 기타,승용,남,43세,사망,승용,남,61세,중상
2018070600100465,2018년 7월 6일 18시,금요일,제주특별자치도 서귀포시 동홍동,경상사고,0,0,1,0,차대차 - 측면충돌,교차로운행방법위반,건조,흐림,교차로 - 교차로안,승용,남,34세,상해없음,승용,남,45세,경상
2018070600100496,2018년 7월 6일 19시,금요일,제주특별자치도 제주시 외도일동,경상사고,0,0,1,0,차대사람 - 횡단중,안전운전불이행,건조,맑음,교차로 - 교차로안,화물,남,49세,상해없음,보행자,남,52세,경상
2018070600100497,2018년 7월 6일 19시,금요일,제주특별자치도 제주시 오라삼동,경상사고,0,0,2,0,차대차 - 추돌,안전운전불이행,젖음/습기,비,단일로 - 기타,승합,남,37세,상해없음,승용,여,29세,경상
2018070600100498,2018년 7월 6일 19시,금요일,제주특별자치도 제주시 연동,경상사고,0,0,1,0,차대차 - 측면충돌,안전운전불이행,젖음/습기,흐림,단일로 - 기타,승용,남,21세,상해없음,승용,여,47세,경상
2018070600100525,2018년 7월 6일 20시,금요일,제주특별자치도 제주시 이도이동,경상사고,0,0,1,0,차대사람 - 횡단중,보행자보호의무위반,젖음/습기,흐림,교차로 - 교차로부근,승용,여,46세,상해없음,보행자,여,43세,경상
2018070600100552,2018년 7월 6일 21시,금요일,제주특별자치도 서귀포시 성산읍,경상사고,0,0,2,0,차대차 - 측면충돌,직진우회전진행방해,건조,맑음,교차로 - 교차로안,승용,남,26세,상해없음,승용,남,39세,경상
2018070600100553,2018년 7월 6일 21시,금요일,제주특별자치도 제주시 애월읍,경상사고,0,0,2,0,차대차 - 기타,직진우회전진행방해,건조,맑음,교차로 - 교차로안,화물,남,39세,경상,승합,남,61세,경상
2018070600100582,2018년 7월 6일 22시,금요일,제주특별자치도 제주시 건입동,경상사고,0,0,1,0,차대차 - 기타,신호위반,건조,맑음,교차로 - 교차로안,승용,여,47세,상해없음,승용,여,50세,경상
2018070700100014,2018년 7월 7일 00시,토요일,제주특별자치도 제주시 해안동,부상신고사고,0,0,0,1,차대차 - 기타,신호위반,건조,흐림,교차로 - 교차로안,승용,여,47세,부상신고,승용,남,54세,상해없음
2018070700100166,2018년 7월 7일 09시,토요일,제주특별자치도 제주시 구좌읍,경상사고,0,0,1,0,차량단독 - 기타,안전운전불이행,건조,맑음,단일로 - 기타,사륜오토바이(ATV),여,78세,경상,,,,
2018070700100228,2018년 7월 7일 11시,토요일,제주특별자치도 서귀포시 표선면,중상사고,0,1,0,0,차대사람 - 기타,안전운전불이행,건조,맑음,단일로 - 기타,승합,남,63세,상해없음,보행자,여,79세,중상
2018070700100349,2018년 7월 7일 14시,토요일,제주특별자치도 제주시 오라이동,경상사고,0,0,1,0,차대차 - 기타,안전운전불이행,건조,맑음,단일로 - 기타,승용,여,24세,상해없음,승용,남,57세,상해없음
2018070700100449,2018년 7월 7일 17시,토요일,제주특별자치도 서귀포시 남원읍,경상사고,0,0,5,3,차대차 - 기타,중앙선침범,젖음/습기,비,단일로 - 기타,승용,남,44세,부상신고,화물,남,45세,부상신고
2018070700100491,2018년 7월 7일 18시,토요일,제주특별자치도 제주시 이도이동,경상사고,0,0,1,0,차대차 - 측면충돌,교차로운행방법위반,건조,맑음,교차로 - 교차로안,승용,남,29세,상해없음,승용,여,62세,상해없음
2018070700100492,2018년 7월 7일 18시,토요일,제주특별자치도 제주시 해안동,중상사고,0,1,0,0,차대차 - 추돌,안전운전불이행,건조,맑음,단일로 - 기타,승합,남,60세,상해없음,승합,남,66세,중상
2018070700100538,2018년 7월 7일 19시,토요일,제주특별자치도 제주시 조천읍,경상사고,0,0,1,0,차대사람 - 기타,안전운전불이행,건조,맑음,단일로 - 기타,승용,여,46세,상해없음,보행자,여,40세,경상
2018070700100565,2018년 7월 7일 20시,토요일,제주특별자치도 제주시 한림읍,부상신고사고,0,0,0,1,차대차 - 후진중충돌,안전운전불이행,건조,맑음,단일로 - 기타,승용,여,46세,상해없음,승용,남,26세,부상신고
2018070700100589,2018년 7월 7일 21시,토요일,제주특별자치도 제주시 일도이동,경상사고,0,0,2,0,차대차 - 추돌,차로위반,건조,흐림,단일로 - 기타,이륜,남,29세,경상,승용,남,48세,경상
2018070700100590,2018년 7월 7일 21시,토요일,제주특별자치도 제주시 아라이동,부상신고사고,0,0,0,1,차대차 - 측면충돌,안전운전불이행,건조,맑음,교차로 - 교차로횡단보도내,승용,여,36세,상해없음,자전거,남,12세,부상신고