사고번호,사고일시,요일,시군구,사고내용,사망자수,중상자수,경상자수,부상신고자수,사고유형,법규위반,노면상태,기상상태,도로형태,가해운전자 차종,가해운전자 성별,가해운전자 연령,가해운전자 상해정도,피해운전자 차종,피해운전자 성별,피해운전자 연령,피해운전자 상해정도
2018070700100591,2018년 7월 7일 21시,토요일,제주특별자치도 제주시 도남동,경상사고,0,0,1,0,차대차 - 측면충돌,신호위반,건조,맑음,교차로 - 교차로안,승용,남,38세,상해없음,승용,남,27세,경상
2018070700100592,2018년 7월 7일 21시,토요일,제주특별자치도 서귀포시 성산읍,중상사고,0,1,0,0,차대사람 - 기타,안전운전불이행,건조,맑음,단일로 - 기타,승용,남,31세,상해없음,보행자,남,67세,중상
2018070700100617,2018년 7월 7일 22시,토요일,제주특별자치도 제주시 화북이동,경상사고,0,0,2,0,차대차 - 정면충돌,신호위반,건조,맑음,교차로 - 교차로안,승용,남,31세,상해없음,승용,남,62세,경상
2018070700100642,2018년 7월 7일 23시,토요일,제주특별자치도 제주시 노형동,경상사고,0,0,1,0,차대차 - 기타,안전운전불이행,건조,맑음,교차로 - 교차로부근,승용,남,27세,상해없음,승용,남,47세,경상
2018070800100045,2018년 7월 8일 04시,일요일,제주특별자치도 제주시 이도이동,중상사고,0,1,2,0,차대차 - 정면충돌,신호위반,젖음/습기,비,교차로 - 교차로안,승용,여,26세,중상,승용,남,42세,경상
2018070800100070,2018년 7월 8일 07시,일요일,제주특별자치도 제주시 오라일동,경상사고,0,0,1,0,차대차 - 추돌,안전운전불이행,건조,맑음,교차로 - 교차로부근,승용,남,26세,상해없음,승용,남,51세,경상
2018070800100108,2018년 7월 8일 10시,일요일,제주특별자치도 서귀포시 남원읍,경상사고,0,0,2,1,차대차 - 기타,중앙선침범,젖음/습기,흐림,단일로 - 기타,승용,남,49세,부상신고,승용,여,31세,경상
2018070800100130,2018년 7월 8일 11시,일요일,제주특별자치도 제주시 아라이동,중상사고,0,1,0,0,차대차 - 추돌,안전운전불이행,건조,맑음,단일로 - 기타,화물,여,56세,상해없음,자전거,남,8세,중상
2018070800100131,2018년 7월 8일 11시,일요일,제주특별자치도 서귀포시 남원읍,경상사고,0,0,2,0,차대차 - 기타,직진우회전진행방해,젖음/습기,흐림,교차로 - 교차로안,승용,남,32세,상해없음,화물,남,43세,경상
2018070800100182,2018년 7월 8일 13시,일요일,제주특별자치도 서귀포시 서홍동,중상사고,0,1,2,0,차대차 - 추돌,안전거리미확보,건조,맑음,단일로 - 기타,화물,남,59세,경상,승용,남,53세,경상
2018070800100212,2018년 7월 8일 14시,일요일,제주특별자치도 제주시 노형동,경상사고,0,0,1,0,차대사람 - 보도통행중,안전운전불이행,건조,맑음,기타 - 기타,승용,남,28세,상해없음,보행자,남,55세,경상
2018070800100311,2018년 7월 8일 17시,일요일,제주특별자치도 서귀포시 동홍동,경상사고,0,0,4,0,차대차 - 기타,직진우회전진행방해,건조,맑음,교차로 - 교차로안,화물,여,57세,상해없음,승용,여,41세,경상
2018070800100312,2018년 7월 8일 17시,일요일,제주특별자치도 서귀포시 남원읍,중상사고,0,2,0,0,차대차 - 기타,교차로운행방법위반,젖음/습기,맑음,교차로 - 교차로부근,화물,남,55세,상해없음,화물,남,58세,중상
2018070800100349,2018년 7월 8일 18시,일요일,제주특별자치도 제주시 화북일동,경상사고,0,0,2,0,차대차 - 추돌,안전거리미확보,건조,맑음,단일로 - 기타,승용,남,19세,상해없음,승용,남,29세,경상
2018070800100375,2018년 7월 8일 19시,일요일,제주특별자치도 제주시 외도이동,경상사고,0,0,1,0,차대차 - 후진중충돌,안전운전불이행,기타,맑음,단일로 - 기타,승용,남,53세,상해없음,승합,남,41세,경상
2018070800100419,2018년 7월 8일 21시,일요일,제주특별자치도 제주시 이도일동,경상사고,0,0,1,0,차대사람 - 기타,안전운전불이행,젖음/습기,비,단일로 - 기타,승용,남,59세,상해없음,보행자,남,62세,경상
2018070800100450,2018년 7월 8일 23시,일요일,제주특별자치도 제주시 이도일동,중상사고,0,1,0,0,차대사람 - 횡단중,안전운전불이행,젖음/습기,비,단일로 - 기타,승용,여,43세,상해없음,보행자,남,45세,중상
2018070900100009,2018년 7월 9일 00시,월요일,제주특별자치도 제주시 삼도일동,중상사고,0,2,1,0,차대차 - 측면충돌,신호위반,건조,맑음,교차로 - 교차로안,승용,남,50세,중상,승용,남,37세,중상
2018070900100010,2018년 7월 9일 00시,월요일,제주특별자치도 서귀포시 표선면,경상사고,0,0,1,0,차대사람 - 기타,안전운전불이행,건조,맑음,단일로 - 기타,승용,남,36세,상해없음,보행자,여,27세,경상
2018070900100048,2018년 7월 9일 06시,월요일,제주특별자치도 제주시 노형동,경상사고,0,0,1,0,차대차 - 정면충돌,안전운전불이행,건조,맑음,단일로 - 기타,승용,남,47세,상해없음,화물,남,36세,경상
2018070900100097,2018년 7월 9일 08시,월요일,제주특별자치도 서귀포시 성산읍,경상사고,0,0,1,0,차대차 - 측면충돌,안전거리미확보,젖음/습기,흐림,단일로 - 기타,승용,남,32세,경상,승용,남,48세,상해없음
2018070900100143,2018년 7월 9일 10시,월요일,제주특별자치도 제주시 아라일동,중상사고,0,1,1,0,차대차 - 측면충돌,교차로운행방법위반,건조,맑음,교차로 - 교차로안,승용,남,62세,경상,승용,여,34세,중상
2018070900100172,2018년 7월 9일 11시,월요일,제주특별자치도 제주시 연동,경상사고,0,0,1,0,차대차 - 측면충돌,안전운전불이행,건조,맑음,교차로 - 교차로안,승용,남,24세,상해없음,승용,여,35세,경상
2018070900100250,2018년 7월 9일 14시,월요일,제주특별자치도 제주시 우도면,중상사고,0,1,0,0,차대차 - 기타,안전운전불이행,건조,맑음,단일로 - 기타,승용,남,28세,상해없음,이륜,남,26세,중상
2018070900100251,2018년 7월 9일 14시,월요일,제주특별자치도 제주시 오라삼동,경상사고,0,0,1,0,차대차 - 기타,안전운전불이행,건조,맑음,기타 - 기타,승용,여,58세,상해없음,자전거,남,84세,경상
2018070900100279,2018년 7월 9일 15시,월요일,제주특별자치도 서귀포시 성산읍,경상사고,0,0,2,0,차대차 - 추돌,안전운전불이행,건조,맑음,단일로 - 기타,화물,남,35세,상해없음,승합,남,62세,경상
2018070900100313,2018년 7월 9일 16시,월요일,제주특별자치도 제주시 노형동,경상사고,0,0,1,0,차대사람 - 차도통행중,안전운전불이행,건조,맑음,단일로 - 기타,승용,남,69세,상해없음,보행자,남,15세,경상
2018070900100349,2018년 7월 9일 17시,월요일,제주특별자치도 제주시 화북일동,경상사고,0,0,1,0,차대차 - 기타,교차로운행방법위반,건조,맑음,교차로 - 교차로안,화물,남,52세,상해없음,이륜,남,23세,경상
2018070900100426,2018년 7월 9일 19시,월요일,제주특별자치도 제주시 연동,중상사고,0,1,0,1,차대차 - 추돌,신호위반,건조,맑음,교차로 - 교차로부근,승합,남,40세,부상신고,승용,여,47세,중상
2018070900100456,2018년 7월 9일 20시,월요일,제주특별자치도 제주시 조천읍,중상사고,0,1,0,0,차대사람 - 기타,안전운전불이행,건조,흐림,교차로 - 교차로안,승용,남,19세,상해없음,보행자,여,5세,중상
2018070900100457,2018년 7월 9일 20시,월요일,제주특별자치도 제주시 노형동,경상사고,0,0,1,1,차대차 - 추돌,신호위반,건조,맑음,교차로 - 교차로부근,승용,여,29세,부상신고,승용,남,22세,경상
2018070900100491,2018년 7월 9일 21시,월요일,제주특별자치도 제주시 건입동,부상신고사고,0,0,0,1,차대차 - 기타,기타,건조,맑음,단일로 - 기타,화물,남,50세,상해없음,자전거,남,55세,부상신고
2018071000100053,2018년 7월 10일 04시,화요일,제주특별자치도 제주시 연동,경상사고,0,0,2,0,차대차 - 기타,안전운전불이행,건조,맑음,교차로 - 교차로안,승용,남,41세,상해없음,승용,남,34세,경상
2018071000100078,2018년 7월 10일 06시,화요일,제주특별자치도 제주시 건입동,중상사고,0,1,0,0,차대사람 - 횡단중,보행자보호의무위반,건조,맑음,교차로 - 교차로안,승용,여,38세,상해없음,보행자,여,72세,중상
2018071000100079,2018년 7월 10일 06시,화요일,제주특별자치도 제주시 오등동,중상사고,0,1,2,1,차대차 - 측면충돌,안전운전불이행,건조,맑음,교차로 - 교차로안,승용,남,61세,부상신고,승용,남,62세,경상
2018071000100098,2018년 7월 10일 07시,화요일,제주특별자치도 서귀포시 동홍동,부상신고사고,0,0,0,1,차대차 - 측면충돌,직진우회전진행방해,건조,맑음,교차로 - 교차로안,승용,여,45세,부상신고,화물,남,62세,상해없음
2018071000100099,2018년 7월 10일 07시,화요일,제주특별자치도 제주시 노형동,경상사고,0,0,1,0,차대차 - 측면충돌,신호위반,건조,맑음,교차로 - 교차로안,승용,남,68세,상해없음,승용,여,51세,경상
2018071000100176,2018년 7월 10일 10시,화요일,제주특별자치도 제주시 아라일동,중상사고,0,1,1,0,차대차 - 측면충돌,신호위반,건조,맑음,교차로 - 교차로안,승용,여,35세,경상,승용,여,22세,중상
2018071000100211,2018년 7월 10일 11시,화요일,제주특별자치도 제주시 화북이동,경상사고,0,0,2,0,차대차 - 측면충돌,교차로운행방법위반,건조,맑음,교차로 - 교차로안,화물,남,36세,경상,승용,여,22세,경상
2018071000100228,2018년 7월 10일 12시,화요일,제주특별자치도 제주시 도련이동,중상사고,0,1,1,0,차대차 - 측면충돌,안전운전불이행,건조,맑음,교차로 - 교차로안,화물,남,54세,상해없음,화물,남,62세,상해없음
2018071000100333,2018년 7월 10일 15시,화요일,제주특별자치도 제주시 오라이동,경상사고,0,0,1,0,차대차 - 기타,안전거리미확보,건조,맑음,교차로 - 교차로부근,승용,여,44세,상해없음,승용,남,43세,경상
2018071000100334,2018년 7월 10일 15시,화요일,제주특별자치도 제주시 연동,경상사고,0,0,2,1,차대차 - 기타,직진우회전진행방해,건조,맑음,교차로 - 교차로안,승용,여,52세,경상,승용,여,47세,경상
2018071000100438,2018년 7월 10일 18시,화요일,제주특별자치도 제주시 해안동,중상사고,0,1,4,0,차대차 - 기타,안전거리미확보,건조,흐림,단일로 - 기타,승용,남,29세,상해없음,승합,남,38세,중상
2018071000100439,2018년 7월 10일 18시,화요일,제주특별자치도 제주시 한림읍,경상사고,0,0,1,0,차대사람 - 기타,안전운전불이행,건조,맑음,주차장 - 주차장,승용,여,37세,상해없음,보행자,남,1세,경상
2018071000100483,2018년 7월 10일 19시,화요일,제주특별자치도 제주시 일도일동,경상사고,0,0,2,0,차대차 - 기타,안전운전불이행,건조,맑음,교차로 - 교차로안,승용,남,40세,상해없음,승용,남,40세,경상
2018071000100534,2018년 7월 10일 21시,화요일,제주특별자치도 서귀포시 성산읍,중상사고,0,1,0,0,차대사람 - 기타,안전운전불이행,기타,맑음,단일로 - 기타,화물,남,59세,상해없음,보행자,여,31세,중상
2018071000100535,2018년 7월 10일 21시,화요일,제주특별자치도 제주시 한림읍,경상사고,0,0,1,0,차대차 - 정면충돌,중앙선침범,건조,맑음,단일로 - 기타,승용,남,46세,상해없음,승용,남,34세,경상
2018071000100536,2018년 7월 10일 21시,화요일,제주특별자치도 제주시 오라삼동,경상사고,0,0,1,0,차대차 - 측면충돌,안전운전불이행,건조,맑음,단일로 - 기타,승용,여,62세,상해없음,승용,여,36세,상해없음
2018071100100010,2018년 7월 11일 00시,수요일,제주특별자치도 제주시 연동,부상신고사고,0,0,0,1,차대사람 - 횡단중,안전운전불이행,건조,맑음,단일로 - 기타,이륜,남,30세,부상신고,보행자,남,48세,상해없음
2018071100100049,2018년 7월 11일 04시,수요일,제주특별자치도 제주시 조천읍,중상사고,0,1,0,0,차대차 - 측면충돌,과속,건조,맑음,교차로 - 교차로안,승용,여,30세,상해없음,화물,남,84세,중상
2018071100100122,2018년 7월 11일 08시,수요일,제주특별자치도 제주시 노형동,중상사고,0,1,0,0,차대사람 - 횡단중,기타,건조,맑음,기타 - 기타,승용,남,73세,상해없음,보행자,남,36세,중상
2018071100100123,2018년 7월 11일 08시,수요일,제주특별자치도 제주시 노형동,부상신고사고,0,0,0,1,차대차 - 측면충돌,안전운전불이행,건조,맑음,단일로 - 기타,승용,남,48세,상해없음,승용,여,33세,부상신고
2018071100100124,2018년 7월 11일 08시,수요일,제주특별자치도 제주시 연동,경상사고,0,0,1,0,차대사람 - 기타,안전운전불이행,건조,맑음,단일로 - 기타,승용,남,32세,상해없음,보행자,남,21세,경상
2018071100100172,2018년 7월 11일 09시,수요일,제주특별자치도 서귀포시 안덕면,중상사고,0,1,0,0,차대차 - 측면충돌,교차로운행방법위반,건조,맑음,교차로 - 교차로안,승용,여,38세,상해없음,승용,남,76세,중상
2018071100100173,2018년 7월 11일 09시,수요일,제주특별자치도 제주시 노형동,중상사고,0,3,0,0,차대차 - 추돌,안전운전불이행,건조,맑음,단일로 - 기타,승용,남,62세,중상,화물,남,64세,상해없음
2018071100100204,2018년 7월 11일 10시,수요일,제주특별자치도 제주시 연동,부상신고사고,0,0,0,2,차대차 - 측면충돌,안전거리미확보,건조,맑음,단일로 - 기타,승용,남,60세,부상신고,화물,남,67세,상해없음
2018071100100326,2018년 7월 11일 14시,수요일,제주특별자치도 제주시 애월읍,사망사고,1,0,0,0,차량단독 - 기타,안전운전불이행,건조,맑음,단일로 - 기타,화물,남,71세,상해없음,,,,
2018071100100393,2018년 7월 11일 16시,수요일,제주특별자치도 제주시 한림읍,중상사고,0,1,0,0,차대차 - 측면충돌,안전운전불이행,건조,맑음,주차장 - 주차장,화물,남,74세,상해없음,이륜,남,78세,중상
2018071100100547,2018년 7월 11일 20시,수요일,제주특별자치도 제주시 삼도이동,경상사고,0,0,4,0,차대차 - 기타,교차로운행방법위반,건조,맑음,교차로 - 교차로안,승용,남,68세,경상,승용,여,28세,경상
2018071100100548,2018년 7월 11일 20시,수요일,제주특별자치도 제주시 일도이동,경상사고,0,0,1,0,차대차 - 측면충돌,안전운전불이행,건조,맑음,단일로 - 기타,이륜,남,20세,경상,승용,남,20세,상해없음
2018071100100549,2018년 7월 11일 20시,수요일,제주특별자치도 서귀포시 대정읍,중상사고,0,1,0,0,차대차 - 측면충돌,안전운전불이행,건조,맑음,단일로 - 기타,승용,남,62세,상해없음,자전거,남,64세,중상
2018071100100550,2018년 7월 11일 20시,수요일,제주특별자치도 서귀포시 남원읍,경상사고,0,0,1,0,차대차 - 기타,안전거리미확보,건조,맑음,교차로 - 교차로부근,화물,남,39세,상해없음,승용,여,47세,경상
2018071100100602,2018년 7월 11일 22시,수요일,제주특별자치도 서귀포시 대정읍,중상사고,0,2,3,0,차대차 - 측면충돌,직진우회전진행방해,건조,맑음,교차로 - 교차로안,승용,남,69세,경상,승용,남,57세,중상
2018071200100023,2018년 7월 12일 00시,목요일,제주특별자치도 제주시 일도일동,경상사고,0,0,1,0,차대사람 - 기타,안전운전불이행,건조,맑음,교차로 - 교차로부근,승용,남,68세,상해없음,보행자,남,47세,경상
2018071200100058,2018년 7월 12일 04시,목요일,제주특별자치도 제주시 이도일동,중상사고,0,1,2,0,차대차 - 추돌,안전운전불이행,건조,맑음,교차로 - 교차로부근,승용,남,67세,상해없음,승용,남,43세,중상
2018071200100075,2018년 7월 12일 06시,목요일,제주특별자치도 제주시 한경면,중상사고,0,1,0,0,차대차 - 측면충돌,안전운전불이행,건조,맑음,교차로 - 교차로안,이륜,남,75세,중상,화물,여,54세,상해없음
2018071200100222,2018년 7월 12일 11시,목요일,제주특별자치도 제주시 노형동,중상사고,0,1,0,0,차대차 - 측면충돌,교차로운행방법위반,건조,맑음,교차로 - 교차로안,화물,남,59세,기타불명,승용,남,29세,중상
2018071200100223,2018년 7월 12일 11시,목요일,제주특별자치도 제주시 연동,중상사고,0,1,2,0,차대차 - 추돌,안전운전불이행,건조,맑음,단일로 - 기타,승용,남,29세,상해없음,승용,여,44세,경상
2018071200100278,2018년 7월 12일 13시,목요일,제주특별자치도 제주시 오라이동,경상사고,0,0,1,0,차량단독 - 공작물충돌,안전운전불이행,건조,맑음,단일로 - 기타,화물,남,37세,경상,,,,
2018071200100279,2018년 7월 12일 13시,목요일,제주특별자치도 서귀포시 남원읍,경상사고,0,0,1,0,차대차 - 추돌,안전운전불이행,건조,맑음,교차로 - 교차로부근,건설기계,남,52세,상해없음,승용,남,57세,상해없음
2018071200100318,2018년 7월 12일 14시,목요일,제주특별자치도 서귀포시 안덕면,경상사고,0,0,1,0,차대차 - 기타,안전운전불이행,건조,맑음,교차로 - 교차로안,화물,남,29세,상해없음,승용,남,69세,경상
2018071200100425,2018년 7월 12일 17시,목요일,제주특별자치도 제주시 연동,중상사고,0,1,0,0,차대사람 - 횡단중,보행자보호의무위반,건조,맑음,교차로 - 교차로횡단보도내,승용,남,63세,상해없음,보행자,여,58세,중상
2018071200100473,2018년 7월 12일 18시,목요일,제주특별자치도 서귀포시 성산읍,경상사고,0,0,1,0,차대차 - 측면충돌,안전운전불이행,건조,맑음,교차로 - 교차로부근,승용,여,31세,상해없음,승용,여,29세,경상
2018071300100045,2018년 7월 13일 04시,금요일,제주특별자치도 서귀포시 남원읍,사망사고,2,1,0,0,차량단독 - 기타,안전운전불이행,건조,맑음,교차로 - 교차로부근,승용,남,21세,중상,,,,
2018071300100131,2018년 7월 13일 08시,금요일,제주특별자치도 제주시 일도이동,경상사고,0,0,1,0,차대차 - 측면충돌,교차로운행방법위반,건조,맑음,교차로 - 교차로안,승용,여,29세,상해없음,화물,남,30세,경상
2018071300100132,2018년 7월 13일 08시,금요일,제주특별자치도 서귀포시 표선면,중상사고,0,1,0,0,차대차 - 추돌,안전거리미확보,건조,맑음,단일로 - 기타,자전거,남,86세,중상,승용,여,29세,상해없음
2018071300100133,2018년 7월 13일 08시,금요일,제주특별자치도 제주시 애월읍,경상사고,0,0,1,0,차대차 - 측면충돌,중앙선침범,건조,맑음,단일로 - 기타,승용,여,35세,상해없음,승용,여,46세,경상
2018071300100211,2018년 7월 13일 10시,금요일,제주특별자치도 제주시 노형동,부상신고사고,0,0,0,1,차대차 - 기타,안전운전불이행,건조,맑음,교차로 - 교차로부근,이륜,남,37세,부상신고,승용,여,37세,상해없음
2018071300100234,2018년 7월 13일 11시,금요일,제주특별자치도 서귀포시 서귀동,경상사고,0,0,1,0,차대차 - 기타,안전운전불이행,건조,맑음,교차로 - 교차로부근,승용,남,66세,상해없음,승용,남,35세,경상
2018071300100260,2018년 7월 13일 12시,금요일,제주특별자치도 제주시 용담일동,부상신고사고,0,0,0,1,차대차 - 정면충돌,신호위반,건조,맑음,교차로 - 교차로안,이륜,남,41세,부상신고,승용,남,67세,상해없음
2018071300100291,2018년 7월 13일 13시,금요일,제주특별자치도 제주시 조천읍,중상사고,0,1,2,0,차대차 - 추돌,안전운전불이행,건조,맑음,교차로 - 교차로부근,승용,여,46세,경상,승용,남,42세,경상
2018071300100308,2018년 7월 13일 14시,금요일,제주특별자치도 서귀포시 안덕면,중상사고,0,1,0,0,차대차 - 측면충돌,안전운전불이행,건조,맑음,교차로 - 교차로안,건설기계,남,66세,상해없음,승용,여,58세,중상
2018071300100309,2018년 7월 13일 14시,금요일,제주특별자치도 제주시 노형동,경상사고,0,0,2,0,차대차 - 기타,안전운전불이행,건조,맑음,단일로 - 기타,승용,남,19세,상해없음,승용,여,30세,경상
2018071300100423,2018년 7월 13일 17시,금요일,제주특별자치도 제주시 화북이동,경상사고,0,0,1,0,차대차 - 측면충돌,신호위반,건조,맑음,교차로 - 교차로안,승용,여,27세,상해없음,승용,여,35세,경상
2018071300100424,2018년 7월 13일 17시,금요일,제주특별자치도 제주시 노형동,경상사고,0,0,1,0,차대사람 - 횡단중,보행자보호의무위반,건조,맑음,교차로 - 교차로횡단보도내,승용,여,26세,상해없음,보행자,남,36세,경상
2018071300100425,2018년 7월 13일 17시,금요일,제주특별자치도 제주시 노형동,경상사고,0,0,1,0,차대사람 - 횡단중,보행자보호의무위반,건조,맑음,교차로 - 교차로안,승용,남,50세,상해없음,보행자,남,52세,경상
2018071300100567,2018년 7월 13일 20시,금요일,제주특별자치도 제주시 용담이동,경상사고,0,0,1,0,차대차 - 기타,안전운전불이행,건조,맑음,단일로 - 기타,승용,남,18세,상해없음,승용,남,57세,경상
2018071300100625,2018년 7월 13일 22시,금요일,제주특별자치도 서귀포시 서귀동,경상사고,0,0,2,0,차대차 - 측면충돌,직진우회전진행방해,건조,맑음,교차로 - 교차로안,승용,남,69세,경상,승용,여,52세,경상
2018071400100041,2018년 7월 14일 02시,토요일,제주특별자치도 제주시 화북일동,부상신고사고,0,0,0,1,차대사람 - 기타,안전운전불이행,건조,맑음,교차로 - 교차로안,이륜,남,17세,부상신고,보행자,남,22세,상해없음
2018071400100186,2018년 7월 14일 10시,토요일,제주특별자치도 제주시 화북일동,경상사고,0,0,1,0,차대차 - 측면충돌,교차로운행방법위반,건조,맑음,교차로 - 교차로안,승용,여,39세,경상,승용,남,45세,상해없음
2018071400100327,2018년 7월 14일 14시,토요일,제주특별자치도 제주시 외도일동,경상사고,0,0,1,0,차대차 - 후진중충돌,안전운전불이행,건조,맑음,기타 - 기타,승용,남,26세,상해없음,승용,여,39세,경상
2018071400100370,2018년 7월 14일 15시,토요일,제주특별자치도 제주시 한경면,경상사고,0,0,1,0,차대차 - 기타,기타,건조,맑음,단일로 - 기타,이륜,여,67세,경상,승용,남,74세,상해없음
2018071400100412,2018년 7월 14일 16시,토요일,제주특별자치도 제주시 노형동,경상사고,0,0,1,0,차대차 - 추돌,안전거리미확보,건조,맑음,단일로 - 기타,승용,남,25세,상해없음,승용,남,57세,경상
2018071400100413,2018년 7월 14일 16시,토요일,제주특별자치도 제주시 애월읍,경상사고,0,0,2,0,차대차 - 기타,안전운전불이행,건조,맑음,교차로 - 교차로안,승용,여,56세,상해없음,승용,남,32세,경상
2018071400100495,2018년 7월 14일 18시,토요일,제주특별자치도 제주시 노형동,경상사고,0,0,1,3,차대차 - 추돌,안전거리미확보,건조,맑음,교차로 - 교차로부근,승합,남,54세,상해없음,승용,여,54세,부상신고
2018071400100568,2018년 7월 14일 20시,토요일,제주특별자치도 제주시 화북일동,경상사고,0,0,1,0,차량단독 - 전도전복 - 전도,안전운전불이행,건조,맑음,기타 - 기타,이륜,남,66세,경상,미분류,미분류,미분류,미분류
2018071400100600,2018년 7월 14일 21시,토요일,제주특별자치도 제주시 노형동,중상사고,0,1,0,0,차량단독 - 기타,안전운전불이행,건조,맑음,기타 - 기타,이륜,남,54세,중상,,,,
2018071500100036,2018년 7월 15일 02시,일요일,제주특별자치도 제주시 삼도일동,경상사고,0,0,1,0,차대차 - 기타,안전운전불이행,건조,맑음,교차로 - 교차로안,승용,여,50세,경상,승용,남,35세,상해없음
2018071500100037,2018년 7월 15일 02시,일요일,제주특별자치도 제주시 연동,중상사고,0,1,0,0,차대사람 - 기타,안전운전불이행,건조,기타,교차로 - 교차로부근,승용,남,27세,상해없음,보행자,남,27세,중상
2018071500100084,2018년 7월 15일 07시,일요일,제주특별자치도 제주시 노형동,중상사고,0,1,0,0,차대사람 - 횡단중,보행자보호의무위반,건조,맑음,교차로 - 교차로횡단보도내,승용,여,47세,상해없음,보행자,여,78세,중상
2018071500100134,2018년 7월 15일 10시,일요일,제주특별자치도 제주시 노형동,부상신고사고,0,0,0,2,차대차 - 측면충돌,안전운전불이행,건조,맑음,단일로 - 기타,기타불명,기타불명,미분류,기타불명,승용,남,57세,부상신고
2018071500100184,2018년 7월 15일 12시,일요일,제주특별자치도 서귀포시 성산읍,경상사고,0,0,3,0,차대차 - 기타,안전운전불이행,건조,맑음,단일로 - 기타,승용,남,31세,상해없음,승용,남,24세,경상
2018071500100185,2018년 7월 15일 12시,일요일,제주특별자치도 제주시 애월읍,부상신고사고,0,0,0,1,차대차 - 기타,안전운전불이행,건조,맑음,교차로 - 교차로부근,승용,남,71세,상해없음,화물,남,42세,부상신고
2018071500100276,2018년 7월 15일 15시,일요일,제주특별자치도 서귀포시 서홍동,부상신고사고,0,0,0,1,차대사람 - 기타,안전운전불이행,건조,맑음,기타 - 기타,승용,여,65세,상해없음,보행자,여,71세,부상신고
2018071500100277,2018년 7월 15일 15시,일요일,제주특별자치도 제주시 애월읍,경상사고,0,0,1,0,차대차 - 기타,기타,건조,맑음,주차장 - 주차장,승용,남,65세,상해없음,승용,여,47세,경상
2018071500100362,2018년 7월 15일 18시,일요일,제주특별자치도 서귀포시 서홍동,경상사고,0,0,1,0,차대차 - 기타,안전운전불이행,기타,맑음,단일로 - 기타,승용,남,60세,상해없음,승용,여,49세,상해없음
2018071500100384,2018년 7월 15일 19시,일요일,제주특별자치도 제주시 노형동,부상신고사고,0,0,0,1,차대차 - 기타,직진우회전진행방해,건조,맑음,교차로 - 교차로안,이륜,남,16세,부상신고,승용,여,54세,상해없음
2018071500100411,2018년 7월 15일 20시,일요일,제주특별자치도 서귀포시 동홍동,경상사고,0,0,1,0,차대차 - 기타,교차로운행방법위반,건조,맑음,교차로 - 교차로부근,원동기,남,22세,경상,승용,여,37세,상해없음
2018071500100437,2018년 7월 15일 21시,일요일,제주특별자치도 제주시 연동,중상사고,0,1,0,0,차대사람 - 횡단중,안전운전불이행,건조,맑음,단일로 - 기타,승용,남,63세,상해없음,보행자,여,84세,중상
2018071500100481,2018년 7월 15일 23시,일요일,제주특별자치도 제주시 연동,경상사고,0,0,1,0,차대차 - 측면충돌,안전거리미확보,건조,맑음,단일로 - 기타,승용,남,32세,상해없음,이륜,남,46세,경상
2018071600100168,2018년 7월 16일 09시,월요일,제주특별자치도 제주시 연동,경상사고,0,0,1,0,차대차 - 기타,안전거리미확보,건조,맑음,교차로 - 교차로부근,승용,남,72세,상해없음,승용,남,57세,경상
2018071600100199,2018년 7월 16일 10시,월요일,제주특별자치도 제주시 노형동,경상사고,0,0,1,0,차대차 - 기타,교차로운행방법위반,건조,맑음,교차로 - 교차로안,승용,남,69세,상해없음,승용,여,35세,상해없음
2018071600100371,2018년 7월 16일 15시,월요일,제주특별자치도 서귀포시 표선면,경상사고,0,0,2,0,차대차 - 측면충돌,불법유턴,건조,맑음,교차로 - 교차로안,승합,남,53세,상해없음,이륜,남,20세,경상
2018071600100506,2018년 7월 16일 18시,월요일,제주특별자치도 제주시 용담이동,중상사고,0,1,0,0,차대차 - 측면충돌,교차로운행방법위반,건조,맑음,교차로 - 교차로안,승용,남,47세,상해없음,승용,남,65세,중상
2018071700100016,2018년 7월 17일 01시,화요일,제주특별자치도 서귀포시 강정동,부상신고사고,0,0,0,1,차량단독 - 기타,안전운전불이행,건조,맑음,교차로 - 교차로부근,승용,남,25세,부상신고,,,,
2018071700100017,2018년 7월 17일 01시,화요일,제주특별자치도 제주시 애월읍,부상신고사고,0,0,0,1,차대차 - 기타,안전운전불이행,건조,흐림,단일로 - 기타,화물,남,24세,부상신고,승용,남,24세,상해없음
2018071700100094,2018년 7월 17일 07시,화요일,제주특별자치도 서귀포시 호근동,경상사고,0,0,1,0,차대차 - 추돌,안전운전불이행,건조,맑음,단일로 - 기타,승용,남,28세,상해없음,화물,남,50세,경상
2018071700100095,2018년 7월 17일 07시,화요일,제주특별자치도 제주시 연동,경상사고,0,0,1,0,차대차 - 기타,중앙선침범,건조,맑음,단일로 - 기타,건설기계,남,51세,상해없음,승용,여,24세,경상