사고번호,사고일시,요일,시군구,사고내용,사망자수,중상자수,경상자수,부상신고자수,사고유형,법규위반,노면상태,기상상태,도로형태,가해운전자 차종,가해운전자 성별,가해운전자 연령,가해운전자 상해정도,피해운전자 차종,피해운전자 성별,피해운전자 연령,피해운전자 상해정도
2018071700100096,2018년 7월 17일 07시,화요일,제주특별자치도 제주시 용담이동,경상사고,0,0,1,0,차대차 - 기타,안전거리미확보,건조,맑음,단일로 - 기타,승용,남,32세,상해없음,화물,남,33세,경상
2018071700100293,2018년 7월 17일 12시,화요일,제주특별자치도 제주시 조천읍,중상사고,0,1,0,0,차대사람 - 기타,안전운전불이행,건조,맑음,주차장 - 주차장,화물,남,39세,상해없음,보행자,여,54세,중상
2018071700100294,2018년 7월 17일 12시,화요일,제주특별자치도 제주시 한림읍,경상사고,0,0,1,0,차대차 - 기타,안전운전불이행,건조,흐림,교차로 - 교차로안,원동기,여,76세,경상,화물,남,38세,상해없음
2018071700100352,2018년 7월 17일 14시,화요일,제주특별자치도 서귀포시 표선면,경상사고,0,0,1,0,차대차 - 추돌,안전운전불이행,건조,맑음,단일로 - 기타,화물,여,55세,상해없음,승용,여,29세,경상
2018071700100353,2018년 7월 17일 14시,화요일,제주특별자치도 제주시 용담이동,경상사고,0,0,1,0,차대차 - 추돌,안전운전불이행,건조,맑음,단일로 - 기타,승용,남,25세,기타불명,승용,여,28세,경상
2018071700100403,2018년 7월 17일 15시,화요일,제주특별자치도 제주시 우도면,경상사고,0,0,2,0,차량단독 - 공작물충돌,안전운전불이행,건조,맑음,단일로 - 기타,이륜,남,21세,경상,,,,
2018071700100404,2018년 7월 17일 15시,화요일,제주특별자치도 제주시 구좌읍,경상사고,0,0,1,0,차대차 - 추돌,안전거리미확보,건조,맑음,단일로 - 기타,승용,여,22세,상해없음,이륜,남,24세,경상
2018071700100446,2018년 7월 17일 16시,화요일,제주특별자치도 제주시 화북이동,경상사고,0,0,2,0,차대차 - 측면충돌,안전운전불이행,건조,맑음,단일로 - 기타,화물,남,49세,상해없음,승용,남,41세,경상
2018071700100495,2018년 7월 17일 17시,화요일,제주특별자치도 서귀포시 호근동,중상사고,0,2,1,0,차대차 - 기타,중앙선침범,건조,맑음,교차로 - 교차로부근,승용,남,22세,상해없음,화물,남,36세,경상
2018071700100496,2018년 7월 17일 17시,화요일,제주특별자치도 서귀포시 중문동,경상사고,0,0,1,0,차대차 - 기타,교차로운행방법위반,건조,맑음,교차로 - 교차로부근,승용,남,35세,상해없음,승용,여,36세,경상
2018071700100539,2018년 7월 17일 18시,화요일,제주특별자치도 제주시 조천읍,경상사고,0,0,2,0,차대차 - 측면충돌,교차로운행방법위반,건조,맑음,교차로 - 교차로안,승용,여,37세,경상,승용,남,42세,경상
2018071700100638,2018년 7월 17일 21시,화요일,제주특별자치도 제주시 한림읍,사망사고,1,0,0,0,차대사람 - 횡단중,보행자보호의무위반,건조,맑음,교차로 - 교차로횡단보도내,승용,남,33세,상해없음,보행자,남,69세,사망
2018071800100054,2018년 7월 18일 05시,수요일,제주특별자치도 제주시 조천읍,중상사고,0,1,0,0,차대차 - 기타,안전거리미확보,건조,맑음,단일로 - 기타,화물,남,41세,상해없음,사륜오토바이(ATV),여,77세,중상
2018071800100138,2018년 7월 18일 08시,수요일,제주특별자치도 제주시 도남동,중상사고,0,1,2,0,차대차 - 추돌,안전거리미확보,건조,맑음,단일로 - 기타,화물,남,46세,상해없음,승용,남,24세,경상
2018071800100139,2018년 7월 18일 08시,수요일,제주특별자치도 제주시 한림읍,경상사고,0,0,3,0,차대차 - 측면충돌,안전운전불이행,건조,맑음,단일로 - 기타,승용,여,45세,경상,승용,남,42세,경상
2018071800100172,2018년 7월 18일 09시,수요일,제주특별자치도 서귀포시 법환동,경상사고,0,0,2,1,차대차 - 측면충돌,직진우회전진행방해,건조,맑음,교차로 - 교차로안,이륜,남,22세,부상신고,승용,여,34세,경상
2018071800100203,2018년 7월 18일 10시,수요일,제주특별자치도 제주시 한경면,중상사고,0,1,0,0,차대차 - 측면충돌,안전운전불이행,건조,맑음,단일로 - 기타,승용,여,31세,상해없음,이륜,여,80세,중상
2018071800100204,2018년 7월 18일 10시,수요일,제주특별자치도 제주시 한림읍,중상사고,0,1,0,0,차대차 - 기타,기타,건조,맑음,단일로 - 기타,승용,남,32세,상해없음,자전거,남,48세,중상
2018071800100229,2018년 7월 18일 11시,수요일,제주특별자치도 제주시 한경면,중상사고,0,1,1,0,차대차 - 기타,안전거리미확보,건조,맑음,단일로 - 기타,화물,남,73세,경상,특수,남,46세,중상
2018071800100261,2018년 7월 18일 12시,수요일,제주특별자치도 서귀포시 토평동,부상신고사고,0,0,0,1,차대차 - 기타,안전거리미확보,건조,맑음,기타 - 기타,화물,남,70세,상해없음,승용,남,46세,부상신고
2018071800100287,2018년 7월 18일 13시,수요일,제주특별자치도 서귀포시 동홍동,중상사고,0,1,0,0,차량단독 - 도로외이탈 - 추락,안전운전불이행,건조,맑음,기타 - 기타,화물,남,70세,상해없음,,,,
2018071800100323,2018년 7월 18일 14시,수요일,제주특별자치도 제주시 이도이동,경상사고,0,0,3,0,차대차 - 추돌,과속,건조,맑음,교차로 - 교차로부근,승용,남,32세,경상,승용,남,38세,경상
2018071800100398,2018년 7월 18일 16시,수요일,제주특별자치도 제주시 이도이동,중상사고,0,2,1,0,차대차 - 기타,교차로운행방법위반,건조,맑음,교차로 - 교차로안,승용,여,39세,상해없음,승합,남,41세,상해없음
2018071800100399,2018년 7월 18일 16시,수요일,제주특별자치도 서귀포시 표선면,중상사고,0,1,0,0,차대사람 - 기타,안전운전불이행,건조,맑음,교차로 - 교차로부근,화물,남,60세,상해없음,보행자,남,38세,중상
2018071800100438,2018년 7월 18일 17시,수요일,제주특별자치도 제주시 연동,부상신고사고,0,0,0,1,차대사람 - 기타,안전운전불이행,건조,맑음,단일로 - 기타,승용,여,43세,상해없음,보행자,여,15세,부상신고
2018071800100439,2018년 7월 18일 17시,수요일,제주특별자치도 제주시 노형동,경상사고,0,0,1,0,차대차 - 측면충돌,신호위반,건조,맑음,기타 - 기타,자전거,남,10세,경상,승용,여,43세,상해없음
2018071800100494,2018년 7월 18일 18시,수요일,제주특별자치도 제주시 한경면,경상사고,0,0,1,0,차대차 - 기타,직진우회전진행방해,건조,맑음,교차로 - 교차로안,이륜,여,61세,경상,승용,남,39세,상해없음
2018071800100529,2018년 7월 18일 19시,수요일,제주특별자치도 제주시 구좌읍,경상사고,0,0,1,0,차량단독 - 공작물충돌,안전운전불이행,건조,맑음,단일로 - 기타,화물,남,48세,경상,,,,
2018071800100598,2018년 7월 18일 21시,수요일,제주특별자치도 서귀포시 성산읍,경상사고,0,0,3,0,차대사람 - 기타,안전운전불이행,건조,흐림,단일로 - 기타,승용,여,41세,상해없음,보행자,여,72세,경상
2018071800100649,2018년 7월 18일 23시,수요일,제주특별자치도 서귀포시 동홍동,경상사고,0,0,1,0,차량단독 - 기타,안전운전불이행,건조,맑음,단일로 - 기타,이륜,남,17세,경상,,,,
2018071900100038,2018년 7월 19일 03시,목요일,제주특별자치도 제주시 애월읍,경상사고,0,0,2,0,차량단독 - 공작물충돌,안전운전불이행,건조,기타,단일로 - 기타,이륜,남,35세,경상,,,,
2018071900100142,2018년 7월 19일 08시,목요일,제주특별자치도 제주시 아라일동,경상사고,0,0,2,0,차대차 - 후진중충돌,안전운전불이행,건조,맑음,단일로 - 기타,승용,여,20세,상해없음,승용,남,36세,경상
2018071900100143,2018년 7월 19일 08시,목요일,제주특별자치도 서귀포시 호근동,중상사고,0,1,0,0,차대차 - 추돌,안전운전불이행,건조,맑음,교차로 - 교차로부근,승용,여,59세,상해없음,화물,남,43세,중상
2018071900100144,2018년 7월 19일 08시,목요일,제주특별자치도 제주시 용담이동,경상사고,0,0,1,0,차대차 - 측면충돌,안전거리미확보,건조,맑음,단일로 - 기타,승용,남,70세,상해없음,승용,남,54세,경상
2018071900100270,2018년 7월 19일 11시,목요일,제주특별자치도 서귀포시 대정읍,중상사고,0,1,0,1,차대차 - 측면충돌,교차로운행방법위반,건조,맑음,교차로 - 교차로안,승용,남,69세,부상신고,이륜,여,69세,중상
2018071900100296,2018년 7월 19일 12시,목요일,제주특별자치도 제주시 도두이동,경상사고,0,0,1,0,차대사람 - 차도통행중,안전운전불이행,건조,맑음,단일로 - 기타,승합,여,57세,상해없음,보행자,남,58세,경상
2018071900100439,2018년 7월 19일 16시,목요일,제주특별자치도 제주시 조천읍,경상사고,0,0,1,0,차대사람 - 기타,안전운전불이행,건조,맑음,단일로 - 기타,승용,남,35세,상해없음,보행자,여,52세,경상
2018071900100440,2018년 7월 19일 16시,목요일,제주특별자치도 서귀포시 동홍동,중상사고,0,2,2,0,차대차 - 측면충돌,신호위반,건조,맑음,교차로 - 교차로안,승용,남,61세,경상,승합,남,28세,상해없음
2018071900100496,2018년 7월 19일 17시,목요일,제주특별자치도 제주시 도두이동,경상사고,0,0,2,0,차대차 - 측면충돌,안전운전불이행,건조,맑음,단일로 - 기타,승합,남,43세,상해없음,화물,남,40세,경상
2018071900100497,2018년 7월 19일 17시,목요일,제주특별자치도 제주시 외도일동,경상사고,0,0,1,0,차대사람 - 기타,기타,건조,맑음,교차로 - 교차로안,화물,남,68세,상해없음,보행자,여,78세,경상
2018071900100554,2018년 7월 19일 18시,목요일,제주특별자치도 서귀포시 서홍동,중상사고,0,1,0,0,차대차 - 측면충돌,교차로운행방법위반,건조,맑음,교차로 - 교차로안,화물,여,55세,상해없음,승합,남,52세,상해없음
2018071900100555,2018년 7월 19일 18시,목요일,제주특별자치도 서귀포시 서귀동,경상사고,0,0,1,0,차대차 - 측면충돌,기타,건조,맑음,교차로 - 교차로안,승용,남,23세,상해없음,승용,남,68세,경상
2018071900100631,2018년 7월 19일 20시,목요일,제주특별자치도 제주시 한경면,경상사고,0,0,3,0,차대차 - 기타,안전운전불이행,건조,맑음,단일로 - 기타,화물,남,54세,상해없음,승용,남,42세,경상
2018072000100013,2018년 7월 20일 00시,금요일,제주특별자치도 제주시 애월읍,중상사고,0,1,0,1,차대차 - 추돌,안전운전불이행,건조,맑음,단일로 - 기타,승용,남,36세,부상신고,화물,남,56세,중상
2018072000100144,2018년 7월 20일 08시,금요일,제주특별자치도 제주시 한경면,경상사고,0,0,1,2,차대차 - 기타,직진우회전진행방해,건조,맑음,교차로 - 교차로안,승용,여,59세,부상신고,화물,남,54세,경상
2018072000100145,2018년 7월 20일 08시,금요일,제주특별자치도 제주시 노형동,경상사고,0,0,1,0,차대차 - 측면충돌,안전거리미확보,건조,맑음,교차로 - 교차로부근,화물,남,48세,상해없음,승용,여,53세,경상
2018072000100221,2018년 7월 20일 10시,금요일,제주특별자치도 제주시 연동,부상신고사고,0,0,0,2,차대차 - 측면충돌,교차로운행방법위반,건조,맑음,교차로 - 교차로안,화물,남,69세,상해없음,승용,여,29세,부상신고
2018072000100222,2018년 7월 20일 10시,금요일,제주특별자치도 제주시 용담이동,부상신고사고,0,0,0,2,차대차 - 기타,안전운전불이행,건조,맑음,교차로 - 교차로안,화물,남,40세,부상신고,승용,남,48세,부상신고
2018072000100261,2018년 7월 20일 11시,금요일,제주특별자치도 서귀포시 하예동,경상사고,0,0,1,0,차대차 - 측면충돌,직진우회전진행방해,건조,맑음,교차로 - 교차로안,승용,남,51세,경상,화물,남,52세,상해없음
2018072000100300,2018년 7월 20일 12시,금요일,제주특별자치도 제주시 구좌읍,중상사고,0,1,0,0,차대차 - 측면충돌,안전운전불이행,건조,맑음,단일로 - 기타,승용,여,22세,상해없음,이륜,남,78세,중상
2018072000100378,2018년 7월 20일 14시,금요일,제주특별자치도 제주시 아라일동,경상사고,0,0,2,0,차대차 - 기타,중앙선침범,건조,맑음,단일로 - 기타,승용,남,52세,상해없음,승용,여,27세,경상
2018072000100519,2018년 7월 20일 17시,금요일,제주특별자치도 제주시 조천읍,경상사고,0,0,1,0,차대사람 - 횡단중,보행자보호의무위반,건조,맑음,교차로 - 교차로횡단보도내,승용,남,69세,상해없음,보행자,남,61세,경상
2018072000100520,2018년 7월 20일 17시,금요일,제주특별자치도 서귀포시 신효동,경상사고,0,0,1,0,차대차 - 기타,안전운전불이행,건조,맑음,단일로 - 기타,원동기,남,72세,경상,화물,남,65세,상해없음
2018072000100595,2018년 7월 20일 18시,금요일,제주특별자치도 제주시 이도이동,중상사고,0,1,0,0,차대사람 - 기타,기타,건조,맑음,단일로 - 기타,승용,여,36세,상해없음,보행자,남,4세,중상
2018072000100596,2018년 7월 20일 18시,금요일,제주특별자치도 서귀포시 월평동,경상사고,0,0,2,0,차대차 - 기타,기타,건조,맑음,교차로 - 교차로안,승용,여,25세,상해없음,승용,여,59세,경상
2018072000100643,2018년 7월 20일 19시,금요일,제주특별자치도 서귀포시 법환동,부상신고사고,0,0,0,1,차량단독 - 공작물충돌,안전운전불이행,건조,맑음,단일로 - 기타,이륜,남,75세,부상신고,,,,
2018072000100730,2018년 7월 20일 21시,금요일,제주특별자치도 서귀포시 성산읍,경상사고,0,0,1,0,차대차 - 측면충돌,차로위반,건조,맑음,교차로 - 교차로안,승용,남,50세,상해없음,승용,여,31세,경상
2018072000100795,2018년 7월 20일 23시,금요일,제주특별자치도 제주시 연동,부상신고사고,0,0,0,1,차대사람 - 기타,안전운전불이행,기타,맑음,기타 - 기타,기타불명,기타불명,미분류,기타불명,보행자,남,54세,부상신고
2018072100100138,2018년 7월 21일 08시,토요일,제주특별자치도 제주시 애월읍,중상사고,0,1,1,0,차대차 - 기타,신호위반,건조,맑음,교차로 - 교차로안,화물,남,45세,상해없음,승용,여,50세,경상
2018072100100194,2018년 7월 21일 10시,토요일,제주특별자치도 제주시 구좌읍,경상사고,0,0,1,0,차대사람 - 기타,안전운전불이행,건조,맑음,단일로 - 기타,승합,남,55세,상해없음,보행자,여,36세,경상
2018072100100224,2018년 7월 21일 11시,토요일,제주특별자치도 서귀포시 하효동,중상사고,0,1,0,0,차대사람 - 횡단중,보행자보호의무위반,건조,맑음,단일로 - 기타,승용,남,40세,상해없음,보행자,남,55세,중상
2018072100100262,2018년 7월 21일 12시,토요일,제주특별자치도 제주시 봉개동,경상사고,0,0,4,0,차대차 - 추돌,안전운전불이행,건조,맑음,교차로 - 교차로부근,화물,남,62세,상해없음,승용,남,40세,경상
2018072100100263,2018년 7월 21일 12시,토요일,제주특별자치도 제주시 건입동,경상사고,0,0,2,0,차대차 - 측면충돌,안전거리미확보,건조,맑음,교차로 - 교차로부근,승용,남,67세,상해없음,승용,여,26세,경상
2018072100100264,2018년 7월 21일 12시,토요일,제주특별자치도 제주시 해안동,경상사고,0,0,1,0,차대차 - 추돌,안전거리미확보,건조,맑음,단일로 - 기타,승용,남,47세,상해없음,승용,여,63세,경상
2018072100100342,2018년 7월 21일 14시,토요일,제주특별자치도 제주시 용담이동,경상사고,0,0,1,0,차대차 - 기타,교차로운행방법위반,건조,맑음,교차로 - 교차로안,승용,남,64세,상해없음,승용,여,68세,경상
2018072100100405,2018년 7월 21일 16시,토요일,제주특별자치도 서귀포시 서홍동,경상사고,0,0,1,0,차량단독 - 전도전복 - 전도,안전운전불이행,젖음/습기,맑음,단일로 - 기타,승합,남,37세,경상,미분류,미분류,미분류,미분류
2018072100100406,2018년 7월 21일 16시,토요일,제주특별자치도 제주시 연동,경상사고,0,0,2,0,차대차 - 측면충돌,직진우회전진행방해,건조,맑음,교차로 - 교차로안,승용,남,57세,상해없음,승용,남,27세,경상
2018072100100449,2018년 7월 21일 17시,토요일,제주특별자치도 서귀포시 성산읍,경상사고,0,0,3,0,차대차 - 기타,안전거리미확보,건조,맑음,단일로 - 기타,특수,남,19세,상해없음,승합,남,54세,상해없음
2018072100100517,2018년 7월 21일 19시,토요일,제주특별자치도 제주시 노형동,경상사고,0,0,1,0,차대차 - 추돌,안전운전불이행,건조,맑음,단일로 - 기타,기타불명,기타불명,미분류,기타불명,승용,여,24세,경상
2018072100100575,2018년 7월 21일 21시,토요일,제주특별자치도 제주시 용담삼동,경상사고,0,0,1,0,차대사람 - 횡단중,안전운전불이행,건조,맑음,단일로 - 기타,승용,여,28세,상해없음,보행자,남,63세,경상
2018072100100576,2018년 7월 21일 21시,토요일,제주특별자치도 제주시 용담이동,경상사고,0,0,1,0,차대차 - 측면충돌,차로위반,건조,맑음,교차로 - 교차로부근,승용,남,23세,상해없음,승용,남,57세,경상
2018072100100604,2018년 7월 21일 22시,토요일,제주특별자치도 제주시 노형동,부상신고사고,0,0,0,5,차대차 - 기타,직진우회전진행방해,건조,맑음,교차로 - 교차로안,승용,여,44세,상해없음,승용,여,36세,부상신고
2018072200100140,2018년 7월 22일 10시,일요일,제주특별자치도 제주시 건입동,경상사고,0,0,1,0,차대차 - 측면충돌,교차로운행방법위반,건조,맑음,교차로 - 교차로안,승용,남,43세,상해없음,화물,남,66세,경상
2018072200100381,2018년 7월 22일 18시,일요일,제주특별자치도 제주시 해안동,부상신고사고,0,0,0,3,차대차 - 추돌,안전거리미확보,건조,맑음,단일로 - 기타,승용,여,20세,상해없음,승합,남,43세,부상신고
2018072200100416,2018년 7월 22일 19시,일요일,제주특별자치도 서귀포시 서귀동,중상사고,0,1,0,0,차대사람 - 횡단중,안전운전불이행,건조,맑음,단일로 - 기타,승용,여,41세,상해없음,보행자,남,65세,중상
2018072200100474,2018년 7월 22일 21시,일요일,제주특별자치도 서귀포시 남원읍,경상사고,0,0,1,0,차량단독 - 기타,안전운전불이행,건조,맑음,단일로 - 기타,승용,여,28세,경상,,,,
2018072200100475,2018년 7월 22일 21시,일요일,제주특별자치도 제주시 노형동,중상사고,0,1,0,0,차량단독 - 기타,기타,건조,맑음,교차로 - 교차로부근,승합,남,55세,상해없음,,,,
2018072300100009,2018년 7월 23일 00시,월요일,제주특별자치도 제주시 도남동,중상사고,0,1,0,0,차대사람 - 횡단중,안전운전불이행,건조,맑음,단일로 - 기타,승용,남,27세,상해없음,보행자,남,51세,중상
2018072300100060,2018년 7월 23일 06시,월요일,제주특별자치도 제주시 연동,경상사고,0,0,2,0,차대차 - 정면충돌,중앙선침범,건조,맑음,교차로 - 교차로부근,승용,여,40세,상해없음,승용,남,58세,경상
2018072300100188,2018년 7월 23일 10시,월요일,제주특별자치도 제주시 도련일동,경상사고,0,0,2,0,차대차 - 추돌,안전거리미확보,건조,맑음,교차로 - 교차로부근,화물,남,26세,상해없음,승용,여,37세,경상
2018072300100225,2018년 7월 23일 11시,월요일,제주특별자치도 서귀포시 표선면,경상사고,0,0,2,0,차대차 - 기타,신호위반,건조,맑음,교차로 - 교차로안,승합,남,49세,상해없음,승용,남,44세,경상
2018072300100441,2018년 7월 23일 17시,월요일,제주특별자치도 제주시 이도일동,중상사고,0,1,0,0,차대사람 - 차도통행중,보행자보호의무위반,건조,맑음,단일로 - 기타,승용,여,44세,상해없음,보행자,남,4세,중상
2018072300100442,2018년 7월 23일 17시,월요일,제주특별자치도 제주시 애월읍,중상사고,0,1,1,0,차대차 - 측면충돌,안전운전불이행,건조,맑음,교차로 - 교차로안,승용,여,68세,중상,화물,남,48세,경상
2018072300100613,2018년 7월 23일 22시,월요일,제주특별자치도 제주시 이도이동,부상신고사고,0,0,0,1,차대차 - 측면충돌,안전운전불이행,건조,맑음,교차로 - 교차로부근,이륜,남,25세,부상신고,승합,남,45세,상해없음
2018072400100019,2018년 7월 24일 01시,화요일,제주특별자치도 제주시 봉개동,경상사고,0,0,1,0,차량단독 - 기타,안전운전불이행,건조,맑음,단일로 - 기타,승용,남,22세,경상,,,,
2018072400100020,2018년 7월 24일 01시,화요일,제주특별자치도 서귀포시 색달동,중상사고,0,2,0,0,차대차 - 측면충돌,직진우회전진행방해,건조,맑음,교차로 - 교차로안,승용,여,23세,상해없음,승용,여,28세,중상
2018072400100088,2018년 7월 24일 07시,화요일,제주특별자치도 제주시 도련일동,중상사고,0,1,0,0,차대차 - 측면충돌,안전운전불이행,건조,맑음,단일로 - 기타,승용,남,54세,상해없음,이륜,남,58세,중상
2018072400100089,2018년 7월 24일 07시,화요일,제주특별자치도 제주시 이도이동,경상사고,0,0,1,0,차대차 - 측면충돌,교차로운행방법위반,건조,맑음,교차로 - 교차로안,승용,여,29세,상해없음,자전거,남,67세,경상
2018072400100251,2018년 7월 24일 11시,화요일,제주특별자치도 제주시 구좌읍,경상사고,0,0,2,0,차대차 - 측면충돌,교차로운행방법위반,건조,맑음,교차로 - 교차로안,승용,여,35세,상해없음,승용,남,28세,경상
2018072400100404,2018년 7월 24일 15시,화요일,제주특별자치도 제주시 조천읍,중상사고,0,1,0,0,차대차 - 측면충돌,직진우회전진행방해,건조,맑음,교차로 - 교차로안,승용,여,76세,상해없음,승용,여,45세,중상
2018072400100437,2018년 7월 24일 16시,화요일,제주특별자치도 제주시 조천읍,경상사고,0,0,2,0,차대차 - 측면충돌,신호위반,건조,맑음,교차로 - 교차로안,승용,남,37세,상해없음,화물,남,28세,경상
2018072400100481,2018년 7월 24일 17시,화요일,제주특별자치도 제주시 노형동,경상사고,0,0,1,0,차대차 - 기타,안전운전불이행,건조,맑음,단일로 - 기타,승용,남,22세,상해없음,승용,여,55세,경상
2018072400100568,2018년 7월 24일 19시,화요일,제주특별자치도 제주시 노형동,경상사고,0,0,1,0,차대차 - 추돌,안전운전불이행,건조,맑음,단일로 - 기타,화물,남,57세,상해없음,승용,남,40세,경상
2018072400100604,2018년 7월 24일 20시,화요일,제주특별자치도 서귀포시 서귀동,경상사고,0,0,1,0,차대차 - 측면충돌,기타,건조,맑음,교차로 - 교차로안,이륜,남,22세,경상,승용,남,45세,상해없음
2018072500100008,2018년 7월 25일 00시,수요일,제주특별자치도 제주시 노형동,부상신고사고,0,0,0,1,차대차 - 기타,안전운전불이행,건조,맑음,단일로 - 기타,자전거,남,53세,부상신고,화물,남,58세,상해없음
2018072500100040,2018년 7월 25일 03시,수요일,제주특별자치도 제주시 한경면,사망사고,1,0,0,0,차량단독 - 공작물충돌,안전운전불이행,건조,맑음,단일로 - 기타,승용,여,40세,사망,,,,
2018072500100051,2018년 7월 25일 04시,수요일,제주특별자치도 제주시 구좌읍,중상사고,0,1,1,0,차대차 - 기타,안전거리미확보,건조,맑음,단일로 - 기타,승용,남,52세,경상,농기계,남,72세,중상
2018072500100059,2018년 7월 25일 05시,수요일,제주특별자치도 제주시 오라일동,경상사고,0,0,1,0,차대차 - 측면충돌,신호위반,건조,맑음,교차로 - 교차로안,승용,남,37세,상해없음,승용,남,32세,경상
2018072500100091,2018년 7월 25일 07시,수요일,제주특별자치도 제주시 연동,경상사고,0,0,1,0,차대차 - 기타,안전운전불이행,건조,맑음,기타 - 기타,화물,남,52세,상해없음,승용,여,32세,경상
2018072500100151,2018년 7월 25일 09시,수요일,제주특별자치도 제주시 이도이동,경상사고,0,0,1,0,차대차 - 기타,안전운전불이행,건조,맑음,교차로 - 교차로안,승용,여,49세,경상,승용,여,48세,상해없음
2018072500100152,2018년 7월 25일 09시,수요일,제주특별자치도 서귀포시 동홍동,경상사고,0,0,2,0,차대차 - 기타,차로위반,건조,맑음,단일로 - 기타,승용,여,36세,상해없음,승용,남,36세,경상
2018072500100153,2018년 7월 25일 09시,수요일,제주특별자치도 제주시 애월읍,중상사고,0,1,0,0,차대차 - 기타,직진우회전진행방해,건조,맑음,교차로 - 교차로안,승합,남,48세,상해없음,승용,여,54세,중상
2018072500100224,2018년 7월 25일 11시,수요일,제주특별자치도 서귀포시 서홍동,경상사고,0,0,1,3,차대차 - 추돌,안전운전불이행,건조,맑음,교차로 - 교차로안,승용,남,22세,상해없음,승용,남,24세,부상신고
2018072500100365,2018년 7월 25일 15시,수요일,제주특별자치도 제주시 이도이동,경상사고,0,0,1,0,차대차 - 추돌,안전운전불이행,건조,맑음,교차로 - 교차로부근,화물,남,57세,상해없음,승용,여,48세,경상
2018072500100366,2018년 7월 25일 15시,수요일,제주특별자치도 제주시 노형동,경상사고,0,0,1,0,차대차 - 측면충돌,안전운전불이행,건조,맑음,단일로 - 기타,승용,남,64세,상해없음,자전거,남,70세,경상
2018072500100439,2018년 7월 25일 17시,수요일,제주특별자치도 제주시 한림읍,경상사고,0,0,4,0,차대차 - 기타,직진우회전진행방해,건조,맑음,교차로 - 교차로안,승용,남,66세,경상,승용,여,27세,경상
2018072500100482,2018년 7월 25일 18시,수요일,제주특별자치도 제주시 용담일동,경상사고,0,0,1,0,차대사람 - 기타,안전운전불이행,건조,맑음,교차로 - 교차로부근,기타불명,기타불명,미분류,기타불명,보행자,남,58세,경상
2018072500100526,2018년 7월 25일 19시,수요일,제주특별자치도 서귀포시 토평동,경상사고,0,0,1,0,차대차 - 기타,안전운전불이행,건조,맑음,교차로 - 교차로안,승용,여,54세,상해없음,이륜,여,59세,경상
2018072500100562,2018년 7월 25일 20시,수요일,제주특별자치도 제주시 삼양일동,경상사고,0,0,1,0,차대차 - 측면충돌,안전운전불이행,건조,맑음,단일로 - 기타,이륜,남,17세,경상,승용,남,24세,상해없음
2018072500100615,2018년 7월 25일 22시,수요일,제주특별자치도 제주시 연동,부상신고사고,0,0,0,1,차대차 - 기타,안전운전불이행,건조,맑음,단일로 - 기타,이륜,남,41세,부상신고,승용,여,48세,상해없음
2018072600100140,2018년 7월 26일 08시,목요일,제주특별자치도 제주시 아라이동,경상사고,0,0,1,0,차대사람 - 횡단중,보행자보호의무위반,건조,맑음,기타 - 기타,승용,여,46세,상해없음,보행자,여,59세,경상
2018072600100179,2018년 7월 26일 09시,목요일,제주특별자치도 제주시 연동,경상사고,0,0,1,0,차대차 - 측면충돌,안전운전불이행,건조,맑음,교차로 - 교차로부근,승용,남,56세,상해없음,승용,남,36세,상해없음
2018072600100292,2018년 7월 26일 13시,목요일,제주특별자치도 제주시 구좌읍,중상사고,0,1,4,0,차대차 - 추돌,안전운전불이행,건조,맑음,교차로 - 교차로부근,승합,여,36세,상해없음,승합,남,36세,중상
2018072600100293,2018년 7월 26일 13시,목요일,제주특별자치도 서귀포시 서귀동,경상사고,0,0,1,0,차대사람 - 기타,안전운전불이행,건조,맑음,교차로 - 교차로안,이륜,남,35세,상해없음,보행자,여,64세,경상
2018072600100327,2018년 7월 26일 14시,목요일,제주특별자치도 서귀포시 동홍동,중상사고,0,1,1,0,차량단독 - 공작물충돌,안전운전불이행,건조,맑음,단일로 - 기타,승용,여,53세,경상,,,,
2018072600100362,2018년 7월 26일 15시,목요일,제주특별자치도 제주시 연동,경상사고,0,0,1,0,차대차 - 기타,안전운전불이행,건조,맑음,단일로 - 기타,승용,여,46세,상해없음,승용,남,66세,경상
2018072600100389,2018년 7월 26일 16시,목요일,제주특별자치도 제주시 아라일동,경상사고,0,0,1,0,차대차 - 추돌,안전거리미확보,건조,흐림,교차로 - 교차로부근,화물,남,76세,상해없음,승용,남,44세,경상
2018072600100390,2018년 7월 26일 16시,목요일,제주특별자치도 제주시 봉개동,중상사고,0,2,0,0,차대차 - 추돌,안전운전불이행,건조,맑음,교차로 - 교차로부근,화물,남,50세,중상,승용,남,37세,중상
2018072600100431,2018년 7월 26일 17시,목요일,제주특별자치도 서귀포시 성산읍,중상사고,0,1,0,0,차대차 - 측면충돌,직진우회전진행방해,건조,맑음,교차로 - 교차로안,이륜,여,72세,중상,화물,남,44세,상해없음