사고번호,사고일시,요일,시군구,사고내용,사망자수,중상자수,경상자수,부상신고자수,사고유형,법규위반,노면상태,기상상태,도로형태,가해운전자 차종,가해운전자 성별,가해운전자 연령,가해운전자 상해정도,피해운전자 차종,피해운전자 성별,피해운전자 연령,피해운전자 상해정도
2018072600100558,2018년 7월 26일 21시,목요일,제주특별자치도 제주시 노형동,경상사고,0,0,2,0,차대차 - 측면충돌,안전운전불이행,기타,기타,단일로 - 기타,승용,남,22세,상해없음,승용,여,53세,경상
2018072600100559,2018년 7월 26일 21시,목요일,제주특별자치도 제주시 연동,부상신고사고,0,0,0,1,차대차 - 기타,신호위반,건조,맑음,교차로 - 교차로부근,이륜,남,50세,부상신고,승용,남,68세,상해없음
2018072600100560,2018년 7월 26일 21시,목요일,제주특별자치도 제주시 오라삼동,경상사고,0,0,1,0,차대차 - 기타,안전거리미확보,건조,맑음,단일로 - 기타,승용,여,29세,상해없음,승용,남,25세,경상
2018072700100019,2018년 7월 27일 01시,금요일,제주특별자치도 제주시 용담이동,경상사고,0,0,1,0,차대사람 - 차도통행중,안전운전불이행,건조,맑음,단일로 - 기타,승용,남,39세,상해없음,보행자,남,48세,경상
2018072700100032,2018년 7월 27일 02시,금요일,제주특별자치도 제주시 일도이동,중상사고,0,1,0,0,차대사람 - 기타,안전운전불이행,건조,맑음,단일로 - 기타,승용,여,37세,상해없음,보행자,남,27세,중상
2018072700100173,2018년 7월 27일 09시,금요일,제주특별자치도 제주시 한림읍,부상신고사고,0,0,0,1,차대차 - 측면충돌,교차로운행방법위반,건조,맑음,교차로 - 교차로부근,화물,남,65세,상해없음,승용,남,48세,부상신고
2018072700100352,2018년 7월 27일 14시,금요일,제주특별자치도 서귀포시 토평동,경상사고,0,0,1,0,차대차 - 추돌,안전운전불이행,건조,맑음,교차로 - 교차로부근,승용,남,39세,상해없음,화물,남,61세,경상
2018072700100353,2018년 7월 27일 14시,금요일,제주특별자치도 제주시 연동,부상신고사고,0,0,0,1,차대사람 - 기타,안전운전불이행,건조,맑음,단일로 - 기타,기타불명,기타불명,미분류,기타불명,보행자,남,36세,부상신고
2018072700100391,2018년 7월 27일 15시,금요일,제주특별자치도 서귀포시 색달동,경상사고,0,0,1,0,차대차 - 추돌,안전거리미확보,건조,맑음,교차로 - 교차로부근,화물,남,62세,상해없음,화물,남,40세,경상
2018072700100479,2018년 7월 27일 17시,금요일,제주특별자치도 서귀포시 동홍동,경상사고,0,0,1,0,차대차 - 측면충돌,신호위반,건조,맑음,교차로 - 교차로안,승용,여,66세,상해없음,승용,남,62세,경상
2018072700100534,2018년 7월 27일 18시,금요일,제주특별자치도 서귀포시 색달동,부상신고사고,0,0,0,4,차대차 - 추돌,안전거리미확보,건조,맑음,단일로 - 기타,승용,남,20세,상해없음,승합,남,48세,상해없음
2018072700100535,2018년 7월 27일 18시,금요일,제주특별자치도 제주시 연동,경상사고,0,0,2,0,차대차 - 추돌,안전거리미확보,건조,맑음,단일로 - 기타,승용,남,45세,상해없음,승용,여,46세,경상
2018072800100015,2018년 7월 28일 00시,토요일,제주특별자치도 제주시 노형동,경상사고,0,0,1,0,차대차 - 기타,교차로운행방법위반,건조,맑음,교차로 - 교차로안,승용,남,60세,상해없음,이륜,남,53세,경상
2018072800100041,2018년 7월 28일 01시,토요일,제주특별자치도 제주시 애월읍,중상사고,0,1,0,0,차대사람 - 기타,안전운전불이행,건조,맑음,교차로 - 교차로부근,승용,남,23세,상해없음,보행자,남,37세,중상
2018072800100070,2018년 7월 28일 04시,토요일,제주특별자치도 서귀포시 성산읍,경상사고,0,0,2,0,차대차 - 측면충돌,신호위반,건조,맑음,교차로 - 교차로안,승용,남,51세,상해없음,화물,남,50세,상해없음
2018072800100134,2018년 7월 28일 08시,토요일,제주특별자치도 제주시 용담이동,경상사고,0,0,1,0,차대차 - 후진중충돌,안전운전불이행,건조,맑음,단일로 - 기타,승용,남,61세,상해없음,승용,남,25세,경상
2018072800100169,2018년 7월 28일 09시,토요일,제주특별자치도 제주시 조천읍,경상사고,0,0,1,0,차대차 - 측면충돌,신호위반,건조,맑음,교차로 - 교차로안,화물,남,48세,상해없음,화물,남,54세,경상
2018072800100233,2018년 7월 28일 11시,토요일,제주특별자치도 제주시 연동,부상신고사고,0,0,0,1,차대차 - 기타,안전운전불이행,건조,맑음,기타 - 기타,승합,여,24세,상해없음,승합,남,39세,상해없음
2018072800100397,2018년 7월 28일 16시,토요일,제주특별자치도 서귀포시 표선면,부상신고사고,0,0,0,1,차대차 - 측면충돌,안전운전불이행,건조,맑음,단일로 - 기타,이륜,남,34세,부상신고,승용,남,27세,상해없음
2018072800100398,2018년 7월 28일 16시,토요일,제주특별자치도 제주시 용담이동,경상사고,0,0,1,0,차대차 - 기타,안전운전불이행,기타,맑음,교차로 - 교차로부근,기타불명,기타불명,미분류,기타불명,이륜,남,34세,경상
2018072800100483,2018년 7월 28일 19시,토요일,제주특별자치도 제주시 조천읍,중상사고,0,1,0,0,차량단독 - 전도전복 - 전도,안전운전불이행,건조,맑음,단일로 - 기타,이륜,남,47세,중상,미분류,미분류,미분류,미분류
2018072800100542,2018년 7월 28일 21시,토요일,제주특별자치도 제주시 아라일동,경상사고,0,0,1,0,차대사람 - 기타,안전운전불이행,건조,기타,단일로 - 기타,승용,남,31세,상해없음,보행자,남,41세,경상
2018072900100143,2018년 7월 29일 10시,일요일,제주특별자치도 서귀포시 성산읍,경상사고,0,0,7,0,차대차 - 측면충돌,차로위반,건조,맑음,교차로 - 교차로부근,화물,남,40세,상해없음,승용,남,42세,경상
2018072900100220,2018년 7월 29일 13시,일요일,제주특별자치도 제주시 일도이동,경상사고,0,0,1,0,차대차 - 측면충돌,안전운전불이행,건조,맑음,단일로 - 기타,승용,남,39세,상해없음,자전거,남,61세,경상
2018072900100245,2018년 7월 29일 14시,일요일,제주특별자치도 제주시 이도이동,경상사고,0,0,1,0,차대사람 - 차도통행중,안전운전불이행,건조,맑음,단일로 - 기타,승용,남,23세,상해없음,보행자,남,45세,경상
2018072900100344,2018년 7월 29일 17시,일요일,제주특별자치도 서귀포시 회수동,경상사고,0,0,5,0,차대차 - 측면충돌,교차로운행방법위반,건조,맑음,교차로 - 교차로안,승용,남,29세,경상,승용,남,37세,경상
2018072900100345,2018년 7월 29일 17시,일요일,제주특별자치도 제주시 애월읍,부상신고사고,0,0,0,1,차대사람 - 기타,안전운전불이행,건조,맑음,주차장 - 주차장,화물,남,54세,상해없음,보행자,여,60세,부상신고
2018072900100378,2018년 7월 29일 18시,일요일,제주특별자치도 서귀포시 안덕면,경상사고,0,0,1,0,차대차 - 측면충돌,직진우회전진행방해,건조,맑음,교차로 - 교차로안,이륜,남,67세,경상,승용,여,45세,상해없음
2018072900100379,2018년 7월 29일 18시,일요일,제주특별자치도 서귀포시 표선면,부상신고사고,0,0,0,1,차대차 - 추돌,신호위반,건조,맑음,교차로 - 교차로안,승용,여,78세,부상신고,화물,남,50세,상해없음
2018072900100464,2018년 7월 29일 21시,일요일,제주특별자치도 제주시 용담이동,중상사고,0,1,0,0,차대사람 - 기타,안전운전불이행,건조,맑음,교차로 - 교차로부근,기타불명,기타불명,미분류,기타불명,보행자,남,64세,중상
2018072900100481,2018년 7월 29일 22시,일요일,제주특별자치도 서귀포시 안덕면,사망사고,1,0,0,0,차대사람 - 기타,안전운전불이행,건조,맑음,교차로 - 교차로부근,승용,남,30세,상해없음,보행자,남,60세,사망
2018072900100482,2018년 7월 29일 22시,일요일,제주특별자치도 제주시 연동,경상사고,0,0,1,0,차대차 - 기타,안전운전불이행,건조,맑음,기타 - 기타,자전거,남,52세,경상,승용,남,38세,기타불명
2018073000100030,2018년 7월 30일 03시,월요일,제주특별자치도 서귀포시 중문동,경상사고,0,0,1,0,차대차 - 측면충돌,직진우회전진행방해,건조,맑음,교차로 - 교차로안,승용,남,42세,상해없음,승용,남,36세,경상
2018073000100120,2018년 7월 30일 08시,월요일,제주특별자치도 제주시 화북일동,중상사고,0,1,2,0,차대차 - 기타,중앙선침범,건조,맑음,단일로 - 기타,화물,남,81세,중상,화물,남,69세,경상
2018073000100121,2018년 7월 30일 08시,월요일,제주특별자치도 제주시 연동,경상사고,0,0,1,0,차대차 - 기타,안전거리미확보,건조,맑음,단일로 - 기타,화물,남,49세,상해없음,승용,남,42세,경상
2018073000100197,2018년 7월 30일 10시,월요일,제주특별자치도 서귀포시 대정읍,경상사고,0,0,2,0,차대차 - 기타,교차로운행방법위반,건조,맑음,교차로 - 교차로안,승용,여,56세,경상,승용,남,32세,경상
2018073000100198,2018년 7월 30일 10시,월요일,제주특별자치도 제주시 노형동,경상사고,0,0,1,0,차대차 - 추돌,안전운전불이행,건조,맑음,단일로 - 기타,승용,남,54세,상해없음,승용,남,55세,경상
2018073000100283,2018년 7월 30일 12시,월요일,제주특별자치도 제주시 구좌읍,중상사고,0,2,2,0,차대차 - 기타,안전운전불이행,건조,맑음,교차로 - 교차로안,승용,남,32세,상해없음,승용,남,31세,중상
2018073000100284,2018년 7월 30일 12시,월요일,제주특별자치도 서귀포시 토평동,경상사고,0,0,2,1,차대차 - 측면충돌,기타,건조,맑음,교차로 - 교차로안,승용,남,47세,부상신고,승용,남,55세,경상
2018073000100314,2018년 7월 30일 13시,월요일,제주특별자치도 서귀포시 대정읍,경상사고,0,0,2,0,차대차 - 추돌,안전운전불이행,건조,맑음,단일로 - 기타,화물,남,36세,상해없음,승용,여,67세,경상
2018073000100315,2018년 7월 30일 13시,월요일,제주특별자치도 제주시 애월읍,경상사고,0,0,1,0,차대차 - 기타,기타,건조,맑음,교차로 - 교차로안,승용,남,33세,상해없음,화물,남,46세,경상
2018073000100357,2018년 7월 30일 14시,월요일,제주특별자치도 제주시 아라이동,중상사고,0,3,1,0,차대차 - 기타,신호위반,건조,맑음,교차로 - 교차로안,승용,남,44세,상해없음,승용,여,42세,중상
2018073000100394,2018년 7월 30일 15시,월요일,제주특별자치도 제주시 건입동,경상사고,0,0,3,0,차대차 - 측면충돌,안전운전불이행,건조,맑음,단일로 - 기타,화물,남,51세,상해없음,승용,남,36세,경상
2018073000100395,2018년 7월 30일 15시,월요일,제주특별자치도 서귀포시 성산읍,경상사고,0,0,4,1,차대차 - 측면충돌,기타,건조,맑음,교차로 - 교차로안,승용,남,56세,경상,승용,여,45세,경상
2018073000100480,2018년 7월 30일 17시,월요일,제주특별자치도 서귀포시 중문동,중상사고,0,2,0,0,차대차 - 기타,안전운전불이행,건조,맑음,단일로 - 기타,승용,남,65세,중상,화물,남,54세,중상
2018073000100530,2018년 7월 30일 18시,월요일,제주특별자치도 제주시 도남동,중상사고,0,2,0,0,차대차 - 추돌,안전거리미확보,건조,맑음,단일로 - 기타,승용,남,56세,상해없음,승용,남,61세,중상
2018073000100531,2018년 7월 30일 18시,월요일,제주특별자치도 제주시 이도이동,경상사고,0,0,1,0,차대차 - 기타,차로위반,건조,맑음,교차로 - 교차로부근,승용,남,66세,상해없음,승용,여,65세,경상
2018073000100567,2018년 7월 30일 19시,월요일,제주특별자치도 제주시 애월읍,중상사고,0,1,0,0,차대차 - 기타,직진우회전진행방해,건조,맑음,교차로 - 교차로안,승용,남,32세,상해없음,이륜,남,22세,중상
2018073000100595,2018년 7월 30일 20시,월요일,제주특별자치도 제주시 삼도일동,중상사고,0,1,2,0,차대차 - 추돌,안전운전불이행,건조,맑음,교차로 - 교차로부근,화물,남,57세,상해없음,승용,여,20세,상해없음
2018073000100596,2018년 7월 30일 20시,월요일,제주특별자치도 제주시 한림읍,중상사고,0,1,1,0,차대차 - 기타,직진우회전진행방해,건조,맑음,교차로 - 교차로안,승용,여,42세,상해없음,원동기,남,16세,중상
2018073000100623,2018년 7월 30일 21시,월요일,제주특별자치도 제주시 이도일동,경상사고,0,0,1,0,차대차 - 기타,안전거리미확보,건조,맑음,교차로 - 교차로부근,승용,남,20세,상해없음,이륜,남,19세,경상
2018073000100624,2018년 7월 30일 21시,월요일,제주특별자치도 제주시 노형동,경상사고,0,0,1,0,차대차 - 기타,안전운전불이행,건조,맑음,단일로 - 기타,승용,남,67세,상해없음,승용,여,72세,경상
2018073100100120,2018년 7월 31일 08시,화요일,제주특별자치도 제주시 이도이동,중상사고,0,3,3,0,차대차 - 측면충돌,안전거리미확보,건조,맑음,단일로 - 기타,화물,남,56세,상해없음,승용,남,31세,경상
2018073100100260,2018년 7월 31일 12시,화요일,제주특별자치도 서귀포시 서호동,경상사고,0,0,1,0,차대차 - 측면충돌,직진우회전진행방해,건조,맑음,교차로 - 교차로안,승용,여,42세,상해없음,승용,남,51세,경상
2018073100100292,2018년 7월 31일 13시,화요일,제주특별자치도 제주시 한림읍,경상사고,0,0,1,0,차대차 - 추돌,안전운전불이행,건조,맑음,기타 - 기타,승용,여,58세,상해없음,화물,남,37세,경상
2018073100100333,2018년 7월 31일 14시,화요일,제주특별자치도 서귀포시 대정읍,경상사고,0,0,1,2,차대차 - 측면충돌,직진우회전진행방해,건조,맑음,교차로 - 교차로안,화물,여,66세,경상,승용,남,50세,상해없음
2018073100100334,2018년 7월 31일 14시,화요일,제주특별자치도 제주시 연동,경상사고,0,0,1,0,차대차 - 측면충돌,안전거리미확보,건조,맑음,단일로 - 기타,화물,남,58세,상해없음,승용,남,22세,경상
2018073100100370,2018년 7월 31일 15시,화요일,제주특별자치도 제주시 화북일동,중상사고,0,1,0,0,차대사람 - 횡단중,신호위반,건조,맑음,단일로 - 기타,승용,여,51세,상해없음,보행자,남,8세,중상
2018073100100396,2018년 7월 31일 16시,화요일,제주특별자치도 제주시 오라삼동,경상사고,0,0,1,0,차대차 - 측면충돌,교차로운행방법위반,건조,맑음,교차로 - 교차로안,승합,남,22세,상해없음,승용,남,45세,상해없음
2018073100100433,2018년 7월 31일 17시,화요일,제주특별자치도 제주시 일도이동,경상사고,0,0,2,0,차대차 - 기타,신호위반,건조,맑음,교차로 - 교차로안,승용,남,27세,상해없음,승용,남,35세,경상
2018073100100434,2018년 7월 31일 17시,화요일,제주특별자치도 제주시 한림읍,경상사고,0,0,1,0,차대차 - 측면충돌,안전운전불이행,건조,맑음,교차로 - 교차로안,이륜,남,42세,경상,화물,남,38세,상해없음
2018073100100521,2018년 7월 31일 19시,화요일,제주특별자치도 제주시 도평동,중상사고,0,1,0,0,차대사람 - 횡단중,안전운전불이행,건조,맑음,단일로 - 기타,승용,남,23세,상해없음,보행자,여,80세,중상
2018073100100558,2018년 7월 31일 20시,화요일,제주특별자치도 제주시 애월읍,경상사고,0,0,2,0,차대차 - 추돌,안전거리미확보,건조,맑음,단일로 - 기타,승용,남,25세,경상,승용,남,48세,상해없음
2018073100100583,2018년 7월 31일 21시,화요일,제주특별자치도 서귀포시 서귀동,경상사고,0,0,1,1,차대차 - 측면충돌,직진우회전진행방해,건조,맑음,교차로 - 교차로안,승용,남,47세,부상신고,승용,여,55세,경상
2018073100100584,2018년 7월 31일 21시,화요일,제주특별자치도 제주시 노형동,경상사고,0,0,5,0,차대차 - 기타,안전운전불이행,건조,맑음,교차로 - 교차로부근,화물,남,60세,상해없음,승용,남,41세,경상
2018073100100585,2018년 7월 31일 21시,화요일,제주특별자치도 제주시 용담삼동,부상신고사고,0,0,0,1,차대사람 - 기타,안전운전불이행,건조,맑음,단일로 - 기타,기타불명,기타불명,미분류,기타불명,보행자,남,23세,부상신고
2018080100100179,2018년 8월 1일 09시,수요일,제주특별자치도 제주시 일도이동,경상사고,0,0,2,0,차대차 - 측면충돌,교차로운행방법위반,건조,맑음,교차로 - 교차로안,화물,남,27세,상해없음,이륜,남,61세,경상
2018080100100246,2018년 8월 1일 11시,수요일,제주특별자치도 제주시 한림읍,중상사고,0,1,2,1,차대차 - 측면충돌,직진우회전진행방해,건조,맑음,교차로 - 교차로안,화물,남,63세,부상신고,승용,여,36세,경상
2018080100100275,2018년 8월 1일 12시,수요일,제주특별자치도 서귀포시 동홍동,경상사고,0,0,3,0,차대차 - 측면충돌,교차로운행방법위반,건조,맑음,교차로 - 교차로안,승용,남,31세,경상,승용,여,61세,경상
2018080100100317,2018년 8월 1일 13시,수요일,제주특별자치도 제주시 한림읍,중상사고,0,2,1,0,차대차 - 추돌,안전거리미확보,건조,맑음,단일로 - 기타,승용,여,56세,상해없음,승용,여,45세,경상
2018080100100376,2018년 8월 1일 15시,수요일,제주특별자치도 제주시 연동,중상사고,0,2,1,0,차대차 - 측면충돌,안전거리미확보,건조,맑음,단일로 - 기타,승용,여,44세,경상,승용,여,38세,중상
2018080100100420,2018년 8월 1일 16시,수요일,제주특별자치도 제주시 화북일동,부상신고사고,0,0,0,1,차대사람 - 기타,안전운전불이행,건조,맑음,단일로 - 기타,기타불명,기타불명,미분류,기타불명,보행자,여,48세,부상신고
2018080100100524,2018년 8월 1일 18시,수요일,제주특별자치도 제주시 조천읍,부상신고사고,0,0,0,1,차대사람 - 횡단중,불법유턴,건조,맑음,단일로 - 기타,승용,남,26세,상해없음,보행자,남,6세,부상신고
2018080100100525,2018년 8월 1일 18시,수요일,제주특별자치도 서귀포시 남원읍,중상사고,0,1,0,0,차대사람 - 기타,안전운전불이행,건조,맑음,단일로 - 기타,승용,남,39세,상해없음,보행자,남,14세,중상
2018080100100613,2018년 8월 1일 21시,수요일,제주특별자치도 서귀포시 성산읍,중상사고,0,1,0,0,차량단독 - 기타,안전운전불이행,건조,맑음,단일로 - 기타,승용,남,45세,중상,,,,
2018080100100645,2018년 8월 1일 22시,수요일,제주특별자치도 제주시 건입동,경상사고,0,0,2,0,차대차 - 추돌,안전운전불이행,건조,맑음,교차로 - 교차로부근,승합,남,38세,상해없음,승용,남,46세,경상
2018080100100646,2018년 8월 1일 22시,수요일,제주특별자치도 서귀포시 표선면,부상신고사고,0,0,0,1,차대차 - 추돌,안전거리미확보,건조,맑음,단일로 - 기타,승용,여,23세,상해없음,승용,여,30세,부상신고
2018080200100103,2018년 8월 2일 07시,목요일,제주특별자치도 제주시 이도이동,경상사고,0,0,3,0,차대차 - 추돌,안전운전불이행,건조,맑음,교차로 - 교차로부근,화물,남,38세,상해없음,승용,여,25세,경상
2018080200100148,2018년 8월 2일 08시,목요일,제주특별자치도 제주시 화북이동,경상사고,0,0,1,0,차대차 - 측면충돌,신호위반,건조,맑음,교차로 - 교차로안,이륜,남,67세,상해없음,승용,남,34세,경상
2018080200100187,2018년 8월 2일 09시,목요일,제주특별자치도 제주시 오라이동,경상사고,0,0,1,0,차대차 - 추돌,안전거리미확보,건조,맑음,교차로 - 교차로안,화물,남,56세,상해없음,화물,남,62세,경상
2018080200100241,2018년 8월 2일 11시,목요일,제주특별자치도 서귀포시 성산읍,부상신고사고,0,0,0,2,차대차 - 기타,직진우회전진행방해,건조,맑음,교차로 - 교차로안,승합,남,31세,상해없음,승용,남,47세,상해없음
2018080200100347,2018년 8월 2일 14시,목요일,제주특별자치도 서귀포시 성산읍,부상신고사고,0,0,0,2,차대차 - 기타,안전운전불이행,건조,맑음,기타 - 기타,승용,남,53세,상해없음,승용,남,49세,부상신고
2018080200100375,2018년 8월 2일 15시,목요일,제주특별자치도 제주시 구좌읍,경상사고,0,0,5,0,차대차 - 측면충돌,신호위반,건조,맑음,교차로 - 교차로안,승용,여,26세,상해없음,승용,여,39세,경상
2018080200100376,2018년 8월 2일 15시,목요일,제주특별자치도 서귀포시 남원읍,중상사고,0,1,4,0,차대차 - 기타,안전운전불이행,건조,맑음,교차로 - 교차로안,화물,남,39세,상해없음,승용,여,45세,중상
2018080200100377,2018년 8월 2일 15시,목요일,제주특별자치도 서귀포시 색달동,경상사고,0,0,1,0,차대차 - 추돌,안전거리미확보,건조,맑음,교차로 - 교차로부근,승용,남,38세,상해없음,승용,여,51세,경상
2018080200100409,2018년 8월 2일 16시,목요일,제주특별자치도 제주시 이도이동,중상사고,0,1,0,0,차대사람 - 횡단중,안전운전불이행,건조,맑음,교차로 - 교차로부근,승용,여,21세,상해없음,보행자,여,60세,중상
2018080200100410,2018년 8월 2일 16시,목요일,제주특별자치도 제주시 연동,경상사고,0,0,1,0,차대차 - 기타,안전운전불이행,건조,맑음,교차로 - 교차로안,승용,여,42세,상해없음,승용,여,37세,경상
2018080200100449,2018년 8월 2일 17시,목요일,제주특별자치도 제주시 건입동,경상사고,0,0,1,0,차대차 - 측면충돌,안전거리미확보,건조,맑음,교차로 - 교차로안,승합,남,58세,상해없음,화물,남,60세,경상
2018080200100450,2018년 8월 2일 17시,목요일,제주특별자치도 서귀포시 성산읍,경상사고,0,0,1,0,차대사람 - 기타,안전운전불이행,건조,맑음,주차장 - 주차장,승용,남,60세,상해없음,보행자,여,37세,경상
2018080200100522,2018년 8월 2일 19시,목요일,제주특별자치도 제주시 구좌읍,중상사고,0,1,0,0,차대차 - 측면충돌,신호위반,건조,맑음,교차로 - 교차로횡단보도내,승합,여,40세,상해없음,이륜,여,82세,중상
2018080200100583,2018년 8월 2일 21시,목요일,제주특별자치도 서귀포시 안덕면,경상사고,0,0,3,0,차대차 - 측면충돌,직진우회전진행방해,건조,맑음,교차로 - 교차로안,승용,남,51세,경상,승용,여,47세,경상
2018080300100034,2018년 8월 3일 02시,금요일,제주특별자치도 제주시 연동,경상사고,0,0,1,0,차대차 - 기타,안전운전불이행,건조,맑음,교차로 - 교차로안,승용,남,27세,기타불명,승용,남,63세,상해없음
2018080300100035,2018년 8월 3일 02시,금요일,제주특별자치도 제주시 노형동,중상사고,0,1,0,0,차량단독 - 전도전복 - 전도,안전운전불이행,건조,흐림,단일로 - 기타,이륜,남,39세,중상,미분류,미분류,미분류,미분류
2018080300100091,2018년 8월 3일 07시,금요일,제주특별자치도 제주시 한경면,중상사고,0,1,0,0,차대차 - 측면충돌,안전운전불이행,건조,맑음,단일로 - 기타,화물,남,51세,상해없음,이륜,여,90세 이상,중상
2018080300100147,2018년 8월 3일 09시,금요일,제주특별자치도 제주시 용담이동,경상사고,0,0,1,0,차대차 - 측면충돌,안전거리미확보,건조,맑음,단일로 - 기타,승용,남,74세,상해없음,이륜,남,27세,경상
2018080300100186,2018년 8월 3일 10시,금요일,제주특별자치도 제주시 한경면,경상사고,0,0,1,0,차대차 - 추돌,교차로운행방법위반,건조,맑음,교차로 - 교차로안,승용,여,49세,상해없음,승용,남,48세,경상
2018080300100239,2018년 8월 3일 12시,금요일,제주특별자치도 제주시 노형동,부상신고사고,0,0,0,1,차대차 - 기타,신호위반,건조,맑음,교차로 - 교차로안,승용,남,60세,상해없음,이륜,남,38세,부상신고
2018080300100280,2018년 8월 3일 13시,금요일,제주특별자치도 서귀포시 성산읍,부상신고사고,0,0,0,2,차대차 - 측면충돌,기타,젖음/습기,비,교차로 - 교차로안,승용,남,81세,부상신고,승용,남,27세,상해없음
2018080300100387,2018년 8월 3일 16시,금요일,제주특별자치도 서귀포시 동홍동,중상사고,0,2,2,2,차대차 - 측면충돌,기타,건조,흐림,교차로 - 교차로안,승용,남,27세,부상신고,승용,남,58세,중상
2018080300100388,2018년 8월 3일 16시,금요일,제주특별자치도 제주시 한림읍,중상사고,0,1,0,0,차대차 - 측면충돌,교차로운행방법위반,건조,맑음,교차로 - 교차로안,승용,남,27세,상해없음,이륜,남,57세,중상
2018080300100389,2018년 8월 3일 16시,금요일,제주특별자치도 제주시 노형동,중상사고,0,2,0,0,차대차 - 기타,교차로운행방법위반,건조,맑음,교차로 - 교차로안,승용,남,31세,중상,승용,남,37세,중상
2018080300100429,2018년 8월 3일 17시,금요일,제주특별자치도 서귀포시 서귀동,중상사고,0,2,0,1,차대사람 - 기타,안전운전불이행,건조,맑음,교차로 - 교차로부근,승용,남,69세,상해없음,보행자,여,74세,부상신고
2018080300100507,2018년 8월 3일 19시,금요일,제주특별자치도 제주시 연동,부상신고사고,0,0,0,1,차대차 - 기타,기타,건조,맑음,단일로 - 기타,승용,남,65세,상해없음,원동기,남,50세,부상신고
2018080300100542,2018년 8월 3일 20시,금요일,제주특별자치도 제주시 연동,중상사고,0,1,0,0,차대차 - 측면충돌,교차로운행방법위반,건조,맑음,교차로 - 교차로부근,승용,남,71세,상해없음,승용,남,32세,중상
2018080300100607,2018년 8월 3일 22시,금요일,제주특별자치도 제주시 외도이동,경상사고,0,0,1,1,차대차 - 기타,신호위반,건조,맑음,교차로 - 교차로안,이륜,남,16세,부상신고,승용,남,33세,경상
2018080400100059,2018년 8월 4일 03시,토요일,제주특별자치도 제주시 조천읍,경상사고,0,0,1,0,차량단독 - 공작물충돌,안전운전불이행,건조,맑음,단일로 - 기타,승용,남,28세,경상,,,,
2018080400100116,2018년 8월 4일 07시,토요일,제주특별자치도 제주시 월평동,경상사고,0,0,1,1,차대차 - 기타,안전운전불이행,건조,맑음,단일로 - 기타,승용,여,48세,부상신고,화물,남,60세,경상
2018080400100117,2018년 8월 4일 07시,토요일,제주특별자치도 제주시 용담이동,경상사고,0,0,2,0,차대차 - 측면충돌,안전거리미확보,건조,맑음,단일로 - 기타,화물,남,34세,경상,승합,남,44세,경상
2018080400100186,2018년 8월 4일 10시,토요일,제주특별자치도 제주시 도두일동,부상신고사고,0,0,0,1,차대사람 - 기타,안전운전불이행,건조,맑음,단일로 - 기타,승용,남,24세,상해없음,보행자,남,52세,부상신고
2018080400100243,2018년 8월 4일 12시,토요일,제주특별자치도 제주시 건입동,경상사고,0,0,2,0,차대차 - 측면충돌,차로위반,건조,맑음,단일로 - 기타,화물,남,74세,상해없음,승용,남,38세,경상
2018080400100274,2018년 8월 4일 13시,토요일,제주특별자치도 제주시 회천동,경상사고,0,0,2,0,차대차 - 기타,안전거리미확보,건조,맑음,단일로 - 기타,승용,남,81세,상해없음,승용,남,26세,경상
2018080400100304,2018년 8월 4일 14시,토요일,제주특별자치도 서귀포시 동홍동,경상사고,0,0,1,0,차대차 - 측면충돌,직진우회전진행방해,건조,맑음,교차로 - 교차로안,승용,남,61세,상해없음,승용,남,48세,경상
2018080400100330,2018년 8월 4일 15시,토요일,제주특별자치도 제주시 애월읍,경상사고,0,0,3,0,차대차 - 추돌,안전운전불이행,건조,맑음,단일로 - 기타,승용,남,61세,상해없음,승용,남,36세,경상
2018080400100360,2018년 8월 4일 16시,토요일,제주특별자치도 제주시 한림읍,중상사고,0,1,0,0,차대차 - 기타,안전운전불이행,건조,맑음,교차로 - 교차로부근,원동기,여,75세,중상,승용,여,40세,상해없음
2018080400100390,2018년 8월 4일 17시,토요일,제주특별자치도 제주시 아라일동,경상사고,0,0,3,0,차대차 - 추돌,안전운전불이행,건조,맑음,교차로 - 교차로부근,승용,여,31세,상해없음,승용,남,43세,상해없음
2018080400100424,2018년 8월 4일 18시,토요일,제주특별자치도 제주시 내도동,경상사고,0,0,1,0,차대차 - 측면충돌,직진우회전진행방해,건조,맑음,교차로 - 교차로안,승용,남,37세,상해없음,승용,남,49세,경상
2018080400100479,2018년 8월 4일 20시,토요일,제주특별자치도 제주시 건입동,경상사고,0,0,1,0,차대차 - 측면충돌,교차로운행방법위반,건조,맑음,교차로 - 교차로안,승용,남,56세,상해없음,승용,남,71세,상해없음
2018080400100537,2018년 8월 4일 22시,토요일,제주특별자치도 서귀포시 동홍동,경상사고,0,0,2,0,차대차 - 기타,차로위반,건조,맑음,단일로 - 기타,승용,여,55세,상해없음,승용,남,41세,경상