사고번호,사고일시,요일,시군구,사고내용,사망자수,중상자수,경상자수,부상신고자수,사고유형,법규위반,노면상태,기상상태,도로형태,가해운전자 차종,가해운전자 성별,가해운전자 연령,가해운전자 상해정도,피해운전자 차종,피해운전자 성별,피해운전자 연령,피해운전자 상해정도
2018080500100024,2018년 8월 5일 01시,일요일,제주특별자치도 제주시 이도이동,경상사고,0,0,1,0,차대차 - 기타,안전운전불이행,건조,맑음,단일로 - 기타,승용,남,29세,경상,승용,여,51세,기타불명
2018080500100025,2018년 8월 5일 01시,일요일,제주특별자치도 서귀포시 대정읍,경상사고,0,0,1,0,차대차 - 기타,신호위반,건조,맑음,교차로 - 교차로안,승용,남,52세,상해없음,승합,남,63세,경상
2018080500100026,2018년 8월 5일 01시,일요일,제주특별자치도 제주시 애월읍,중상사고,0,1,0,0,차대사람 - 기타,안전운전불이행,건조,흐림,단일로 - 기타,승합,남,56세,상해없음,보행자,남,63세,중상
2018080500100034,2018년 8월 5일 02시,일요일,제주특별자치도 제주시 건입동,경상사고,0,0,1,0,차대사람 - 기타,안전운전불이행,건조,맑음,단일로 - 기타,화물,남,45세,상해없음,보행자,여,23세,경상
2018080500100166,2018년 8월 5일 11시,일요일,제주특별자치도 서귀포시 서홍동,중상사고,0,1,0,0,차대차 - 추돌,안전운전불이행,건조,맑음,단일로 - 기타,승용,기타불명,미분류,기타불명,이륜,남,77세,중상
2018080500100218,2018년 8월 5일 13시,일요일,제주특별자치도 제주시 한림읍,경상사고,0,0,1,0,차대차 - 추돌,안전거리미확보,건조,맑음,단일로 - 기타,승용,여,64세,상해없음,승용,여,53세,경상
2018080500100253,2018년 8월 5일 14시,일요일,제주특별자치도 서귀포시 서호동,부상신고사고,0,0,0,2,차대차 - 측면충돌,직진우회전진행방해,건조,맑음,교차로 - 교차로안,승용,남,21세,부상신고,승용,여,37세,부상신고
2018080500100254,2018년 8월 5일 14시,일요일,제주특별자치도 서귀포시 대포동,부상신고사고,0,0,0,1,차대차 - 측면충돌,안전운전불이행,건조,맑음,교차로 - 교차로부근,이륜,남,37세,부상신고,승용,남,28세,상해없음
2018080500100373,2018년 8월 5일 18시,일요일,제주특별자치도 제주시 이호일동,경상사고,0,0,1,0,차대차 - 후진중충돌,안전운전불이행,건조,맑음,단일로 - 기타,승용,여,24세,상해없음,승용,남,46세,경상
2018080500100451,2018년 8월 5일 21시,일요일,제주특별자치도 제주시 구좌읍,중상사고,0,1,0,0,차대차 - 측면충돌,과속,건조,맑음,교차로 - 교차로부근,승용,여,40세,상해없음,이륜,남,71세,중상
2018080500100491,2018년 8월 5일 23시,일요일,제주특별자치도 서귀포시 중문동,사망사고,1,1,0,0,차대사람 - 횡단중,보행자보호의무위반,건조,맑음,단일로 - 기타,승용,여,54세,상해없음,보행자,여,49세,사망
2018080600100087,2018년 8월 6일 08시,월요일,제주특별자치도 제주시 한림읍,경상사고,0,0,1,0,차량단독 - 기타,안전운전불이행,건조,맑음,단일로 - 기타,화물,남,48세,경상,,,,
2018080600100155,2018년 8월 6일 10시,월요일,제주특별자치도 제주시 아라일동,경상사고,0,0,2,0,차대차 - 측면충돌,안전운전불이행,건조,맑음,교차로 - 교차로안,이륜,남,35세,경상,승용,남,71세,경상
2018080600100256,2018년 8월 6일 13시,월요일,제주특별자치도 제주시 용담일동,경상사고,0,0,2,0,차대차 - 추돌,안전거리미확보,건조,맑음,교차로 - 교차로부근,승용,남,24세,상해없음,승용,남,27세,경상
2018080600100257,2018년 8월 6일 13시,월요일,제주특별자치도 서귀포시 호근동,경상사고,0,0,1,0,차대차 - 측면충돌,직진우회전진행방해,건조,맑음,교차로 - 교차로안,승용,여,22세,상해없음,승용,여,45세,경상
2018080600100258,2018년 8월 6일 13시,월요일,제주특별자치도 제주시 연동,경상사고,0,0,2,0,차대차 - 기타,안전거리미확보,건조,맑음,단일로 - 기타,승용,남,67세,상해없음,승용,남,57세,경상
2018080600100259,2018년 8월 6일 13시,월요일,제주특별자치도 제주시 용담이동,경상사고,0,0,1,0,차대차 - 추돌,안전거리미확보,건조,맑음,단일로 - 기타,승용,남,62세,상해없음,승용,여,43세,경상
2018080600100410,2018년 8월 6일 17시,월요일,제주특별자치도 제주시 노형동,중상사고,0,1,1,0,차대사람 - 횡단중,보행자보호의무위반,건조,맑음,교차로 - 교차로횡단보도내,승용,남,45세,상해없음,보행자,남,24세,중상
2018080600100481,2018년 8월 6일 19시,월요일,제주특별자치도 서귀포시 법환동,중상사고,0,1,0,0,차대사람 - 기타,안전운전불이행,건조,맑음,단일로 - 기타,화물,남,27세,상해없음,보행자,여,90세 이상,중상
2018080600100482,2018년 8월 6일 19시,월요일,제주특별자치도 서귀포시 대정읍,중상사고,0,1,1,0,차대차 - 측면충돌,교차로운행방법위반,건조,맑음,교차로 - 교차로안,승용,여,38세,상해없음,농기계,남,83세,경상
2018080600100510,2018년 8월 6일 20시,월요일,제주특별자치도 서귀포시 동홍동,중상사고,0,1,0,0,차대차 - 기타,안전운전불이행,건조,맑음,교차로 - 교차로안,승용,남,37세,상해없음,자전거,남,14세,중상
2018080700100076,2018년 8월 7일 07시,화요일,제주특별자치도 제주시 건입동,경상사고,0,0,1,0,차대사람 - 횡단중,보행자보호의무위반,건조,맑음,교차로 - 교차로횡단보도내,화물,남,54세,상해없음,보행자,여,53세,경상
2018080700100107,2018년 8월 7일 08시,화요일,제주특별자치도 서귀포시 상효동,경상사고,0,0,1,0,차대차 - 측면충돌,차로위반,건조,맑음,단일로 - 기타,승용,여,43세,기타불명,승용,남,56세,경상
2018080700100168,2018년 8월 7일 10시,화요일,제주특별자치도 제주시 한림읍,중상사고,0,1,0,0,차대차 - 측면충돌,교차로운행방법위반,건조,맑음,교차로 - 교차로안,이륜,여,79세,중상,승용,여,39세,상해없음
2018080700100240,2018년 8월 7일 12시,화요일,제주특별자치도 제주시 화북이동,경상사고,0,0,1,0,차대차 - 추돌,안전거리미확보,건조,맑음,단일로 - 기타,건설기계,남,33세,상해없음,승용,남,53세,경상
2018080700100305,2018년 8월 7일 14시,화요일,제주특별자치도 제주시 삼양이동,부상신고사고,0,0,0,1,차대차 - 추돌,안전운전불이행,건조,맑음,교차로 - 교차로부근,이륜,여,28세,부상신고,승용,여,46세,상해없음
2018080700100306,2018년 8월 7일 14시,화요일,제주특별자치도 서귀포시 남원읍,경상사고,0,0,1,1,차대차 - 기타,안전거리미확보,건조,맑음,단일로 - 기타,화물,남,62세,상해없음,화물,남,21세,경상
2018080700100307,2018년 8월 7일 14시,화요일,제주특별자치도 제주시 연동,경상사고,0,0,1,0,차대사람 - 기타,안전운전불이행,건조,맑음,단일로 - 기타,승용,여,68세,상해없음,보행자,남,30세,경상
2018080700100375,2018년 8월 7일 16시,화요일,제주특별자치도 제주시 건입동,부상신고사고,0,0,0,1,차대차 - 기타,안전운전불이행,건조,맑음,단일로 - 기타,자전거,남,53세,부상신고,승용,남,30세,상해없음
2018080700100376,2018년 8월 7일 16시,화요일,제주특별자치도 서귀포시 동홍동,중상사고,0,1,0,0,차대사람 - 기타,안전운전불이행,건조,맑음,단일로 - 기타,승용,남,35세,상해없음,보행자,남,61세,중상
2018080700100414,2018년 8월 7일 17시,화요일,제주특별자치도 제주시 노형동,중상사고,0,2,0,0,차대차 - 측면충돌,교차로운행방법위반,건조,맑음,교차로 - 교차로안,승용,여,44세,상해없음,이륜,남,34세,중상
2018080700100522,2018년 8월 7일 20시,화요일,제주특별자치도 서귀포시 서귀동,중상사고,0,1,0,0,차대사람 - 횡단중,보행자보호의무위반,건조,맑음,교차로 - 교차로횡단보도내,승용,남,31세,상해없음,보행자,남,76세,중상
2018080700100523,2018년 8월 7일 20시,화요일,제주특별자치도 제주시 노형동,부상신고사고,0,0,0,1,차대차 - 측면충돌,기타,건조,맑음,단일로 - 기타,승용,남,51세,상해없음,이륜,남,51세,부상신고
2018080800100009,2018년 8월 8일 00시,수요일,제주특별자치도 제주시 연동,중상사고,0,2,0,0,차대차 - 정면충돌,신호위반,건조,맑음,교차로 - 교차로안,화물,남,49세,상해없음,이륜,남,22세,중상
2018080800100117,2018년 8월 8일 08시,수요일,제주특별자치도 제주시 구좌읍,경상사고,0,0,3,0,차대차 - 측면충돌,교차로운행방법위반,건조,맑음,교차로 - 교차로안,화물,남,71세,상해없음,승용,남,28세,상해없음
2018080800100235,2018년 8월 8일 12시,수요일,제주특별자치도 서귀포시 안덕면,경상사고,0,0,2,0,차대차 - 측면충돌,직진우회전진행방해,건조,맑음,교차로 - 교차로안,화물,남,76세,상해없음,승용,남,63세,경상
2018080800100263,2018년 8월 8일 13시,수요일,제주특별자치도 서귀포시 서귀동,경상사고,0,0,1,0,차대사람 - 차도통행중,안전운전불이행,건조,맑음,단일로 - 기타,승용,남,38세,상해없음,보행자,남,59세,경상
2018080800100264,2018년 8월 8일 13시,수요일,제주특별자치도 제주시 노형동,경상사고,0,0,1,0,차대차 - 기타,신호위반,건조,맑음,교차로 - 교차로안,승용,여,47세,상해없음,승용,남,64세,경상
2018080800100297,2018년 8월 8일 14시,수요일,제주특별자치도 제주시 구좌읍,중상사고,0,1,4,0,차대차 - 정면충돌,중앙선침범,건조,맑음,단일로 - 기타,승용,여,32세,상해없음,승용,여,54세,경상
2018080800100298,2018년 8월 8일 14시,수요일,제주특별자치도 제주시 연동,부상신고사고,0,0,0,1,차대차 - 기타,직진우회전진행방해,건조,맑음,교차로 - 교차로안,승용,여,27세,부상신고,승용,남,41세,상해없음
2018080800100332,2018년 8월 8일 15시,수요일,제주특별자치도 제주시 노형동,부상신고사고,0,0,0,2,차대차 - 기타,안전운전불이행,건조,맑음,단일로 - 기타,승용,남,44세,상해없음,승용,남,36세,상해없음
2018080800100399,2018년 8월 8일 17시,수요일,제주특별자치도 제주시 삼도일동,경상사고,0,0,3,0,차대차 - 측면충돌,교차로운행방법위반,건조,맑음,교차로 - 교차로안,승용,남,51세,상해없음,승용,여,50세,경상
2018080900100017,2018년 8월 9일 00시,목요일,제주특별자치도 제주시 한림읍,중상사고,0,1,0,0,차대차 - 측면충돌,안전운전불이행,건조,맑음,교차로 - 교차로안,승용,남,55세,상해없음,승용,남,19세,상해없음
2018080900100026,2018년 8월 9일 01시,목요일,제주특별자치도 제주시 오등동,경상사고,0,0,1,0,차량단독 - 기타,안전운전불이행,건조,맑음,단일로 - 기타,승용,여,44세,경상,,,,
2018080900100129,2018년 8월 9일 08시,목요일,제주특별자치도 제주시 월평동,경상사고,0,0,1,0,차대차 - 기타,안전운전불이행,건조,맑음,단일로 - 기타,이륜,남,17세,경상,승용,여,54세,상해없음
2018080900100159,2018년 8월 9일 09시,목요일,제주특별자치도 제주시 해안동,경상사고,0,0,3,0,차대차 - 측면충돌,안전거리미확보,건조,맑음,단일로 - 기타,승용,남,21세,상해없음,승용,남,65세,경상
2018080900100226,2018년 8월 9일 11시,목요일,제주특별자치도 서귀포시 서귀동,경상사고,0,0,2,0,차대차 - 측면충돌,안전운전불이행,건조,맑음,교차로 - 교차로안,화물,남,36세,상해없음,승용,남,41세,경상
2018080900100256,2018년 8월 9일 12시,목요일,제주특별자치도 제주시 삼도이동,경상사고,0,0,6,0,차대차 - 측면충돌,직진우회전진행방해,건조,맑음,교차로 - 교차로안,승용,기타불명,미분류,기타불명,승용,남,44세,경상
2018080900100362,2018년 8월 9일 15시,목요일,제주특별자치도 제주시 구좌읍,중상사고,0,1,0,0,차대사람 - 기타,안전운전불이행,건조,맑음,단일로 - 기타,승용,여,46세,상해없음,보행자,여,27세,중상
2018080900100363,2018년 8월 9일 15시,목요일,제주특별자치도 서귀포시 신효동,경상사고,0,0,1,0,차대차 - 기타,직진우회전진행방해,건조,맑음,교차로 - 교차로안,화물,여,55세,상해없음,이륜,여,71세,경상
2018080900100402,2018년 8월 9일 16시,목요일,제주특별자치도 제주시 건입동,경상사고,0,0,1,0,차대차 - 측면충돌,안전운전불이행,건조,맑음,단일로 - 기타,승합,남,57세,상해없음,승용,여,39세,경상
2018080900100480,2018년 8월 9일 18시,목요일,제주특별자치도 서귀포시 법환동,부상신고사고,0,0,0,1,차대차 - 기타,불법유턴,건조,맑음,교차로 - 교차로부근,자전거,남,13세,부상신고,승용,여,63세,상해없음
2018080900100526,2018년 8월 9일 19시,목요일,제주특별자치도 서귀포시 동홍동,중상사고,0,1,0,0,차대사람 - 기타,보행자보호의무위반,건조,맑음,교차로 - 교차로횡단보도내,승용,남,44세,상해없음,보행자,여,78세,중상
2018080900100527,2018년 8월 9일 19시,목요일,제주특별자치도 제주시 연동,경상사고,0,0,1,0,차대차 - 추돌,안전거리미확보,건조,기타,교차로 - 교차로부근,이륜,남,48세,경상,승용,남,40세,상해없음
2018080900100528,2018년 8월 9일 19시,목요일,제주특별자치도 제주시 연동,경상사고,0,0,2,0,차대차 - 기타,안전거리미확보,건조,맑음,단일로 - 기타,승용,남,47세,상해없음,승용,남,33세,경상
2018080900100550,2018년 8월 9일 20시,목요일,제주특별자치도 서귀포시 법환동,경상사고,0,0,1,0,차대차 - 기타,안전운전불이행,건조,흐림,교차로 - 교차로부근,승합,남,43세,기타불명,승용,여,50세,경상
2018080900100577,2018년 8월 9일 21시,목요일,제주특별자치도 제주시 이도일동,중상사고,0,1,0,0,차대사람 - 보도통행중,안전운전불이행,건조,맑음,교차로 - 교차로부근,승용,여,25세,상해없음,보행자,여,54세,중상
2018081000100059,2018년 8월 10일 05시,금요일,제주특별자치도 제주시 오라이동,중상사고,0,2,2,0,차대차 - 기타,신호위반,건조,맑음,교차로 - 교차로안,승용,여,46세,경상,승용,남,64세,중상
2018081000100084,2018년 8월 10일 06시,금요일,제주특별자치도 서귀포시 남원읍,경상사고,0,0,1,0,차대차 - 기타,교차로운행방법위반,건조,맑음,교차로 - 교차로안,화물,남,65세,상해없음,승용,남,32세,경상
2018081000100100,2018년 8월 10일 07시,금요일,제주특별자치도 서귀포시 서홍동,경상사고,0,0,1,0,차대차 - 측면충돌,교차로운행방법위반,건조,맑음,교차로 - 교차로안,원동기,남,79세,경상,특수,남,39세,상해없음
2018081000100248,2018년 8월 10일 12시,금요일,제주특별자치도 서귀포시 하효동,중상사고,0,1,0,0,차대차 - 측면충돌,안전운전불이행,건조,맑음,단일로 - 기타,승용,남,30세,상해없음,이륜,여,80세,중상
2018081000100288,2018년 8월 10일 13시,금요일,제주특별자치도 제주시 연동,부상신고사고,0,0,0,3,차대차 - 측면충돌,안전운전불이행,건조,맑음,교차로 - 교차로부근,승용,여,45세,부상신고,승용,남,48세,부상신고
2018081000100450,2018년 8월 10일 17시,금요일,제주특별자치도 서귀포시 서귀동,경상사고,0,0,1,0,차대차 - 기타,직진우회전진행방해,건조,맑음,교차로 - 교차로안,화물,남,41세,상해없음,승합,남,53세,상해없음
2018081000100539,2018년 8월 10일 19시,금요일,제주특별자치도 제주시 연동,경상사고,0,0,1,0,차대차 - 추돌,안전거리미확보,건조,맑음,단일로 - 기타,승용,남,45세,경상,승용,남,52세,상해없음
2018081000100581,2018년 8월 10일 20시,금요일,제주특별자치도 제주시 이호이동,중상사고,0,1,0,0,차대사람 - 횡단중,보행자보호의무위반,건조,맑음,교차로 - 교차로횡단보도내,승용,남,27세,상해없음,보행자,여,24세,중상
2018081000100634,2018년 8월 10일 22시,금요일,제주특별자치도 제주시 연동,중상사고,0,1,0,0,차대사람 - 차도통행중,안전운전불이행,건조,맑음,단일로 - 기타,승용,남,60세,상해없음,보행자,여,31세,중상
2018081100100107,2018년 8월 11일 07시,토요일,제주특별자치도 제주시 봉개동,경상사고,0,0,1,0,차대차 - 측면충돌,차로위반,건조,맑음,단일로 - 기타,승용,남,46세,상해없음,승합,남,56세,경상
2018081100100186,2018년 8월 11일 10시,토요일,제주특별자치도 서귀포시 성산읍,중상사고,0,1,3,1,차대차 - 기타,교차로운행방법위반,건조,맑음,교차로 - 교차로안,승용,여,63세,부상신고,승용,남,48세,경상
2018081100100245,2018년 8월 11일 12시,토요일,제주특별자치도 제주시 오라이동,경상사고,0,0,1,0,차대차 - 추돌,안전운전불이행,건조,맑음,교차로 - 교차로부근,승용,남,75세,상해없음,화물,남,49세,상해없음
2018081100100282,2018년 8월 11일 13시,토요일,제주특별자치도 서귀포시 성산읍,중상사고,0,1,3,0,차대차 - 측면충돌,교차로운행방법위반,건조,맑음,교차로 - 교차로안,승용,남,74세,경상,승용,여,47세,경상
2018081100100320,2018년 8월 11일 14시,토요일,제주특별자치도 제주시 봉개동,경상사고,0,0,1,0,차대차 - 추돌,안전거리미확보,건조,맑음,교차로 - 교차로부근,승용,여,57세,상해없음,이륜,남,55세,경상
2018081100100357,2018년 8월 11일 15시,토요일,제주특별자치도 제주시 한경면,부상신고사고,0,0,0,1,차대차 - 측면충돌,안전운전불이행,건조,맑음,기타 - 기타,이륜,남,24세,부상신고,승용,여,34세,상해없음
2018081100100358,2018년 8월 11일 15시,토요일,제주특별자치도 제주시 노형동,경상사고,0,0,1,0,차대차 - 측면충돌,안전운전불이행,건조,맑음,단일로 - 기타,승합,남,69세,상해없음,이륜,남,23세,경상
2018081100100390,2018년 8월 11일 16시,토요일,제주특별자치도 제주시 노형동,경상사고,0,0,1,0,차대사람 - 횡단중,안전운전불이행,건조,맑음,단일로 - 기타,승용,남,24세,상해없음,보행자,여,67세,경상
2018081100100428,2018년 8월 11일 17시,토요일,제주특별자치도 제주시 구좌읍,경상사고,0,0,2,0,차대차 - 측면충돌,중앙선침범,건조,맑음,단일로 - 기타,승용,여,38세,상해없음,승용,여,44세,경상
2018081100100429,2018년 8월 11일 17시,토요일,제주특별자치도 제주시 도남동,경상사고,0,0,1,0,차대사람 - 차도통행중,안전운전불이행,건조,맑음,단일로 - 기타,승용,남,56세,상해없음,보행자,남,37세,경상
2018081100100539,2018년 8월 11일 21시,토요일,제주특별자치도 제주시 애월읍,중상사고,0,1,0,0,차대사람 - 기타,안전운전불이행,건조,맑음,단일로 - 기타,승용,남,30세,상해없음,보행자,남,45세,중상
2018081200100039,2018년 8월 12일 02시,일요일,제주특별자치도 제주시 연동,사망사고,1,0,0,0,차대사람 - 횡단중,안전운전불이행,젖음/습기,비,교차로 - 교차로부근,승용,남,66세,상해없음,보행자,여,85세,사망
2018081200100050,2018년 8월 12일 03시,일요일,제주특별자치도 제주시 연동,경상사고,0,0,3,0,차대차 - 추돌,안전운전불이행,건조,맑음,단일로 - 기타,승용,여,39세,상해없음,승용,남,55세,경상
2018081200100205,2018년 8월 12일 13시,일요일,제주특별자치도 서귀포시 남원읍,경상사고,0,0,4,0,차대차 - 기타,안전운전불이행,건조,맑음,교차로 - 교차로부근,화물,남,42세,상해없음,승용,여,37세,경상
2018081200100238,2018년 8월 12일 14시,일요일,제주특별자치도 제주시 용담이동,경상사고,0,0,5,1,차대차 - 측면충돌,교차로운행방법위반,건조,맑음,교차로 - 교차로안,승용,여,26세,경상,승용,여,48세,경상
2018081200100269,2018년 8월 12일 15시,일요일,제주특별자치도 제주시 구좌읍,경상사고,0,0,3,2,차대차 - 기타,안전거리미확보,건조,맑음,단일로 - 기타,승용,남,72세,상해없음,승용,남,40세,경상
2018081200100270,2018년 8월 12일 15시,일요일,제주특별자치도 제주시 애월읍,경상사고,0,0,1,1,차대차 - 측면충돌,안전운전불이행,건조,맑음,단일로 - 기타,승용,여,26세,상해없음,승용,여,57세,경상
2018081200100271,2018년 8월 12일 15시,일요일,제주특별자치도 제주시 외도일동,경상사고,0,0,1,0,차대차 - 기타,직진우회전진행방해,건조,기타,교차로 - 교차로안,기타불명,기타불명,미분류,기타불명,승용,여,50세,경상
2018081200100307,2018년 8월 12일 16시,일요일,제주특별자치도 제주시 애월읍,경상사고,0,0,1,0,차대차 - 측면충돌,안전운전불이행,건조,맑음,단일로 - 기타,승용,여,21세,상해없음,승용,여,42세,상해없음
2018081200100379,2018년 8월 12일 19시,일요일,제주특별자치도 제주시 영평동,경상사고,0,0,2,0,차대차 - 후진중충돌,안전운전불이행,건조,맑음,교차로 - 교차로부근,승합,남,55세,상해없음,화물,여,48세,경상
2018081200100380,2018년 8월 12일 19시,일요일,제주특별자치도 서귀포시 동홍동,경상사고,0,0,1,0,차대차 - 기타,교차로운행방법위반,건조,맑음,교차로 - 교차로부근,이륜,남,71세,경상,승용,남,62세,상해없음
2018081200100381,2018년 8월 12일 19시,일요일,제주특별자치도 제주시 한경면,중상사고,0,1,0,0,차대사람 - 횡단중,보행자보호의무위반,건조,맑음,단일로 - 기타,승용,여,38세,상해없음,보행자,남,3세,중상
2018081200100409,2018년 8월 12일 20시,일요일,제주특별자치도 서귀포시 표선면,중상사고,0,1,0,0,차대차 - 기타,안전운전불이행,건조,맑음,단일로 - 기타,승용,남,40세,상해없음,농기계,남,71세,중상
2018081200100456,2018년 8월 12일 23시,일요일,제주특별자치도 제주시 이도이동,경상사고,0,0,1,0,차대사람 - 기타,안전운전불이행,건조,맑음,단일로 - 기타,승용,남,56세,상해없음,보행자,여,62세,경상
2018081300100032,2018년 8월 13일 03시,월요일,제주특별자치도 제주시 이도일동,중상사고,0,1,0,0,차대사람 - 기타,안전운전불이행,젖음/습기,비,교차로 - 교차로안,승용,남,55세,상해없음,보행자,남,52세,중상
2018081300100045,2018년 8월 13일 05시,월요일,제주특별자치도 서귀포시 남원읍,중상사고,0,2,0,0,차대차 - 추돌,안전운전불이행,건조,맑음,단일로 - 기타,화물,남,51세,상해없음,농기계,남,76세,중상
2018081300100061,2018년 8월 13일 06시,월요일,제주특별자치도 제주시 일도이동,경상사고,0,0,2,0,차대차 - 측면충돌,신호위반,건조,맑음,교차로 - 교차로부근,화물,남,65세,상해없음,승용,남,63세,경상
2018081300100132,2018년 8월 13일 08시,월요일,제주특별자치도 제주시 삼양일동,경상사고,0,0,2,0,차대차 - 측면충돌,과속,건조,맑음,단일로 - 기타,승용,남,39세,경상,승합,여,53세,상해없음
2018081300100133,2018년 8월 13일 08시,월요일,제주특별자치도 서귀포시 하효동,부상신고사고,0,0,0,1,차대차 - 측면충돌,안전운전불이행,젖음/습기,흐림,단일로 - 기타,이륜,여,19세,부상신고,승용,남,32세,상해없음
2018081300100238,2018년 8월 13일 11시,월요일,제주특별자치도 제주시 외도일동,사망사고,1,0,0,0,차대사람 - 횡단중,안전운전불이행,건조,맑음,교차로 - 교차로횡단보도내,승용,여,67세,상해없음,보행자,남,80세,사망
2018081300100271,2018년 8월 13일 12시,월요일,제주특별자치도 제주시 우도면,중상사고,0,1,1,0,차대차 - 기타,안전운전불이행,건조,맑음,단일로 - 기타,승용,남,35세,상해없음,이륜,남,33세,경상
2018081300100384,2018년 8월 13일 15시,월요일,제주특별자치도 제주시 화북일동,중상사고,0,1,0,0,차대차 - 측면충돌,직진우회전진행방해,건조,맑음,교차로 - 교차로안,승용,여,27세,상해없음,승용,남,58세,중상
2018081300100385,2018년 8월 13일 15시,월요일,제주특별자치도 제주시 한림읍,중상사고,0,1,0,0,차대차 - 측면충돌,안전거리미확보,건조,맑음,단일로 - 기타,이륜,남,58세,중상,승용,여,32세,상해없음
2018081300100599,2018년 8월 13일 20시,월요일,제주특별자치도 서귀포시 대정읍,경상사고,0,0,1,1,차대차 - 측면충돌,안전운전불이행,건조,맑음,교차로 - 교차로안,승용,남,56세,부상신고,승용,여,46세,경상
2018081400100074,2018년 8월 14일 06시,화요일,제주특별자치도 제주시 연동,경상사고,0,0,1,0,차대차 - 측면충돌,교차로운행방법위반,건조,맑음,교차로 - 교차로안,승용,남,59세,상해없음,화물,남,50세,상해없음
2018081400100100,2018년 8월 14일 07시,화요일,제주특별자치도 서귀포시 남원읍,중상사고,0,1,0,0,차량단독 - 전도전복 - 전도,안전운전불이행,건조,맑음,단일로 - 기타,이륜,남,46세,중상,미분류,미분류,미분류,미분류
2018081400100101,2018년 8월 14일 07시,화요일,제주특별자치도 제주시 노형동,경상사고,0,0,1,0,차대차 - 기타,안전거리미확보,건조,맑음,단일로 - 기타,화물,남,61세,상해없음,이륜,남,76세,경상
2018081400100169,2018년 8월 14일 09시,화요일,제주특별자치도 제주시 연동,경상사고,0,0,1,0,차대차 - 기타,안전운전불이행,건조,맑음,단일로 - 기타,이륜,남,47세,상해없음,승용,남,44세,경상
2018081400100240,2018년 8월 14일 11시,화요일,제주특별자치도 서귀포시 성산읍,경상사고,0,0,2,0,차대차 - 추돌,교차로운행방법위반,건조,맑음,교차로 - 교차로안,승용,남,70세,상해없음,승용,여,21세,경상
2018081400100342,2018년 8월 14일 14시,화요일,제주특별자치도 서귀포시 법환동,경상사고,0,0,2,0,차대차 - 측면충돌,교차로운행방법위반,건조,맑음,교차로 - 교차로안,승용,여,54세,경상,승용,남,61세,경상
2018081400100369,2018년 8월 14일 15시,화요일,제주특별자치도 서귀포시 색달동,경상사고,0,0,4,0,차대차 - 기타,안전운전불이행,건조,맑음,교차로 - 교차로부근,승용,남,28세,상해없음,승용,남,43세,경상
2018081400100457,2018년 8월 14일 17시,화요일,제주특별자치도 제주시 노형동,경상사고,0,0,1,0,차대사람 - 길가장자리구역통행중,안전운전불이행,건조,맑음,단일로 - 기타,승용,남,19세,상해없음,보행자,여,54세,경상
2018081500100073,2018년 8월 15일 05시,수요일,제주특별자치도 제주시 한경면,경상사고,0,0,1,0,차대차 - 추돌,안전운전불이행,건조,맑음,단일로 - 기타,승용,남,39세,상해없음,농기계,남,68세,경상
2018081500100108,2018년 8월 15일 07시,수요일,제주특별자치도 제주시 건입동,중상사고,0,1,1,0,차대사람 - 횡단중,안전운전불이행,건조,맑음,단일로 - 기타,승용,남,29세,상해없음,보행자,여,54세,경상
2018081500100132,2018년 8월 15일 08시,수요일,제주특별자치도 제주시 연동,경상사고,0,0,1,1,차대차 - 기타,교차로운행방법위반,건조,맑음,교차로 - 교차로안,승용,남,28세,경상,승용,여,22세,부상신고
2018081500100169,2018년 8월 15일 10시,수요일,제주특별자치도 제주시 아라이동,중상사고,0,1,2,0,차대차 - 기타,안전운전불이행,건조,맑음,단일로 - 기타,승용,남,45세,경상,승용,남,33세,중상
2018081500100190,2018년 8월 15일 11시,수요일,제주특별자치도 제주시 용담일동,경상사고,0,0,1,0,차대차 - 측면충돌,안전거리미확보,건조,맑음,교차로 - 교차로부근,승용,여,29세,상해없음,승용,남,48세,경상
2018081500100221,2018년 8월 15일 12시,수요일,제주특별자치도 제주시 노형동,경상사고,0,0,1,0,차대사람 - 횡단중,보행자보호의무위반,건조,맑음,교차로 - 교차로횡단보도내,승용,남,61세,상해없음,보행자,여,43세,경상
2018081500100316,2018년 8월 15일 15시,수요일,제주특별자치도 제주시 건입동,중상사고,0,1,0,0,차대사람 - 횡단중,안전운전불이행,건조,맑음,단일로 - 기타,승용,여,34세,상해없음,보행자,여,46세,중상
2018081500100317,2018년 8월 15일 15시,수요일,제주특별자치도 제주시 일도이동,경상사고,0,0,1,0,차대사람 - 횡단중,보행자보호의무위반,건조,맑음,교차로 - 교차로횡단보도내,승용,여,26세,상해없음,보행자,여,80세,경상
2018081500100382,2018년 8월 15일 17시,수요일,제주특별자치도 제주시 구좌읍,경상사고,0,0,1,0,차대차 - 기타,안전운전불이행,건조,맑음,단일로 - 기타,승용,남,32세,상해없음,이륜,남,19세,경상
2018081500100473,2018년 8월 15일 20시,수요일,제주특별자치도 제주시 이도일동,경상사고,0,0,2,0,차대차 - 후진중충돌,안전운전불이행,건조,맑음,단일로 - 기타,승용,여,67세,상해없음,승용,남,56세,경상