사고번호,사고일시,요일,시군구,사고내용,사망자수,중상자수,경상자수,부상신고자수,사고유형,법규위반,노면상태,기상상태,도로형태,가해운전자 차종,가해운전자 성별,가해운전자 연령,가해운전자 상해정도,피해운전자 차종,피해운전자 성별,피해운전자 연령,피해운전자 상해정도
2018090300100310,2018년 9월 3일 14시,월요일,제주특별자치도 서귀포시 강정동,경상사고,0,0,1,0,차대차 - 기타,직진우회전진행방해,건조,맑음,교차로 - 교차로안,승합,남,61세,상해없음,승용,남,35세,경상
2018090300100393,2018년 9월 3일 16시,월요일,제주특별자치도 서귀포시 강정동,경상사고,0,0,1,0,차대차 - 측면충돌,직진우회전진행방해,건조,흐림,교차로 - 교차로부근,승용,여,34세,상해없음,승용,여,50세,경상
2018090300100394,2018년 9월 3일 16시,월요일,제주특별자치도 제주시 한경면,중상사고,0,1,0,0,차대차 - 측면충돌,직진우회전진행방해,건조,맑음,교차로 - 교차로안,이륜,여,69세,중상,승용,남,54세,상해없음
2018090300100537,2018년 9월 3일 19시,월요일,제주특별자치도 제주시 일도이동,중상사고,0,1,0,0,차대사람 - 기타,보행자보호의무위반,건조,맑음,단일로 - 기타,승용,여,50세,상해없음,보행자,남,54세,중상
2018090300100538,2018년 9월 3일 19시,월요일,제주특별자치도 제주시 이도이동,경상사고,0,0,4,0,차대차 - 추돌,안전운전불이행,건조,맑음,단일로 - 기타,승용,남,53세,상해없음,승용,남,37세,경상
2018090300100539,2018년 9월 3일 19시,월요일,제주특별자치도 제주시 연동,중상사고,0,1,1,0,차대차 - 추돌,안전거리미확보,건조,맑음,단일로 - 기타,승용,남,33세,상해없음,승용,여,46세,중상
2018090300100578,2018년 9월 3일 20시,월요일,제주특별자치도 제주시 연동,경상사고,0,0,1,0,차대사람 - 기타,안전운전불이행,건조,맑음,단일로 - 기타,승용,여,42세,상해없음,보행자,여,44세,경상
2018090300100603,2018년 9월 3일 21시,월요일,제주특별자치도 제주시 용담삼동,중상사고,0,1,0,0,차대사람 - 횡단중,안전운전불이행,건조,맑음,단일로 - 기타,승용,남,59세,상해없음,보행자,남,26세,중상
2018090300100671,2018년 9월 3일 23시,월요일,제주특별자치도 제주시 오라일동,경상사고,0,0,1,0,차대차 - 추돌,안전운전불이행,건조,맑음,단일로 - 기타,승용,남,48세,상해없음,승용,남,24세,경상
2018090400100033,2018년 9월 4일 01시,화요일,제주특별자치도 제주시 연동,부상신고사고,0,0,0,1,차대차 - 측면충돌,안전거리미확보,젖음/습기,비,교차로 - 교차로안,승용,남,63세,상해없음,이륜,남,26세,부상신고
2018090400100034,2018년 9월 4일 01시,화요일,제주특별자치도 제주시 연동,중상사고,0,1,0,0,차대사람 - 기타,안전운전불이행,젖음/습기,비,단일로 - 기타,승용,여,29세,상해없음,보행자,남,30세,중상
2018090400100191,2018년 9월 4일 10시,화요일,제주특별자치도 서귀포시 서홍동,중상사고,0,1,0,0,차대차 - 측면충돌,직진우회전진행방해,건조,맑음,교차로 - 교차로안,승용,여,58세,상해없음,원동기,여,62세,중상
2018090400100192,2018년 9월 4일 10시,화요일,제주특별자치도 제주시 연동,중상사고,0,1,0,0,차대사람 - 기타,안전운전불이행,건조,맑음,단일로 - 기타,승용,남,39세,상해없음,보행자,여,75세,중상
2018090400100218,2018년 9월 4일 11시,화요일,제주특별자치도 서귀포시 서귀동,부상신고사고,0,0,0,1,차대차 - 기타,안전운전불이행,건조,맑음,단일로 - 기타,자전거,남,35세,부상신고,승용,남,48세,상해없음
2018090400100376,2018년 9월 4일 16시,화요일,제주특별자치도 서귀포시 동홍동,중상사고,0,1,1,0,차대차 - 기타,중앙선침범,건조,맑음,단일로 - 기타,승용,남,32세,상해없음,화물,남,46세,경상
2018090400100377,2018년 9월 4일 16시,화요일,제주특별자치도 제주시 연동,경상사고,0,0,1,0,차대차 - 측면충돌,직진우회전진행방해,건조,맑음,교차로 - 교차로안,화물,남,45세,경상,승용,여,27세,상해없음
2018090400100421,2018년 9월 4일 17시,화요일,제주특별자치도 제주시 오라이동,경상사고,0,0,1,0,차대차 - 기타,신호위반,건조,맑음,교차로 - 교차로안,자전거,남,44세,경상,승용,여,37세,상해없음
2018090400100422,2018년 9월 4일 17시,화요일,제주특별자치도 서귀포시 서귀동,경상사고,0,0,1,0,차대차 - 추돌,안전운전불이행,건조,맑음,교차로 - 교차로부근,승용,여,48세,상해없음,승용,남,52세,경상
2018090400100465,2018년 9월 4일 18시,화요일,제주특별자치도 서귀포시 동홍동,경상사고,0,0,1,0,차대사람 - 기타,신호위반,건조,맑음,교차로 - 교차로안,승용,여,54세,상해없음,보행자,여,74세,경상
2018090400100466,2018년 9월 4일 18시,화요일,제주특별자치도 서귀포시 강정동,중상사고,0,1,0,0,차대차 - 측면충돌,교차로운행방법위반,건조,맑음,교차로 - 교차로안,승용,여,26세,상해없음,승용,여,59세,중상
2018090400100509,2018년 9월 4일 19시,화요일,제주특별자치도 제주시 이호일동,중상사고,0,1,0,0,차대차 - 측면충돌,교차로운행방법위반,건조,맑음,교차로 - 교차로안,승용,여,24세,상해없음,이륜,남,69세,중상
2018090400100510,2018년 9월 4일 19시,화요일,제주특별자치도 제주시 외도일동,경상사고,0,0,2,0,차대차 - 후진중충돌,안전운전불이행,건조,맑음,단일로 - 기타,승용,남,19세,상해없음,승용,남,21세,경상
2018090400100543,2018년 9월 4일 20시,화요일,제주특별자치도 제주시 도련이동,경상사고,0,0,1,0,차대사람 - 횡단중,안전운전불이행,건조,맑음,단일로 - 기타,승용,여,40세,상해없음,보행자,남,3세,경상
2018090400100583,2018년 9월 4일 22시,화요일,제주특별자치도 서귀포시 대정읍,부상신고사고,0,0,0,1,차대차 - 기타,안전운전불이행,건조,맑음,교차로 - 교차로안,자전거,남,63세,부상신고,승용,여,40세,상해없음
2018090500100181,2018년 9월 5일 09시,수요일,제주특별자치도 서귀포시 상효동,경상사고,0,0,1,0,차대차 - 기타,안전운전불이행,건조,맑음,단일로 - 기타,화물,여,19세,상해없음,화물,남,50세,경상
2018090500100467,2018년 9월 5일 17시,수요일,제주특별자치도 제주시 삼도이동,경상사고,0,0,1,0,차대차 - 측면충돌,안전운전불이행,건조,맑음,교차로 - 교차로횡단보도내,승용,여,54세,상해없음,자전거,남,64세,경상
2018090500100468,2018년 9월 5일 17시,수요일,제주특별자치도 서귀포시 남원읍,중상사고,0,1,0,0,차대차 - 측면충돌,직진우회전진행방해,건조,맑음,교차로 - 교차로안,승합,남,59세,상해없음,이륜,여,79세,중상
2018090500100529,2018년 9월 5일 18시,수요일,제주특별자치도 제주시 화북이동,경상사고,0,0,1,0,차대차 - 측면충돌,신호위반,건조,맑음,교차로 - 교차로안,승용,여,50세,상해없음,승용,남,32세,경상
2018090500100530,2018년 9월 5일 18시,수요일,제주특별자치도 제주시 애월읍,부상신고사고,0,0,0,1,차량단독 - 전도전복 - 전도,안전운전불이행,건조,맑음,단일로 - 기타,승용,여,41세,부상신고,미분류,미분류,미분류,미분류
2018090500100565,2018년 9월 5일 19시,수요일,제주특별자치도 서귀포시 성산읍,경상사고,0,0,3,0,차대차 - 추돌,안전운전불이행,건조,맑음,교차로 - 교차로부근,화물,남,53세,경상,승용,여,37세,경상
2018090600100083,2018년 9월 6일 07시,목요일,제주특별자치도 제주시 노형동,경상사고,0,0,2,0,차대차 - 측면충돌,신호위반,건조,맑음,교차로 - 교차로안,승용,남,51세,경상,승용,남,43세,경상
2018090600100218,2018년 9월 6일 12시,목요일,제주특별자치도 제주시 삼양이동,경상사고,0,0,1,0,차대차 - 측면충돌,신호위반,건조,맑음,교차로 - 교차로안,이륜,남,69세,경상,승용,남,52세,상해없음
2018090600100282,2018년 9월 6일 14시,목요일,제주특별자치도 제주시 한림읍,경상사고,0,0,3,0,차대차 - 측면충돌,교차로운행방법위반,건조,맑음,교차로 - 교차로안,승용,남,52세,경상,승용,남,34세,경상
2018090600100413,2018년 9월 6일 18시,목요일,제주특별자치도 제주시 연동,경상사고,0,0,1,0,차대사람 - 기타,안전운전불이행,기타,맑음,기타 - 기타,승용,여,22세,상해없음,보행자,남,41세,경상
2018090600100525,2018년 9월 6일 21시,목요일,제주특별자치도 제주시 건입동,경상사고,0,0,1,0,차대차 - 기타,직진우회전진행방해,건조,맑음,교차로 - 교차로안,화물,여,60세,상해없음,승용,남,62세,경상
2018090600100526,2018년 9월 6일 21시,목요일,제주특별자치도 제주시 아라일동,경상사고,0,0,1,0,차대차 - 추돌,안전거리미확보,건조,맑음,단일로 - 기타,승용,남,31세,상해없음,승용,남,42세,경상
2018090700100024,2018년 9월 7일 01시,금요일,제주특별자치도 제주시 일도이동,경상사고,0,0,1,0,차대사람 - 기타,보행자보호의무위반,건조,맑음,단일로 - 기타,승용,남,19세,상해없음,보행자,남,24세,경상
2018090700100240,2018년 9월 7일 10시,금요일,제주특별자치도 제주시 조천읍,경상사고,0,0,2,0,차대차 - 추돌,안전거리미확보,젖음/습기,흐림,교차로 - 교차로부근,승용,남,49세,상해없음,승용,여,58세,경상
2018090700100412,2018년 9월 7일 15시,금요일,제주특별자치도 서귀포시 남원읍,경상사고,0,0,1,0,차대사람 - 기타,기타,기타,맑음,기타 - 기타,화물,여,48세,상해없음,보행자,여,7세,경상
2018090700100451,2018년 9월 7일 16시,금요일,제주특별자치도 제주시 일도이동,경상사고,0,0,2,0,차대차 - 측면충돌,교차로운행방법위반,건조,맑음,교차로 - 교차로안,승용,여,43세,경상,승용,남,59세,경상
2018090700100491,2018년 9월 7일 17시,금요일,제주특별자치도 제주시 구좌읍,중상사고,0,1,1,0,차대차 - 측면충돌,교차로운행방법위반,건조,맑음,교차로 - 교차로안,승용,여,25세,상해없음,승용,남,27세,경상
2018090700100586,2018년 9월 7일 19시,금요일,제주특별자치도 서귀포시 성산읍,경상사고,0,0,1,0,차대차 - 측면충돌,안전운전불이행,젖음/습기,비,교차로 - 교차로안,화물,여,62세,상해없음,승용,여,61세,상해없음
2018090700100587,2018년 9월 7일 19시,금요일,제주특별자치도 서귀포시 토평동,부상신고사고,0,0,0,2,차대차 - 측면충돌,직진우회전진행방해,건조,맑음,교차로 - 교차로안,이륜,남,81세,부상신고,승용,여,49세,부상신고
2018090700100588,2018년 9월 7일 19시,금요일,제주특별자치도 제주시 연동,부상신고사고,0,0,0,1,차대차 - 기타,직진우회전진행방해,건조,맑음,교차로 - 교차로안,이륜,남,46세,부상신고,승용,여,21세,상해없음
2018090700100622,2018년 9월 7일 20시,금요일,제주특별자치도 제주시 노형동,부상신고사고,0,0,0,1,차대차 - 기타,안전운전불이행,젖음/습기,비,교차로 - 교차로안,이륜,남,45세,부상신고,승용,여,54세,상해없음
2018090700100649,2018년 9월 7일 21시,금요일,제주특별자치도 제주시 건입동,경상사고,0,0,4,0,차대차 - 기타,안전거리미확보,젖음/습기,비,단일로 - 기타,승용,여,35세,상해없음,승용,남,44세,경상
2018090800100017,2018년 9월 8일 00시,토요일,제주특별자치도 서귀포시 신효동,경상사고,0,0,1,0,차대차 - 기타,안전운전불이행,젖음/습기,흐림,교차로 - 교차로부근,승용,여,40세,경상,승용,남,61세,상해없음
2018090800100058,2018년 9월 8일 02시,토요일,제주특별자치도 서귀포시 표선면,경상사고,0,0,2,0,차대차 - 측면충돌,신호위반,건조,맑음,교차로 - 교차로안,승용,남,61세,상해없음,승용,남,23세,경상
2018090800100251,2018년 9월 8일 11시,토요일,제주특별자치도 제주시 한림읍,경상사고,0,0,1,0,차대사람 - 차도통행중,안전운전불이행,건조,맑음,단일로 - 기타,승용,여,55세,상해없음,보행자,여,75세,경상
2018090800100298,2018년 9월 8일 12시,토요일,제주특별자치도 서귀포시 성산읍,경상사고,0,0,1,0,차대차 - 기타,안전운전불이행,건조,맑음,단일로 - 기타,화물,남,56세,상해없음,화물,남,61세,상해없음
2018090800100299,2018년 9월 8일 12시,토요일,제주특별자치도 제주시 한림읍,경상사고,0,0,1,0,차대사람 - 길가장자리구역통행중,안전운전불이행,건조,맑음,단일로 - 기타,승용,여,50세,상해없음,보행자,남,42세,경상
2018090800100300,2018년 9월 8일 12시,토요일,제주특별자치도 제주시 애월읍,경상사고,0,0,2,0,차대차 - 측면충돌,신호위반,건조,맑음,교차로 - 교차로안,승용,남,38세,상해없음,승용,남,37세,경상
2018090800100405,2018년 9월 8일 15시,토요일,제주특별자치도 제주시 애월읍,중상사고,0,1,0,0,차대차 - 추돌,안전운전불이행,건조,맑음,단일로 - 기타,화물,남,37세,상해없음,이륜,여,81세,중상
2018090800100449,2018년 9월 8일 16시,토요일,제주특별자치도 제주시 노형동,경상사고,0,0,2,0,차대차 - 기타,직진우회전진행방해,건조,맑음,교차로 - 교차로안,승용,여,62세,상해없음,승용,남,27세,경상
2018090800100483,2018년 9월 8일 17시,토요일,제주특별자치도 제주시 건입동,경상사고,0,0,1,0,차대사람 - 기타,안전운전불이행,건조,맑음,교차로 - 교차로안,승용,여,25세,상해없음,보행자,여,32세,경상
2018090800100484,2018년 9월 8일 17시,토요일,제주특별자치도 서귀포시 표선면,경상사고,0,0,1,0,차대차 - 기타,안전거리미확보,건조,맑음,교차로 - 교차로부근,승용,여,39세,상해없음,승용,여,25세,경상
2018090800100623,2018년 9월 8일 21시,토요일,제주특별자치도 제주시 연동,경상사고,0,0,2,0,차대차 - 측면충돌,안전운전불이행,건조,맑음,단일로 - 기타,승용,남,24세,경상,승용,남,43세,경상
2018090900100010,2018년 9월 9일 00시,일요일,제주특별자치도 제주시 이도이동,경상사고,0,0,1,0,차대차 - 기타,중앙선침범,건조,맑음,단일로 - 기타,승용,남,52세,상해없음,승용,남,58세,경상
2018090900100078,2018년 9월 9일 05시,일요일,제주특별자치도 서귀포시 성산읍,경상사고,0,0,1,0,차대차 - 기타,안전운전불이행,건조,맑음,단일로 - 기타,승용,남,73세,상해없음,농기계,남,67세,경상
2018090900100107,2018년 9월 9일 07시,일요일,제주특별자치도 서귀포시 남원읍,부상신고사고,0,0,0,1,차대차 - 기타,중앙선침범,건조,맑음,교차로 - 교차로부근,원동기,남,48세,부상신고,승용,남,74세,상해없음
2018090900100158,2018년 9월 9일 10시,일요일,제주특별자치도 제주시 이도일동,중상사고,0,1,0,0,차대사람 - 기타,안전운전불이행,건조,맑음,단일로 - 기타,승합,남,57세,상해없음,보행자,여,84세,중상
2018090900100213,2018년 9월 9일 12시,일요일,제주특별자치도 제주시 조천읍,경상사고,0,0,2,0,차대차 - 측면충돌,안전운전불이행,건조,맑음,단일로 - 기타,승용,여,66세,경상,화물,남,64세,경상
2018090900100214,2018년 9월 9일 12시,일요일,제주특별자치도 서귀포시 표선면,경상사고,0,0,2,2,차량단독 - 공작물충돌,교차로운행방법위반,건조,맑음,교차로 - 교차로안,승합,남,66세,부상신고,,,,
2018090900100245,2018년 9월 9일 13시,일요일,제주특별자치도 제주시 삼양일동,중상사고,0,1,0,0,차대차 - 기타,교차로운행방법위반,건조,맑음,교차로 - 교차로안,승용,남,63세,상해없음,이륜,남,58세,중상
2018090900100246,2018년 9월 9일 13시,일요일,제주특별자치도 서귀포시 색달동,중상사고,0,1,0,0,차대사람 - 횡단중,신호위반,건조,맑음,교차로 - 교차로횡단보도내,승합,남,60세,상해없음,보행자,여,29세,중상
2018090900100281,2018년 9월 9일 14시,일요일,제주특별자치도 제주시 일도이동,경상사고,0,0,3,0,차대차 - 측면충돌,안전운전불이행,건조,맑음,교차로 - 교차로부근,승용,남,69세,상해없음,승용,남,33세,경상
2018090900100282,2018년 9월 9일 14시,일요일,제주특별자치도 제주시 용담이동,중상사고,0,1,0,0,차대차 - 기타,신호위반,건조,맑음,교차로 - 교차로안,화물,남,43세,상해없음,자전거,여,61세,중상
2018090900100323,2018년 9월 9일 15시,일요일,제주특별자치도 제주시 애월읍,경상사고,0,0,2,0,차대차 - 측면충돌,교차로운행방법위반,건조,맑음,교차로 - 교차로안,승용,남,25세,상해없음,승용,남,25세,경상
2018090900100349,2018년 9월 9일 16시,일요일,제주특별자치도 서귀포시 중문동,경상사고,0,0,2,0,차대차 - 측면충돌,교차로운행방법위반,건조,맑음,교차로 - 교차로안,승용,여,23세,상해없음,승용,남,29세,경상
2018090900100390,2018년 9월 9일 17시,일요일,제주특별자치도 제주시 영평동,경상사고,0,0,1,0,차대차 - 기타,교차로운행방법위반,건조,맑음,교차로 - 교차로안,화물,남,46세,상해없음,승용,여,24세,경상
2018090900100391,2018년 9월 9일 17시,일요일,제주특별자치도 제주시 한림읍,경상사고,0,0,1,0,차대차 - 기타,안전거리미확보,건조,맑음,교차로 - 교차로안,승용,남,59세,상해없음,원동기,남,72세,경상
2018090900100444,2018년 9월 9일 19시,일요일,제주특별자치도 제주시 한림읍,부상신고사고,0,0,0,3,차대차 - 측면충돌,직진우회전진행방해,건조,맑음,교차로 - 교차로안,승용,남,35세,부상신고,승용,남,23세,상해없음
2018090900100472,2018년 9월 9일 20시,일요일,제주특별자치도 서귀포시 서귀동,경상사고,0,0,1,0,차대사람 - 기타,안전운전불이행,건조,맑음,교차로 - 교차로안,이륜,남,41세,상해없음,보행자,남,37세,경상
2018091000100101,2018년 9월 10일 07시,월요일,제주특별자치도 제주시 노형동,경상사고,0,0,2,0,차대차 - 측면충돌,교차로운행방법위반,건조,맑음,교차로 - 교차로안,승용,여,50세,경상,승용,남,43세,상해없음
2018091000100157,2018년 9월 10일 08시,월요일,제주특별자치도 제주시 노형동,중상사고,0,1,0,0,차대차 - 기타,직진우회전진행방해,건조,맑음,교차로 - 교차로안,승용,여,45세,상해없음,이륜,남,76세,중상
2018091000100212,2018년 9월 10일 09시,월요일,제주특별자치도 제주시 이도이동,경상사고,0,0,1,0,차대사람 - 횡단중,안전운전불이행,건조,맑음,단일로 - 기타,승용,여,30세,상해없음,보행자,여,53세,경상
2018091000100249,2018년 9월 10일 10시,월요일,제주특별자치도 서귀포시 법환동,경상사고,0,0,1,0,차대차 - 기타,차로위반,건조,맑음,단일로 - 기타,승용,남,79세,상해없음,승용,남,73세,상해없음
2018091000100314,2018년 9월 10일 12시,월요일,제주특별자치도 제주시 이도이동,경상사고,0,0,1,0,차대차 - 측면충돌,안전운전불이행,건조,맑음,단일로 - 기타,승용,남,64세,상해없음,자전거,여,21세,경상
2018091000100315,2018년 9월 10일 12시,월요일,제주특별자치도 제주시 애월읍,중상사고,0,1,0,0,차대사람 - 기타,안전운전불이행,건조,흐림,단일로 - 기타,화물,남,49세,상해없음,보행자,여,65세,중상
2018091000100344,2018년 9월 10일 13시,월요일,제주특별자치도 제주시 내도동,경상사고,0,0,1,0,차대차 - 기타,안전운전불이행,건조,맑음,교차로 - 교차로안,이륜,남,25세,경상,화물,남,51세,상해없음
2018091000100376,2018년 9월 10일 14시,월요일,제주특별자치도 제주시 우도면,경상사고,0,0,1,0,차량단독 - 공작물충돌,안전운전불이행,건조,맑음,단일로 - 기타,이륜,여,23세,경상,,,,
2018091000100377,2018년 9월 10일 14시,월요일,제주특별자치도 제주시 해안동,경상사고,0,0,2,0,차대차 - 기타,교차로운행방법위반,건조,맑음,교차로 - 교차로부근,승용,남,26세,상해없음,승용,남,52세,경상
2018091000100521,2018년 9월 10일 17시,월요일,제주특별자치도 제주시 연동,경상사고,0,0,1,0,차대사람 - 기타,보행자보호의무위반,건조,맑음,단일로 - 기타,승용,남,28세,상해없음,보행자,남,14세,경상
2018091000100576,2018년 9월 10일 18시,월요일,제주특별자치도 서귀포시 표선면,경상사고,0,0,1,0,차량단독 - 기타,안전운전불이행,건조,맑음,교차로 - 교차로부근,승용,남,70세,경상,,,,
2018091000100622,2018년 9월 10일 19시,월요일,제주특별자치도 제주시 오라삼동,경상사고,0,0,1,0,차대차 - 기타,신호위반,건조,맑음,교차로 - 교차로안,승용,남,65세,상해없음,승용,남,62세,경상
2018091000100658,2018년 9월 10일 20시,월요일,제주특별자치도 제주시 한림읍,부상신고사고,0,0,0,1,차대차 - 기타,안전거리미확보,건조,맑음,교차로 - 교차로부근,이륜,남,63세,부상신고,승용,여,26세,상해없음
2018091000100694,2018년 9월 10일 21시,월요일,제주특별자치도 서귀포시 대정읍,경상사고,0,0,1,0,차대차 - 기타,안전운전불이행,건조,맑음,단일로 - 기타,승용,남,60세,상해없음,승용,여,44세,경상
2018091100100224,2018년 9월 11일 11시,화요일,제주특별자치도 제주시 도련일동,경상사고,0,0,1,0,차대차 - 측면충돌,중앙선침범,건조,맑음,단일로 - 기타,승용,여,52세,상해없음,승용,여,41세,경상
2018091100100286,2018년 9월 11일 13시,화요일,제주특별자치도 제주시 조천읍,경상사고,0,0,1,0,차대차 - 측면충돌,안전거리미확보,건조,맑음,단일로 - 기타,승용,여,66세,상해없음,승용,여,39세,경상
2018091100100314,2018년 9월 11일 14시,화요일,제주특별자치도 제주시 일도일동,경상사고,0,0,1,0,차대사람 - 횡단중,안전운전불이행,건조,맑음,교차로 - 교차로안,화물,남,38세,상해없음,보행자,남,50세,경상
2018091100100315,2018년 9월 11일 14시,화요일,제주특별자치도 제주시 애월읍,중상사고,0,1,1,0,차대차 - 기타,안전운전불이행,건조,맑음,단일로 - 기타,화물,남,56세,중상,건설기계,남,56세,경상
2018091100100342,2018년 9월 11일 15시,화요일,제주특별자치도 서귀포시 대정읍,경상사고,0,0,3,0,차대차 - 측면충돌,직진우회전진행방해,건조,맑음,교차로 - 교차로안,승용,남,28세,경상,승용,남,36세,경상
2018091100100418,2018년 9월 11일 17시,화요일,제주특별자치도 제주시 구좌읍,중상사고,0,1,0,0,차대차 - 기타,신호위반,건조,맑음,교차로 - 교차로안,승용,여,61세,상해없음,승합,남,40세,중상
2018091100100554,2018년 9월 11일 21시,화요일,제주특별자치도 서귀포시 대정읍,경상사고,0,0,2,0,차대차 - 추돌,안전거리미확보,건조,맑음,교차로 - 교차로부근,화물,남,55세,상해없음,승용,남,25세,경상
2018091100100598,2018년 9월 11일 23시,화요일,제주특별자치도 서귀포시 동홍동,중상사고,0,1,0,0,차대차 - 기타,기타,건조,맑음,교차로 - 교차로횡단보도내,승용,남,53세,상해없음,이륜,남,25세,중상
2018091200100151,2018년 9월 12일 08시,수요일,제주특별자치도 서귀포시 동홍동,중상사고,0,1,4,0,차대차 - 추돌,안전운전불이행,건조,흐림,단일로 - 기타,승합,남,54세,상해없음,승합,남,34세,상해없음
2018091200100152,2018년 9월 12일 08시,수요일,제주특별자치도 서귀포시 토평동,경상사고,0,0,1,0,차대차 - 추돌,안전거리미확보,건조,맑음,단일로 - 기타,이륜,남,18세,경상,승용,남,48세,상해없음
2018091200100237,2018년 9월 12일 10시,수요일,제주특별자치도 서귀포시 안덕면,부상신고사고,0,0,0,1,차대차 - 측면충돌,중앙선침범,건조,흐림,교차로 - 교차로횡단보도내,자전거,남,38세,부상신고,승용,남,79세,상해없음
2018091200100281,2018년 9월 12일 11시,수요일,제주특별자치도 제주시 삼도일동,중상사고,0,1,1,0,차대차 - 측면충돌,교차로운행방법위반,건조,맑음,교차로 - 교차로안,승용,여,56세,경상,승용,여,61세,중상
2018091200100283,2018년 9월 12일 11시,수요일,제주특별자치도 서귀포시 안덕면,경상사고,0,0,1,0,차대차 - 측면충돌,안전거리미확보,건조,맑음,단일로 - 기타,화물,남,25세,상해없음,화물,남,38세,경상
2018091200100390,2018년 9월 12일 14시,수요일,제주특별자치도 제주시 도남동,경상사고,0,0,1,0,차대사람 - 기타,안전운전불이행,건조,맑음,단일로 - 기타,승용,남,47세,상해없음,보행자,여,60세,경상
2018091200100430,2018년 9월 12일 15시,수요일,제주특별자치도 제주시 이도이동,경상사고,0,0,1,0,차대차 - 기타,안전운전불이행,건조,맑음,단일로 - 기타,승용,남,45세,상해없음,자전거,남,13세,경상
2018091200100431,2018년 9월 12일 15시,수요일,제주특별자치도 제주시 화북일동,중상사고,0,1,0,0,차대차 - 기타,안전운전불이행,건조,흐림,단일로 - 기타,자전거,남,75세,중상,승합,남,57세,상해없음
2018091200100432,2018년 9월 12일 15시,수요일,제주특별자치도 서귀포시 남원읍,중상사고,0,1,1,0,차대차 - 정면충돌,기타,젖음/습기,흐림,교차로 - 교차로안,승용,여,38세,중상,승용,여,62세,경상
2018091200100433,2018년 9월 12일 15시,수요일,제주특별자치도 서귀포시 법환동,중상사고,0,1,0,0,차대사람 - 횡단중,보행자보호의무위반,건조,흐림,교차로 - 교차로횡단보도내,승합,남,53세,상해없음,보행자,여,38세,중상
2018091200100482,2018년 9월 12일 16시,수요일,제주특별자치도 서귀포시 안덕면,중상사고,0,1,0,1,차량단독 - 기타,안전운전불이행,건조,맑음,단일로 - 기타,승용,남,37세,부상신고,,,,
2018091200100483,2018년 9월 12일 16시,수요일,제주특별자치도 제주시 한림읍,중상사고,0,1,0,0,차대사람 - 기타,안전운전불이행,건조,맑음,단일로 - 기타,승합,남,65세,상해없음,보행자,여,86세,중상
2018091200100630,2018년 9월 12일 19시,수요일,제주특별자치도 제주시 노형동,중상사고,0,1,0,0,차대사람 - 횡단중,보행자보호의무위반,건조,맑음,교차로 - 교차로횡단보도내,승용,여,49세,상해없음,보행자,여,55세,중상
2018091300100011,2018년 9월 13일 00시,목요일,제주특별자치도 제주시 이도이동,경상사고,0,0,1,0,차대차 - 측면충돌,중앙선침범,젖음/습기,비,단일로 - 기타,승용,남,43세,상해없음,승용,남,32세,경상
2018091300100044,2018년 9월 13일 03시,목요일,제주특별자치도 제주시 도두일동,경상사고,0,0,1,0,차대차 - 측면충돌,안전운전불이행,젖음/습기,비,교차로 - 교차로안,승용,남,25세,상해없음,승용,남,36세,경상
2018091300100052,2018년 9월 13일 04시,목요일,제주특별자치도 서귀포시 동홍동,중상사고,0,1,1,0,차대차 - 측면충돌,직진우회전진행방해,젖음/습기,비,교차로 - 교차로안,승용,여,37세,상해없음,화물,남,50세,경상
2018091300100094,2018년 9월 13일 07시,목요일,제주특별자치도 제주시 이호이동,경상사고,0,0,1,0,차대차 - 기타,안전운전불이행,젖음/습기,비,교차로 - 교차로부근,승용,남,38세,상해없음,승용,남,66세,경상
2018091300100138,2018년 9월 13일 08시,목요일,제주특별자치도 제주시 아라일동,경상사고,0,0,1,0,차대차 - 측면충돌,차로위반,젖음/습기,비,단일로 - 기타,승용,여,42세,상해없음,승용,여,45세,경상
2018091300100233,2018년 9월 13일 11시,목요일,제주특별자치도 제주시 용담이동,부상신고사고,0,0,0,1,차대차 - 기타,안전운전불이행,젖음/습기,비,단일로 - 기타,승합,남,61세,상해없음,승합,남,24세,부상신고
2018091300100261,2018년 9월 13일 12시,목요일,제주특별자치도 서귀포시 표선면,경상사고,0,0,4,0,차대차 - 측면충돌,차로위반,젖음/습기,비,교차로 - 교차로안,승합,남,41세,상해없음,승용,여,23세,경상
2018091300100366,2018년 9월 13일 15시,목요일,제주특별자치도 제주시 한경면,중상사고,0,1,0,0,차대차 - 정면충돌,중앙선침범,젖음/습기,비,단일로 - 기타,승용,남,55세,상해없음,자전거,남,50세,중상
2018091300100408,2018년 9월 13일 16시,목요일,제주특별자치도 제주시 조천읍,중상사고,0,1,2,0,차대차 - 측면충돌,중앙선침범,젖음/습기,비,단일로 - 기타,승용,남,54세,상해없음,승용,남,43세,경상
2018091300100409,2018년 9월 13일 16시,목요일,제주특별자치도 서귀포시 남원읍,중상사고,0,1,0,1,차량단독 - 도로외이탈 - 기타,안전운전불이행,건조,맑음,단일로 - 기타,승용,남,59세,부상신고,,,,