사고번호,사고일시,요일,시군구,사고내용,사망자수,중상자수,경상자수,부상신고자수,사고유형,법규위반,노면상태,기상상태,도로형태,가해운전자 차종,가해운전자 성별,가해운전자 연령,가해운전자 상해정도,피해운전자 차종,피해운전자 성별,피해운전자 연령,피해운전자 상해정도
2018091300100410,2018년 9월 13일 16시,목요일,제주특별자치도 서귀포시 대정읍,경상사고,0,0,4,0,차대차 - 기타,교차로운행방법위반,젖음/습기,맑음,교차로 - 교차로안,화물,남,49세,상해없음,승용,남,35세,경상
2018091300100459,2018년 9월 13일 17시,목요일,제주특별자치도 제주시 노형동,부상신고사고,0,0,0,1,차대차 - 기타,안전거리미확보,젖음/습기,비,교차로 - 교차로부근,승용,남,53세,상해없음,승합,남,62세,상해없음
2018091300100508,2018년 9월 13일 18시,목요일,제주특별자치도 제주시 월평동,경상사고,0,0,1,0,차대차 - 측면충돌,직진우회전진행방해,젖음/습기,비,교차로 - 교차로안,승용,남,36세,기타불명,승용,여,29세,경상
2018091300100509,2018년 9월 13일 18시,목요일,제주특별자치도 서귀포시 색달동,중상사고,0,1,2,0,차대차 - 기타,신호위반,젖음/습기,흐림,교차로 - 교차로횡단보도내,승용,남,46세,상해없음,승용,남,31세,경상
2018091300100702,2018년 9월 13일 23시,목요일,제주특별자치도 서귀포시 안덕면,경상사고,0,0,1,0,차대차 - 기타,중앙선침범,젖음/습기,맑음,단일로 - 기타,화물,남,55세,상해없음,승용,남,42세,경상
2018091400100038,2018년 9월 14일 01시,금요일,제주특별자치도 제주시 노형동,부상신고사고,0,0,0,1,차대차 - 측면충돌,신호위반,젖음/습기,비,교차로 - 교차로안,이륜,남,37세,부상신고,승용,여,44세,상해없음
2018091400100233,2018년 9월 14일 10시,금요일,제주특별자치도 제주시 오라이동,경상사고,0,0,3,0,차대차 - 측면충돌,교차로운행방법위반,건조,맑음,교차로 - 교차로안,화물,남,48세,상해없음,승용,여,49세,경상
2018091400100331,2018년 9월 14일 13시,금요일,제주특별자치도 제주시 노형동,경상사고,0,0,2,0,차대차 - 후진중충돌,안전운전불이행,건조,맑음,단일로 - 기타,화물,남,60세,상해없음,승용,남,42세,경상
2018091400100366,2018년 9월 14일 14시,금요일,제주특별자치도 제주시 이도이동,경상사고,0,0,1,0,차대차 - 기타,안전거리미확보,건조,맑음,단일로 - 기타,승용,남,24세,상해없음,승용,남,63세,경상
2018091400100367,2018년 9월 14일 14시,금요일,제주특별자치도 제주시 이도일동,경상사고,0,0,1,0,차대사람 - 기타,기타,건조,맑음,기타 - 기타,승용,여,46세,상해없음,보행자,여,19세,경상
2018091400100437,2018년 9월 14일 16시,금요일,제주특별자치도 서귀포시 서귀동,중상사고,0,1,0,0,차대사람 - 기타,안전운전불이행,건조,맑음,교차로 - 교차로안,승용,여,54세,상해없음,보행자,여,66세,중상
2018091400100438,2018년 9월 14일 16시,금요일,제주특별자치도 서귀포시 성산읍,경상사고,0,0,3,0,차대차 - 측면충돌,안전운전불이행,건조,맑음,교차로 - 교차로안,승용,여,28세,경상,승용,여,29세,경상
2018091400100439,2018년 9월 14일 16시,금요일,제주특별자치도 서귀포시 성산읍,경상사고,0,0,1,0,차대차 - 기타,기타,건조,맑음,단일로 - 기타,화물,남,54세,상해없음,원동기,남,64세,경상
2018091400100575,2018년 9월 14일 19시,금요일,제주특별자치도 제주시 도남동,경상사고,0,0,2,0,차대차 - 기타,신호위반,건조,맑음,교차로 - 교차로안,승용,남,69세,상해없음,승용,여,31세,경상
2018091400100716,2018년 9월 14일 22시,금요일,제주특별자치도 서귀포시 남원읍,중상사고,0,2,2,1,차대차 - 정면충돌,중앙선침범,젖음/습기,흐림,단일로 - 기타,승용,남,58세,부상신고,승용,남,31세,중상
2018091400100717,2018년 9월 14일 22시,금요일,제주특별자치도 제주시 해안동,부상신고사고,0,0,0,5,차대차 - 측면충돌,안전운전불이행,건조,맑음,교차로 - 교차로안,승용,남,19세,부상신고,승용,남,29세,부상신고
2018091500100128,2018년 9월 15일 07시,토요일,제주특별자치도 서귀포시 서호동,중상사고,0,1,0,0,차대차 - 기타,차로위반,건조,맑음,단일로 - 기타,이륜,여,65세,중상,승용,남,64세,상해없음
2018091500100179,2018년 9월 15일 09시,토요일,제주특별자치도 제주시 해안동,중상사고,0,3,1,1,차대차 - 추돌,안전운전불이행,건조,맑음,단일로 - 기타,화물,남,31세,부상신고,화물,남,44세,중상
2018091500100251,2018년 9월 15일 11시,토요일,제주특별자치도 제주시 이도이동,경상사고,0,0,1,0,차대차 - 측면충돌,신호위반,건조,맑음,교차로 - 교차로안,승용,남,42세,상해없음,승용,남,60세,상해없음
2018091500100290,2018년 9월 15일 12시,토요일,제주특별자치도 제주시 애월읍,경상사고,0,0,2,0,차대차 - 기타,안전거리미확보,건조,맑음,단일로 - 기타,화물,남,47세,상해없음,승용,남,32세,경상
2018091500100332,2018년 9월 15일 13시,토요일,제주특별자치도 제주시 도두일동,중상사고,0,1,0,0,차대사람 - 횡단중,안전운전불이행,건조,맑음,교차로 - 교차로횡단보도내,화물,남,33세,상해없음,보행자,여,69세,중상
2018091500100437,2018년 9월 15일 16시,토요일,제주특별자치도 제주시 애월읍,경상사고,0,0,2,0,차대차 - 기타,중앙선침범,건조,맑음,단일로 - 기타,화물,남,70세,상해없음,승용,여,39세,경상
2018091500100509,2018년 9월 15일 18시,토요일,제주특별자치도 제주시 삼도일동,경상사고,0,0,1,0,차대차 - 측면충돌,교차로운행방법위반,건조,맑음,교차로 - 교차로안,승용,남,35세,상해없음,승용,남,58세,경상
2018091600100031,2018년 9월 16일 01시,일요일,제주특별자치도 제주시 도남동,중상사고,0,1,1,0,차대차 - 추돌,안전운전불이행,건조,맑음,교차로 - 교차로부근,승용,남,46세,상해없음,승용,남,33세,경상
2018091600100069,2018년 9월 16일 04시,일요일,제주특별자치도 제주시 삼도일동,경상사고,0,0,2,0,차대차 - 추돌,안전거리미확보,건조,맑음,단일로 - 기타,승용,남,34세,상해없음,승용,남,24세,경상
2018091600100110,2018년 9월 16일 07시,일요일,제주특별자치도 제주시 도련일동,경상사고,0,0,1,0,차대차 - 정면충돌,중앙선침범,건조,맑음,교차로 - 교차로부근,승용,여,53세,상해없음,승용,남,38세,경상
2018091600100111,2018년 9월 16일 07시,일요일,제주특별자치도 제주시 건입동,경상사고,0,0,1,0,차대차 - 측면충돌,교차로운행방법위반,건조,맑음,교차로 - 교차로안,자전거,남,49세,경상,승용,남,63세,상해없음
2018091600100112,2018년 9월 16일 07시,일요일,제주특별자치도 제주시 연동,경상사고,0,0,1,0,차대차 - 기타,직진우회전진행방해,건조,맑음,교차로 - 교차로안,승용,여,35세,상해없음,승합,남,53세,경상
2018091600100128,2018년 9월 16일 08시,일요일,제주특별자치도 제주시 노형동,부상신고사고,0,0,0,1,차대차 - 기타,안전운전불이행,건조,맑음,단일로 - 기타,승용,여,27세,상해없음,자전거,남,13세,부상신고
2018091600100284,2018년 9월 16일 14시,일요일,제주특별자치도 제주시 용담이동,경상사고,0,0,1,0,차대차 - 측면충돌,교차로운행방법위반,건조,맑음,교차로 - 교차로부근,승용,남,60세,상해없음,화물,남,54세,경상
2018091600100352,2018년 9월 16일 16시,일요일,제주특별자치도 제주시 조천읍,경상사고,0,0,2,0,차대차 - 추돌,안전거리미확보,건조,맑음,단일로 - 기타,승용,여,53세,상해없음,승용,남,27세,상해없음
2018091600100353,2018년 9월 16일 16시,일요일,제주특별자치도 제주시 애월읍,경상사고,0,0,1,0,차대차 - 정면충돌,안전운전불이행,건조,맑음,교차로 - 교차로안,화물,남,41세,상해없음,승용,남,27세,경상
2018091600100354,2018년 9월 16일 16시,일요일,제주특별자치도 제주시 용담삼동,부상신고사고,0,0,0,1,차대차 - 기타,교차로운행방법위반,건조,맑음,단일로 - 기타,승용,여,37세,상해없음,이륜,남,16세,부상신고
2018091600100396,2018년 9월 16일 17시,일요일,제주특별자치도 제주시 한림읍,중상사고,0,1,4,0,차대차 - 측면충돌,교차로운행방법위반,건조,맑음,교차로 - 교차로안,승용,여,22세,경상,승용,여,59세,경상
2018091600100453,2018년 9월 16일 19시,일요일,제주특별자치도 제주시 구좌읍,경상사고,0,0,1,0,차대차 - 측면충돌,교차로운행방법위반,건조,맑음,교차로 - 교차로안,이륜,여,24세,경상,승용,남,31세,기타불명
2018091600100454,2018년 9월 16일 19시,일요일,제주특별자치도 제주시 노형동,경상사고,0,0,1,0,차대사람 - 기타,안전운전불이행,건조,맑음,단일로 - 기타,승용,남,67세,상해없음,보행자,여,45세,경상
2018091700100012,2018년 9월 17일 00시,월요일,제주특별자치도 제주시 조천읍,경상사고,0,0,1,0,차대차 - 기타,안전운전불이행,건조,맑음,단일로 - 기타,승용,남,37세,경상,승용,여,38세,상해없음
2018091700100060,2018년 9월 17일 06시,월요일,제주특별자치도 제주시 애월읍,경상사고,0,0,1,0,차대차 - 추돌,안전운전불이행,건조,맑음,단일로 - 기타,승용,남,24세,상해없음,화물,남,44세,경상
2018091700100172,2018년 9월 17일 09시,월요일,제주특별자치도 제주시 이도일동,중상사고,0,1,0,0,차대사람 - 기타,안전운전불이행,건조,맑음,교차로 - 교차로부근,승합,남,50세,상해없음,보행자,여,52세,중상
2018091700100229,2018년 9월 17일 11시,월요일,제주특별자치도 제주시 일도일동,중상사고,0,1,0,0,차대사람 - 보도통행중,안전운전불이행,건조,맑음,기타 - 기타,기타불명,남,24세,상해없음,보행자,여,71세,중상
2018091700100230,2018년 9월 17일 11시,월요일,제주특별자치도 제주시 애월읍,경상사고,0,0,2,0,차대차 - 추돌,안전운전불이행,건조,맑음,단일로 - 기타,특수,남,35세,상해없음,승용,남,32세,경상
2018091700100292,2018년 9월 17일 13시,월요일,제주특별자치도 제주시 우도면,부상신고사고,0,0,0,1,차량단독 - 공작물충돌,안전운전불이행,건조,맑음,단일로 - 기타,이륜,여,28세,부상신고,,,,
2018091700100322,2018년 9월 17일 14시,월요일,제주특별자치도 서귀포시 강정동,중상사고,0,1,0,0,차대차 - 정면충돌,안전운전불이행,건조,맑음,단일로 - 기타,화물,남,33세,상해없음,이륜,남,53세,중상
2018091700100366,2018년 9월 17일 15시,월요일,제주특별자치도 제주시 도남동,중상사고,0,1,0,0,차량단독 - 기타,기타,건조,맑음,교차로 - 교차로부근,승합,남,50세,상해없음,,,,
2018091700100459,2018년 9월 17일 17시,월요일,제주특별자치도 제주시 영평동,경상사고,0,0,1,0,차대차 - 기타,안전거리미확보,건조,맑음,단일로 - 기타,승용,여,31세,상해없음,승용,여,46세,경상
2018091700100548,2018년 9월 17일 19시,월요일,제주특별자치도 제주시 구좌읍,경상사고,0,0,1,0,차대차 - 기타,직진우회전진행방해,건조,맑음,교차로 - 교차로안,승용,남,64세,상해없음,승용,남,28세,경상
2018091700100549,2018년 9월 17일 19시,월요일,제주특별자치도 제주시 일도이동,중상사고,0,1,0,0,차대사람 - 횡단중,보행자보호의무위반,건조,맑음,단일로 - 기타,승용,여,44세,상해없음,보행자,여,54세,중상
2018091800100033,2018년 9월 18일 02시,화요일,제주특별자치도 제주시 이도이동,사망사고,1,0,0,0,차대사람 - 기타,안전운전불이행,건조,맑음,교차로 - 교차로안,승용,남,58세,상해없음,보행자,남,48세,사망
2018091800100095,2018년 9월 18일 07시,화요일,제주특별자치도 제주시 도련이동,경상사고,0,0,1,0,차대차 - 추돌,안전거리미확보,건조,맑음,단일로 - 기타,승용,남,26세,상해없음,승용,여,45세,경상
2018091800100236,2018년 9월 18일 10시,화요일,제주특별자치도 서귀포시 서홍동,중상사고,0,1,2,0,차량단독 - 공작물충돌,안전운전불이행,건조,맑음,단일로 - 기타,승용,여,25세,경상,,,,
2018091800100267,2018년 9월 18일 11시,화요일,제주특별자치도 제주시 노형동,경상사고,0,0,1,1,차대차 - 기타,직진우회전진행방해,건조,맑음,교차로 - 교차로안,승용,여,43세,경상,승용,여,50세,부상신고
2018091800100323,2018년 9월 18일 13시,화요일,제주특별자치도 제주시 노형동,경상사고,0,0,2,0,차대차 - 기타,안전운전불이행,건조,맑음,교차로 - 교차로안,승용,남,64세,상해없음,화물,남,55세,경상
2018091800100363,2018년 9월 18일 14시,화요일,제주특별자치도 제주시 오등동,경상사고,0,0,1,0,차대차 - 기타,과속,건조,맑음,교차로 - 교차로안,승용,남,26세,상해없음,농기계,남,79세,경상
2018091800100404,2018년 9월 18일 15시,화요일,제주특별자치도 제주시 우도면,경상사고,0,0,1,0,차량단독 - 기타,안전운전불이행,건조,맑음,단일로 - 기타,이륜,남,73세,경상,,,,
2018091800100458,2018년 9월 18일 16시,화요일,제주특별자치도 제주시 애월읍,경상사고,0,0,1,0,차대차 - 정면충돌,교차로운행방법위반,건조,맑음,교차로 - 교차로안,건설기계,남,43세,상해없음,승용,남,33세,경상
2018091800100500,2018년 9월 18일 17시,화요일,제주특별자치도 제주시 도련일동,경상사고,0,0,1,0,차대차 - 측면충돌,교차로운행방법위반,건조,맑음,교차로 - 교차로안,승합,여,32세,상해없음,승합,여,47세,경상
2018091800100501,2018년 9월 18일 17시,화요일,제주특별자치도 제주시 아라이동,경상사고,0,0,1,0,차대차 - 기타,교차로운행방법위반,건조,맑음,교차로 - 교차로안,승용,남,28세,상해없음,승용,여,26세,경상
2018091800100586,2018년 9월 18일 19시,화요일,제주특별자치도 제주시 노형동,경상사고,0,0,1,0,차대차 - 기타,교차로운행방법위반,기타,맑음,교차로 - 교차로안,승용,남,33세,상해없음,승용,남,45세,경상
2018091800100587,2018년 9월 18일 19시,화요일,제주특별자치도 제주시 연동,경상사고,0,0,1,0,차대사람 - 기타,안전운전불이행,기타,맑음,교차로 - 교차로횡단보도내,기타불명,기타불명,미분류,기타불명,보행자,여,23세,경상
2018091800100625,2018년 9월 18일 20시,화요일,제주특별자치도 제주시 한림읍,경상사고,0,0,2,0,차대차 - 측면충돌,신호위반,건조,맑음,교차로 - 교차로안,승용,남,24세,상해없음,승용,여,28세,경상
2018091800100675,2018년 9월 18일 22시,화요일,제주특별자치도 제주시 한림읍,부상신고사고,0,0,0,4,차량단독 - 도로외이탈 - 기타,안전운전불이행,건조,맑음,단일로 - 기타,승용,남,25세,부상신고,,,,
2018091800100676,2018년 9월 18일 22시,화요일,제주특별자치도 제주시 해안동,경상사고,0,0,2,0,차대차 - 측면충돌,신호위반,건조,맑음,교차로 - 교차로안,승용,남,55세,상해없음,승용,남,56세,경상
2018091900100099,2018년 9월 19일 07시,수요일,제주특별자치도 서귀포시 색달동,경상사고,0,0,1,0,차대차 - 기타,교차로운행방법위반,건조,맑음,교차로 - 교차로안,화물,남,70세,경상,화물,남,49세,상해없음
2018091900100100,2018년 9월 19일 07시,수요일,제주특별자치도 서귀포시 남원읍,중상사고,0,1,1,0,차대차 - 기타,안전운전불이행,건조,맑음,교차로 - 교차로부근,승합,남,60세,상해없음,승용,남,69세,경상
2018091900100141,2018년 9월 19일 08시,수요일,제주특별자치도 제주시 삼도일동,중상사고,0,1,0,0,차대차 - 측면충돌,안전운전불이행,건조,맑음,단일로 - 기타,자전거,남,31세,중상,승용,여,43세,상해없음
2018091900100178,2018년 9월 19일 09시,수요일,제주특별자치도 제주시 애월읍,중상사고,0,1,1,0,차대차 - 기타,신호위반,건조,맑음,교차로 - 교차로안,승용,여,32세,상해없음,승용,남,61세,중상
2018091900100302,2018년 9월 19일 13시,수요일,제주특별자치도 제주시 조천읍,중상사고,0,1,1,0,차대차 - 정면충돌,중앙선침범,건조,맑음,단일로 - 기타,승용,남,68세,상해없음,승용,남,65세,경상
2018091900100303,2018년 9월 19일 13시,수요일,제주특별자치도 서귀포시 남원읍,중상사고,0,2,0,0,차대사람 - 기타,기타,건조,맑음,단일로 - 기타,승용,남,77세,상해없음,보행자,여,21세,중상
2018091900100511,2018년 9월 19일 18시,수요일,제주특별자치도 제주시 이도이동,중상사고,0,1,0,0,차대차 - 측면충돌,신호위반,건조,맑음,단일로 - 기타,화물,남,55세,상해없음,승합,남,50세,상해없음
2018091900100512,2018년 9월 19일 18시,수요일,제주특별자치도 제주시 도남동,경상사고,0,0,2,0,차대차 - 측면충돌,차로위반,건조,맑음,단일로 - 기타,화물,남,62세,상해없음,승용,여,48세,경상
2018091900100557,2018년 9월 19일 19시,수요일,제주특별자치도 제주시 이도이동,중상사고,0,1,6,0,차대차 - 추돌,안전거리미확보,건조,맑음,단일로 - 기타,화물,남,49세,상해없음,승용,남,48세,경상
2018091900100558,2018년 9월 19일 19시,수요일,제주특별자치도 서귀포시 남원읍,경상사고,0,0,1,1,차대차 - 기타,안전거리미확보,젖음/습기,흐림,교차로 - 교차로부근,화물,남,52세,부상신고,화물,남,45세,상해없음
2018091900100591,2018년 9월 19일 20시,수요일,제주특별자치도 서귀포시 남원읍,중상사고,0,1,0,0,차대사람 - 기타,안전운전불이행,건조,맑음,단일로 - 기타,승합,남,57세,상해없음,보행자,여,63세,중상
2018091900100592,2018년 9월 19일 20시,수요일,제주특별자치도 제주시 노형동,경상사고,0,0,1,0,차대차 - 기타,안전운전불이행,건조,맑음,기타 - 기타,이륜,남,40세,경상,승용,여,42세,상해없음
2018091900100665,2018년 9월 19일 22시,수요일,제주특별자치도 서귀포시 강정동,부상신고사고,0,0,0,1,차대사람 - 기타,안전운전불이행,건조,맑음,단일로 - 기타,승용,여,50세,상해없음,보행자,남,46세,부상신고
2018092000100034,2018년 9월 20일 01시,목요일,제주특별자치도 제주시 삼도일동,경상사고,0,0,2,0,차대차 - 추돌,안전운전불이행,젖음/습기,비,교차로 - 교차로부근,승용,남,26세,상해없음,승용,남,49세,경상
2018092000100035,2018년 9월 20일 01시,목요일,제주특별자치도 서귀포시 서홍동,중상사고,0,1,0,0,차량단독 - 기타,안전운전불이행,젖음/습기,비,단일로 - 기타,이륜,남,31세,중상,,,,
2018092000100036,2018년 9월 20일 01시,목요일,제주특별자치도 제주시 연동,부상신고사고,0,0,0,3,차대차 - 추돌,안전거리미확보,젖음/습기,비,교차로 - 교차로안,승용,남,56세,상해없음,승용,남,60세,부상신고
2018092000100041,2018년 9월 20일 02시,목요일,제주특별자치도 제주시 일도이동,중상사고,0,1,0,0,차대사람 - 횡단중,보행자보호의무위반,젖음/습기,비,교차로 - 교차로부근,승용,여,50세,상해없음,보행자,남,52세,중상
2018092000100219,2018년 9월 20일 10시,목요일,제주특별자치도 제주시 아라이동,중상사고,0,1,0,0,차대사람 - 횡단중,신호위반,건조,맑음,단일로 - 기타,승용,여,50세,상해없음,보행자,여,76세,중상
2018092000100256,2018년 9월 20일 11시,목요일,제주특별자치도 제주시 아라일동,경상사고,0,0,2,0,차대차 - 측면충돌,안전거리미확보,건조,맑음,교차로 - 교차로안,화물,남,38세,상해없음,승용,남,43세,경상
2018092000100257,2018년 9월 20일 11시,목요일,제주특별자치도 제주시 아라일동,경상사고,0,0,3,0,차대차 - 측면충돌,안전운전불이행,건조,맑음,단일로 - 기타,승용,남,81세,경상,승용,남,55세,경상
2018092000100292,2018년 9월 20일 12시,목요일,제주특별자치도 서귀포시 성산읍,중상사고,0,1,1,1,차대차 - 기타,직진우회전진행방해,젖음/습기,비,교차로 - 교차로안,화물,남,55세,부상신고,승용,여,46세,경상
2018092000100443,2018년 9월 20일 16시,목요일,제주특별자치도 서귀포시 대정읍,경상사고,0,0,1,0,차량단독 - 기타,안전운전불이행,건조,맑음,단일로 - 기타,승용,여,26세,경상,,,,
2018092000100489,2018년 9월 20일 17시,목요일,제주특별자치도 제주시 연동,중상사고,0,1,0,1,차대차 - 측면충돌,교차로운행방법위반,건조,맑음,교차로 - 교차로안,승용,남,30세,부상신고,승용,여,66세,중상
2018092000100603,2018년 9월 20일 19시,목요일,제주특별자치도 제주시 이도이동,경상사고,0,0,1,0,차대차 - 측면충돌,안전운전불이행,건조,맑음,단일로 - 기타,승용,남,43세,상해없음,원동기,남,60세,경상
2018092000100604,2018년 9월 20일 19시,목요일,제주특별자치도 제주시 조천읍,경상사고,0,0,1,0,차량단독 - 기타,안전운전불이행,젖음/습기,비,단일로 - 기타,이륜,남,73세,경상,,,,
2018092000100605,2018년 9월 20일 19시,목요일,제주특별자치도 서귀포시 서귀동,중상사고,0,1,0,0,차대사람 - 횡단중,보행자보호의무위반,건조,맑음,교차로 - 교차로부근,승용,남,59세,상해없음,보행자,여,72세,중상
2018092000100657,2018년 9월 20일 20시,목요일,제주특별자치도 서귀포시 동홍동,경상사고,0,0,1,0,차대사람 - 기타,안전운전불이행,건조,맑음,단일로 - 기타,승용,여,22세,상해없음,보행자,남,10세,경상
2018092000100658,2018년 9월 20일 20시,목요일,제주특별자치도 서귀포시 중문동,중상사고,0,1,0,0,차량단독 - 기타,안전운전불이행,건조,맑음,단일로 - 기타,승합,남,44세,상해없음,,,,
2018092100100170,2018년 9월 21일 08시,금요일,제주특별자치도 제주시 건입동,중상사고,0,1,0,0,차대사람 - 기타,안전운전불이행,젖음/습기,비,단일로 - 기타,승용,여,41세,상해없음,보행자,남,76세,중상
2018092100100215,2018년 9월 21일 09시,금요일,제주특별자치도 제주시 아라이동,경상사고,0,0,1,0,차대차 - 측면충돌,교차로운행방법위반,젖음/습기,비,교차로 - 교차로안,화물,남,73세,상해없음,승용,여,44세,경상
2018092100100259,2018년 9월 21일 10시,금요일,제주특별자치도 제주시 건입동,경상사고,0,0,2,0,차대차 - 측면충돌,교차로운행방법위반,젖음/습기,비,교차로 - 교차로안,화물,남,62세,상해없음,승용,남,61세,경상
2018092100100260,2018년 9월 21일 10시,금요일,제주특별자치도 제주시 연동,경상사고,0,0,2,0,차대차 - 기타,안전운전불이행,젖음/습기,비,단일로 - 기타,승용,남,44세,상해없음,승용,남,34세,경상
2018092100100261,2018년 9월 21일 10시,금요일,제주특별자치도 제주시 한림읍,중상사고,0,3,1,0,차대차 - 측면충돌,신호위반,건조,맑음,교차로 - 교차로안,승용,여,36세,경상,화물,남,52세,중상
2018092100100294,2018년 9월 21일 11시,금요일,제주특별자치도 제주시 용담이동,경상사고,0,0,1,0,차대차 - 기타,안전운전불이행,건조,맑음,단일로 - 기타,승용,남,36세,상해없음,승용,여,26세,경상
2018092100100332,2018년 9월 21일 12시,금요일,제주특별자치도 제주시 연동,중상사고,0,1,0,0,차대차 - 기타,안전거리미확보,젖음/습기,흐림,단일로 - 기타,승용,남,45세,상해없음,승용,여,52세,중상
2018092100100333,2018년 9월 21일 12시,금요일,제주특별자치도 제주시 연동,경상사고,0,0,1,0,차대차 - 기타,직진우회전진행방해,건조,맑음,교차로 - 교차로안,승용,여,45세,상해없음,승용,여,52세,경상
2018092100100373,2018년 9월 21일 13시,금요일,제주특별자치도 제주시 오라이동,중상사고,0,1,0,0,차량단독 - 도로외이탈 - 추락,안전운전불이행,건조,맑음,단일로 - 기타,승용,여,69세,중상,,,,
2018092100100421,2018년 9월 21일 14시,금요일,제주특별자치도 제주시 도남동,경상사고,0,0,2,0,차대차 - 기타,안전운전불이행,건조,맑음,단일로 - 기타,승용,여,52세,상해없음,승용,남,42세,경상
2018092100100422,2018년 9월 21일 14시,금요일,제주특별자치도 서귀포시 중문동,경상사고,0,0,1,0,차대사람 - 기타,보행자보호의무위반,건조,맑음,교차로 - 교차로부근,화물,남,59세,상해없음,보행자,남,29세,경상
2018092100100527,2018년 9월 21일 16시,금요일,제주특별자치도 제주시 조천읍,중상사고,0,1,0,0,차대차 - 정면충돌,중앙선침범,젖음/습기,비,단일로 - 기타,승용,여,47세,중상,승합,남,55세,상해없음
2018092100100824,2018년 9월 21일 22시,금요일,제주특별자치도 제주시 도련이동,경상사고,0,0,1,0,차대차 - 기타,안전운전불이행,건조,맑음,교차로 - 교차로부근,승용,남,45세,상해없음,승용,남,30세,경상
2018092100100856,2018년 9월 21일 23시,금요일,제주특별자치도 제주시 이도이동,경상사고,0,0,1,0,차대사람 - 기타,안전운전불이행,건조,맑음,단일로 - 기타,승용,남,22세,상해없음,보행자,남,30세,경상
2018092200100150,2018년 9월 22일 08시,토요일,제주특별자치도 서귀포시 중문동,경상사고,0,0,1,0,차대차 - 추돌,안전거리미확보,건조,맑음,단일로 - 기타,이륜,남,22세,경상,승용,여,33세,상해없음
2018092200100170,2018년 9월 22일 09시,토요일,제주특별자치도 서귀포시 안덕면,중상사고,0,1,2,1,차대차 - 측면충돌,직진우회전진행방해,건조,맑음,교차로 - 교차로안,화물,남,57세,상해없음,승합,남,42세,경상
2018092200100249,2018년 9월 22일 11시,토요일,제주특별자치도 제주시 이도이동,중상사고,0,1,0,0,차대차 - 측면충돌,신호위반,건조,맑음,교차로 - 교차로안,승합,남,37세,상해없음,이륜,남,31세,중상
2018092200100250,2018년 9월 22일 11시,토요일,제주특별자치도 서귀포시 서귀동,중상사고,0,1,0,0,차대차 - 측면충돌,직진우회전진행방해,건조,맑음,교차로 - 교차로안,승용,남,40세,상해없음,이륜,남,66세,중상
2018092200100283,2018년 9월 22일 12시,토요일,제주특별자치도 서귀포시 표선면,경상사고,0,0,1,1,차대차 - 측면충돌,안전운전불이행,건조,맑음,단일로 - 기타,승용,여,66세,부상신고,화물,남,63세,경상
2018092200100332,2018년 9월 22일 13시,토요일,제주특별자치도 서귀포시 성산읍,중상사고,0,1,0,0,차대차 - 측면충돌,안전거리미확보,건조,맑음,단일로 - 기타,이륜,여,76세,중상,승용,여,50세,상해없음
2018092200100412,2018년 9월 22일 15시,토요일,제주특별자치도 서귀포시 남원읍,중상사고,0,4,8,0,차대차 - 정면충돌,중앙선침범,건조,맑음,단일로 - 기타,승용,남,26세,경상,승합,남,50세,중상
2018092200100463,2018년 9월 22일 16시,토요일,제주특별자치도 제주시 영평동,중상사고,0,1,1,0,차대차 - 기타,안전운전불이행,건조,흐림,교차로 - 교차로부근,화물,남,34세,상해없음,승용,남,36세,중상
2018092200100560,2018년 9월 22일 18시,토요일,제주특별자치도 서귀포시 서홍동,경상사고,0,0,1,1,차대차 - 측면충돌,신호위반,건조,맑음,교차로 - 교차로안,승용,여,36세,부상신고,승용,남,46세,경상
2018092200100676,2018년 9월 22일 21시,토요일,제주특별자치도 제주시 이도이동,경상사고,0,0,2,0,차대차 - 기타,차로위반,건조,맑음,단일로 - 기타,승용,남,19세,상해없음,승용,남,58세,상해없음
2018092200100701,2018년 9월 22일 22시,토요일,제주특별자치도 서귀포시 동홍동,부상신고사고,0,0,0,1,차대차 - 측면충돌,신호위반,건조,맑음,교차로 - 교차로안,이륜,남,18세,부상신고,승용,남,28세,상해없음
2018092200100724,2018년 9월 22일 23시,토요일,제주특별자치도 서귀포시 동홍동,경상사고,0,0,1,0,차대차 - 측면충돌,중앙선침범,건조,맑음,교차로 - 교차로부근,승용,여,46세,상해없음,이륜,남,27세,경상
2018092300100019,2018년 9월 23일 01시,일요일,제주특별자치도 서귀포시 표선면,경상사고,0,0,1,0,차대차 - 측면충돌,교차로운행방법위반,건조,맑음,교차로 - 교차로안,화물,남,57세,상해없음,승용,남,34세,상해없음
2018092300100171,2018년 9월 23일 12시,일요일,제주특별자치도 제주시 아라일동,경상사고,0,0,5,0,차대차 - 기타,안전운전불이행,건조,맑음,단일로 - 기타,승용,남,52세,경상,승합,남,49세,상해없음
2018092300100183,2018년 9월 23일 13시,일요일,제주특별자치도 제주시 구좌읍,경상사고,0,0,3,0,차대차 - 기타,교차로운행방법위반,건조,맑음,교차로 - 교차로안,승합,남,62세,상해없음,승용,여,60세,경상