사고번호,사고일시,요일,시군구,사고내용,사망자수,중상자수,경상자수,부상신고자수,사고유형,법규위반,노면상태,기상상태,도로형태,가해운전자 차종,가해운전자 성별,가해운전자 연령,가해운전자 상해정도,피해운전자 차종,피해운전자 성별,피해운전자 연령,피해운전자 상해정도
2018092300100333,2018년 9월 23일 17시,일요일,제주특별자치도 제주시 일도일동,경상사고,0,0,1,0,차대사람 - 기타,안전운전불이행,건조,맑음,단일로 - 기타,승용,남,56세,상해없음,보행자,여,26세,경상
2018092300100388,2018년 9월 23일 19시,일요일,제주특별자치도 제주시 도두일동,부상신고사고,0,0,0,2,차대차 - 기타,안전거리미확보,건조,맑음,단일로 - 기타,승용,남,47세,상해없음,승용,남,59세,상해없음
2018092400100007,2018년 9월 24일 00시,월요일,제주특별자치도 제주시 구좌읍,경상사고,0,0,2,0,차대사람 - 기타,안전운전불이행,건조,맑음,교차로 - 교차로부근,화물,남,49세,상해없음,보행자,남,29세,경상
2018092400100086,2018년 9월 24일 10시,월요일,제주특별자치도 제주시 이호일동,경상사고,0,0,1,0,차대차 - 기타,안전운전불이행,건조,맑음,기타 - 기타,승용,남,39세,경상,승용,여,37세,상해없음
2018092400100112,2018년 9월 24일 11시,월요일,제주특별자치도 제주시 일도일동,경상사고,0,0,2,0,차대차 - 추돌,안전운전불이행,건조,맑음,교차로 - 교차로부근,승용,남,30세,상해없음,승용,여,47세,경상
2018092400100243,2018년 9월 24일 15시,월요일,제주특별자치도 서귀포시 대정읍,경상사고,0,0,1,1,차대차 - 기타,신호위반,건조,맑음,교차로 - 교차로안,이륜,여,79세,경상,승용,남,28세,상해없음
2018092400100272,2018년 9월 24일 16시,월요일,제주특별자치도 제주시 해안동,경상사고,0,0,2,0,차대차 - 추돌,안전거리미확보,건조,맑음,단일로 - 기타,화물,남,51세,상해없음,승용,남,20세,경상
2018092400100378,2018년 9월 24일 20시,월요일,제주특별자치도 제주시 연동,경상사고,0,0,1,0,차대사람 - 횡단중,안전운전불이행,건조,맑음,교차로 - 교차로안,승용,남,25세,상해없음,보행자,여,51세,경상
2018092400100410,2018년 9월 24일 22시,월요일,제주특별자치도 제주시 노형동,경상사고,0,0,2,0,차대차 - 기타,신호위반,건조,맑음,교차로 - 교차로안,승용,남,32세,기타불명,승용,남,40세,경상
2018092400100437,2018년 9월 24일 23시,월요일,제주특별자치도 서귀포시 남원읍,경상사고,0,0,1,0,차대차 - 측면충돌,신호위반,건조,맑음,교차로 - 교차로안,승용,남,56세,상해없음,승용,남,62세,경상
2018092500100069,2018년 9월 25일 08시,화요일,제주특별자치도 제주시 연동,경상사고,0,0,1,0,차대차 - 기타,안전운전불이행,기타,맑음,교차로 - 교차로부근,승용,남,31세,상해없음,승용,남,37세,경상
2018092500100070,2018년 9월 25일 08시,화요일,제주특별자치도 제주시 노형동,경상사고,0,0,1,0,차대차 - 기타,교차로운행방법위반,건조,맑음,교차로 - 교차로안,승용,여,36세,상해없음,승용,남,62세,경상
2018092500100135,2018년 9월 25일 11시,화요일,제주특별자치도 서귀포시 호근동,중상사고,0,1,0,0,차대차 - 기타,안전운전불이행,건조,맑음,교차로 - 교차로안,원동기,남,85세,중상,승용,남,75세,상해없음
2018092500100169,2018년 9월 25일 12시,화요일,제주특별자치도 서귀포시 하원동,경상사고,0,0,2,0,차대차 - 측면충돌,중앙선침범,건조,맑음,단일로 - 기타,화물,남,38세,상해없음,승합,남,37세,경상
2018092500100349,2018년 9월 25일 18시,화요일,제주특별자치도 서귀포시 동홍동,경상사고,0,0,1,0,차대사람 - 기타,보행자보호의무위반,건조,맑음,단일로 - 기타,승용,남,74세,상해없음,보행자,여,52세,경상
2018092500100423,2018년 9월 25일 20시,화요일,제주특별자치도 제주시 연동,중상사고,0,1,0,0,차대사람 - 횡단중,안전운전불이행,건조,맑음,단일로 - 기타,승용,남,29세,상해없음,보행자,남,49세,중상
2018092500100443,2018년 9월 25일 21시,화요일,제주특별자치도 제주시 이도이동,중상사고,0,1,0,0,차대사람 - 횡단중,보행자보호의무위반,건조,맑음,단일로 - 기타,승용,남,61세,상해없음,보행자,남,65세,중상
2018092600100042,2018년 9월 26일 02시,수요일,제주특별자치도 서귀포시 표선면,중상사고,0,1,0,0,차대사람 - 기타,안전운전불이행,건조,맑음,단일로 - 기타,승용,남,49세,상해없음,보행자,남,25세,중상
2018092600100052,2018년 9월 26일 03시,수요일,제주특별자치도 제주시 삼도일동,중상사고,0,1,1,0,차대차 - 측면충돌,안전운전불이행,건조,맑음,교차로 - 교차로안,승합,남,26세,상해없음,승용,남,37세,중상
2018092600100132,2018년 9월 26일 11시,수요일,제주특별자치도 제주시 구좌읍,경상사고,0,0,1,0,차대차 - 측면충돌,교차로운행방법위반,건조,맑음,교차로 - 교차로안,승용,여,31세,상해없음,승합,남,58세,상해없음
2018092600100165,2018년 9월 26일 12시,수요일,제주특별자치도 제주시 오라이동,경상사고,0,0,1,0,차대차 - 기타,신호위반,건조,맑음,교차로 - 교차로안,화물,남,70세,상해없음,승용,남,63세,경상
2018092600100303,2018년 9월 26일 17시,수요일,제주특별자치도 서귀포시 표선면,경상사고,0,0,1,0,차대차 - 기타,안전운전불이행,건조,맑음,기타 - 기타,화물,남,72세,경상,화물,여,46세,기타불명
2018092600100334,2018년 9월 26일 18시,수요일,제주특별자치도 서귀포시 대정읍,중상사고,0,1,0,0,차대사람 - 기타,안전운전불이행,건조,맑음,교차로 - 교차로안,승용,남,70세,상해없음,보행자,남,58세,중상
2018092600100370,2018년 9월 26일 19시,수요일,제주특별자치도 제주시 이도이동,경상사고,0,0,1,0,차대차 - 측면충돌,신호위반,건조,맑음,교차로 - 교차로횡단보도내,승용,남,58세,상해없음,이륜,남,20세,경상
2018092700100117,2018년 9월 27일 08시,목요일,제주특별자치도 서귀포시 하원동,중상사고,0,1,0,0,차대차 - 측면충돌,직진우회전진행방해,건조,맑음,교차로 - 교차로안,승용,여,39세,상해없음,이륜,남,72세,중상
2018092700100118,2018년 9월 27일 08시,목요일,제주특별자치도 제주시 연동,경상사고,0,0,1,1,차대차 - 추돌,안전거리미확보,건조,맑음,단일로 - 기타,화물,남,50세,상해없음,화물,남,41세,경상
2018092700100119,2018년 9월 27일 08시,목요일,제주특별자치도 제주시 용담이동,부상신고사고,0,0,0,1,차대차 - 기타,안전운전불이행,건조,맑음,단일로 - 기타,자전거,남,11세,부상신고,승용,여,65세,상해없음
2018092700100158,2018년 9월 27일 09시,목요일,제주특별자치도 서귀포시 성산읍,중상사고,0,1,0,0,차대차 - 측면충돌,안전운전불이행,건조,맑음,단일로 - 기타,이륜,여,87세,중상,화물,남,82세,상해없음
2018092700100215,2018년 9월 27일 11시,목요일,제주특별자치도 제주시 애월읍,경상사고,0,0,2,0,차대차 - 측면충돌,직진우회전진행방해,건조,맑음,교차로 - 교차로안,승용,여,33세,상해없음,승용,남,31세,경상
2018092700100281,2018년 9월 27일 13시,목요일,제주특별자치도 서귀포시 남원읍,중상사고,0,1,0,1,차대차 - 측면충돌,신호위반,건조,맑음,교차로 - 교차로안,승용,여,48세,부상신고,화물,남,69세,중상
2018092700100373,2018년 9월 27일 15시,목요일,제주특별자치도 제주시 화북일동,경상사고,0,0,1,0,차대차 - 추돌,안전운전불이행,건조,맑음,단일로 - 기타,승합,남,67세,상해없음,승용,여,39세,경상
2018092700100422,2018년 9월 27일 16시,목요일,제주특별자치도 제주시 용담이동,부상신고사고,0,0,0,2,차대차 - 추돌,안전운전불이행,건조,맑음,교차로 - 교차로부근,승용,남,38세,상해없음,승용,남,62세,부상신고
2018092700100463,2018년 9월 27일 17시,목요일,제주특별자치도 제주시 우도면,중상사고,0,1,0,0,차량단독 - 기타,안전운전불이행,건조,맑음,단일로 - 기타,자전거,여,30세,중상,,,,
2018092700100520,2018년 9월 27일 18시,목요일,제주특별자치도 제주시 용담일동,경상사고,0,0,1,0,차대차 - 기타,안전운전불이행,건조,맑음,단일로 - 기타,승용,남,70세,상해없음,이륜,남,44세,경상
2018092700100560,2018년 9월 27일 19시,목요일,제주특별자치도 제주시 일도이동,경상사고,0,0,1,0,차대차 - 기타,안전운전불이행,건조,맑음,교차로 - 교차로안,승용,남,24세,상해없음,자전거,남,10세,경상
2018092700100561,2018년 9월 27일 19시,목요일,제주특별자치도 제주시 아라일동,경상사고,0,0,1,0,차대차 - 측면충돌,교차로운행방법위반,건조,맑음,교차로 - 교차로안,이륜,남,27세,경상,승용,남,29세,상해없음
2018092700100615,2018년 9월 27일 21시,목요일,제주특별자치도 서귀포시 호근동,중상사고,0,1,0,0,차대사람 - 기타,안전운전불이행,건조,맑음,교차로 - 교차로안,승용,여,47세,상해없음,보행자,남,69세,중상
2018092800100050,2018년 9월 28일 06시,금요일,제주특별자치도 제주시 조천읍,경상사고,0,0,1,0,차대차 - 측면충돌,신호위반,건조,맑음,교차로 - 교차로안,화물,남,70세,상해없음,승용,여,40세,경상
2018092800100069,2018년 9월 28일 07시,금요일,제주특별자치도 제주시 조천읍,중상사고,0,1,0,0,차대차 - 추돌,안전운전불이행,건조,맑음,단일로 - 기타,승용,남,67세,상해없음,화물,남,59세,중상
2018092800100102,2018년 9월 28일 08시,금요일,제주특별자치도 제주시 이도이동,경상사고,0,0,1,0,차대차 - 측면충돌,교차로운행방법위반,건조,맑음,교차로 - 교차로안,승합,여,35세,상해없음,승용,여,36세,경상
2018092800100171,2018년 9월 28일 10시,금요일,제주특별자치도 서귀포시 강정동,경상사고,0,0,1,0,차대차 - 기타,신호위반,건조,맑음,교차로 - 교차로안,승용,여,34세,상해없음,승용,남,43세,경상
2018092800100196,2018년 9월 28일 11시,금요일,제주특별자치도 제주시 삼도이동,경상사고,0,0,1,0,차대사람 - 기타,안전운전불이행,건조,맑음,교차로 - 교차로안,승용,여,40세,상해없음,보행자,남,59세,경상
2018092800100197,2018년 9월 28일 11시,금요일,제주특별자치도 서귀포시 중문동,중상사고,0,1,0,0,차대사람 - 횡단중,보행자보호의무위반,건조,맑음,교차로 - 교차로횡단보도내,화물,남,46세,상해없음,보행자,여,88세,중상
2018092800100198,2018년 9월 28일 11시,금요일,제주특별자치도 제주시 노형동,경상사고,0,0,1,0,차대차 - 정면충돌,안전운전불이행,건조,맑음,교차로 - 교차로부근,승용,여,21세,상해없음,승용,남,24세,경상
2018092800100199,2018년 9월 28일 11시,금요일,제주특별자치도 제주시 노형동,경상사고,0,0,1,0,차대차 - 추돌,안전거리미확보,건조,맑음,교차로 - 교차로부근,승용,남,39세,기타불명,승용,남,29세,경상
2018092800100255,2018년 9월 28일 13시,금요일,제주특별자치도 제주시 조천읍,경상사고,0,0,2,0,차대차 - 추돌,안전거리미확보,건조,맑음,교차로 - 교차로부근,이륜,남,27세,경상,승용,남,64세,상해없음
2018092800100256,2018년 9월 28일 13시,금요일,제주특별자치도 제주시 노형동,경상사고,0,0,1,0,차대사람 - 보도통행중,안전운전불이행,건조,맑음,단일로 - 기타,승용,여,37세,상해없음,보행자,여,43세,경상
2018092800100308,2018년 9월 28일 15시,금요일,제주특별자치도 서귀포시 표선면,중상사고,0,1,1,0,차대차 - 기타,안전운전불이행,건조,맑음,단일로 - 기타,승용,남,47세,상해없음,승용,남,40세,경상
2018092800100381,2018년 9월 28일 17시,금요일,제주특별자치도 제주시 연동,중상사고,0,1,1,0,차대사람 - 기타,안전운전불이행,건조,맑음,주차장 - 주차장,승용,여,41세,상해없음,보행자,남,30세,중상
2018092800100421,2018년 9월 28일 18시,금요일,제주특별자치도 제주시 삼도일동,경상사고,0,0,1,0,차대사람 - 기타,안전운전불이행,건조,맑음,단일로 - 기타,승용,여,36세,상해없음,보행자,여,61세,경상
2018092800100449,2018년 9월 28일 19시,금요일,제주특별자치도 제주시 조천읍,중상사고,0,1,0,0,차대사람 - 기타,안전운전불이행,건조,맑음,교차로 - 교차로안,승용,남,71세,상해없음,보행자,여,63세,중상
2018092900100036,2018년 9월 29일 01시,토요일,제주특별자치도 제주시 노형동,경상사고,0,0,1,0,차대사람 - 기타,보행자보호의무위반,건조,맑음,단일로 - 기타,기타불명,기타불명,미분류,기타불명,보행자,여,54세,경상
2018092900100094,2018년 9월 29일 05시,토요일,제주특별자치도 제주시 연동,중상사고,0,1,0,0,차대차 - 측면충돌,안전운전불이행,건조,맑음,단일로 - 기타,승용,여,30세,중상,승용,남,38세,상해없음
2018092900100236,2018년 9월 29일 11시,토요일,제주특별자치도 제주시 노형동,중상사고,0,2,0,1,차대차 - 기타,안전운전불이행,젖음/습기,비,교차로 - 교차로부근,화물,여,65세,중상,승합,남,35세,중상
2018092900100273,2018년 9월 29일 12시,토요일,제주특별자치도 제주시 삼도이동,경상사고,0,0,4,0,차대차 - 추돌,안전운전불이행,건조,맑음,단일로 - 기타,화물,남,36세,상해없음,승용,여,29세,경상
2018092900100305,2018년 9월 29일 13시,토요일,제주특별자치도 제주시 이도일동,경상사고,0,0,1,0,차대차 - 기타,교차로운행방법위반,젖음/습기,비,단일로 - 기타,승용,여,65세,상해없음,이륜,남,35세,경상
2018092900100306,2018년 9월 29일 13시,토요일,제주특별자치도 제주시 내도동,경상사고,0,0,1,1,차대차 - 기타,안전운전불이행,젖음/습기,비,교차로 - 교차로안,화물,남,53세,상해없음,승용,여,36세,경상
2018092900100307,2018년 9월 29일 13시,토요일,제주특별자치도 제주시 한경면,경상사고,0,0,1,0,차대차 - 측면충돌,안전운전불이행,건조,맑음,단일로 - 기타,화물,여,59세,상해없음,승용,남,31세,경상
2018092900100308,2018년 9월 29일 13시,토요일,제주특별자치도 제주시 연동,경상사고,0,0,1,0,차대차 - 기타,안전거리미확보,젖음/습기,비,단일로 - 기타,승용,여,22세,상해없음,승용,여,48세,상해없음
2018092900100365,2018년 9월 29일 15시,토요일,제주특별자치도 서귀포시 서귀동,경상사고,0,0,1,0,차대차 - 측면충돌,직진우회전진행방해,젖음/습기,흐림,교차로 - 교차로안,승용,여,26세,상해없음,이륜,남,32세,경상
2018092900100366,2018년 9월 29일 15시,토요일,제주특별자치도 제주시 노형동,중상사고,0,1,0,0,차대사람 - 기타,안전운전불이행,젖음/습기,흐림,단일로 - 기타,승용,여,36세,상해없음,보행자,여,40세,중상
2018092900100442,2018년 9월 29일 17시,토요일,제주특별자치도 제주시 일도일동,경상사고,0,0,2,0,차대차 - 측면충돌,교차로운행방법위반,건조,맑음,단일로 - 기타,화물,남,77세,상해없음,승용,여,61세,경상
2018092900100443,2018년 9월 29일 17시,토요일,제주특별자치도 서귀포시 중문동,경상사고,0,0,3,0,차대차 - 기타,기타,건조,맑음,교차로 - 교차로안,승용,남,27세,경상,승용,여,35세,경상
2018092900100513,2018년 9월 29일 19시,토요일,제주특별자치도 제주시 한림읍,부상신고사고,0,0,0,1,차대사람 - 기타,안전운전불이행,기타,맑음,기타 - 기타,기타불명,기타불명,미분류,기타불명,보행자,남,42세,부상신고
2018092900100581,2018년 9월 29일 21시,토요일,제주특별자치도 제주시 아라일동,중상사고,0,1,2,0,차대차 - 측면충돌,신호위반,젖음/습기,비,교차로 - 교차로안,승용,남,63세,상해없음,승용,여,44세,경상
2018093000100067,2018년 9월 30일 06시,일요일,제주특별자치도 서귀포시 서귀동,중상사고,0,1,1,1,차대차 - 기타,신호위반,건조,맑음,교차로 - 교차로안,승용,여,29세,부상신고,승용,남,63세,경상
2018093000100100,2018년 9월 30일 08시,일요일,제주특별자치도 제주시 일도이동,경상사고,0,0,2,0,차대차 - 측면충돌,교차로운행방법위반,건조,맑음,교차로 - 교차로안,승용,여,62세,상해없음,승용,여,24세,경상
2018093000100215,2018년 9월 30일 13시,일요일,제주특별자치도 서귀포시 대정읍,경상사고,0,0,2,0,차대차 - 기타,신호위반,건조,맑음,교차로 - 교차로안,승용,여,48세,경상,승용,남,35세,경상
2018093000100323,2018년 9월 30일 16시,일요일,제주특별자치도 제주시 해안동,중상사고,0,1,0,0,차대차 - 측면충돌,신호위반,건조,맑음,교차로 - 교차로안,특수,남,51세,상해없음,승용,남,64세,중상
2018093000100398,2018년 9월 30일 18시,일요일,제주특별자치도 제주시 애월읍,경상사고,0,0,2,0,차대차 - 기타,안전거리미확보,기타,맑음,기타 - 기타,승용,남,69세,상해없음,승용,남,30세,경상
2018093000100479,2018년 9월 30일 21시,일요일,제주특별자치도 제주시 조천읍,중상사고,0,1,0,0,차대차 - 측면충돌,직진우회전진행방해,건조,맑음,교차로 - 교차로안,승용,여,64세,상해없음,이륜,남,19세,중상
2018093000100480,2018년 9월 30일 21시,일요일,제주특별자치도 제주시 애월읍,경상사고,0,0,2,0,차량단독 - 기타,안전운전불이행,건조,맑음,단일로 - 기타,승용,남,37세,경상,,,,
2018093000100513,2018년 9월 30일 23시,일요일,제주특별자치도 제주시 삼양이동,경상사고,0,0,1,0,차대사람 - 기타,안전운전불이행,건조,맑음,단일로 - 기타,승용,여,64세,상해없음,보행자,남,39세,경상
2018100100100029,2018년 10월 1일 03시,월요일,제주특별자치도 제주시 연동,부상신고사고,0,0,0,1,차량단독 - 공작물충돌,안전운전불이행,건조,맑음,단일로 - 기타,승용,남,25세,부상신고,,,,
2018100100100152,2018년 10월 1일 09시,월요일,제주특별자치도 제주시 일도일동,부상신고사고,0,0,0,1,차량단독 - 기타,안전운전불이행,젖음/습기,맑음,교차로 - 교차로안,이륜,남,48세,부상신고,,,,
2018100100100191,2018년 10월 1일 10시,월요일,제주특별자치도 서귀포시 성산읍,경상사고,0,0,1,0,차대차 - 후진중충돌,안전운전불이행,건조,맑음,교차로 - 교차로횡단보도내,승용,남,31세,상해없음,자전거,남,58세,경상
2018100100100399,2018년 10월 1일 16시,월요일,제주특별자치도 서귀포시 서호동,중상사고,0,1,0,0,차대차 - 기타,안전운전불이행,건조,맑음,교차로 - 교차로안,승용,남,69세,상해없음,이륜,남,37세,중상
2018100100100400,2018년 10월 1일 16시,월요일,제주특별자치도 제주시 이호이동,경상사고,0,0,1,0,차대차 - 기타,안전운전불이행,건조,맑음,단일로 - 기타,화물,남,79세,상해없음,화물,남,36세,경상
2018100100100447,2018년 10월 1일 17시,월요일,제주특별자치도 제주시 노형동,중상사고,0,1,0,0,차대차 - 측면충돌,안전거리미확보,건조,맑음,교차로 - 교차로부근,승용,남,27세,상해없음,이륜,남,62세,중상
2018100100100448,2018년 10월 1일 17시,월요일,제주특별자치도 제주시 한림읍,부상신고사고,0,0,0,1,차대사람 - 기타,안전운전불이행,기타,맑음,기타 - 기타,기타불명,기타불명,미분류,기타불명,보행자,여,9세,부상신고
2018100100100494,2018년 10월 1일 18시,월요일,제주특별자치도 제주시 노형동,경상사고,0,0,1,0,차대차 - 추돌,안전거리미확보,건조,맑음,교차로 - 교차로부근,승용,여,24세,상해없음,승용,남,29세,경상
2018100100100532,2018년 10월 1일 19시,월요일,제주특별자치도 제주시 노형동,중상사고,0,1,0,0,차대사람 - 기타,안전운전불이행,건조,맑음,단일로 - 기타,이륜,남,19세,상해없음,보행자,남,73세,중상
2018100100100533,2018년 10월 1일 19시,월요일,제주특별자치도 제주시 용담이동,경상사고,0,0,1,0,차대차 - 측면충돌,안전거리미확보,건조,맑음,단일로 - 기타,화물,남,54세,상해없음,승용,남,49세,경상
2018100200100016,2018년 10월 2일 01시,화요일,제주특별자치도 제주시 노형동,경상사고,0,0,1,0,차량단독 - 공작물충돌,안전운전불이행,건조,맑음,단일로 - 기타,이륜,남,18세,경상,,,,
2018100200100174,2018년 10월 2일 09시,화요일,제주특별자치도 제주시 건입동,경상사고,0,0,1,0,차대사람 - 횡단중,보행자보호의무위반,건조,맑음,교차로 - 교차로횡단보도내,화물,남,34세,상해없음,보행자,여,61세,경상
2018100200100175,2018년 10월 2일 09시,화요일,제주특별자치도 제주시 노형동,경상사고,0,0,3,0,차대차 - 추돌,안전운전불이행,건조,맑음,단일로 - 기타,승용,여,63세,상해없음,승용,여,35세,경상
2018100200100208,2018년 10월 2일 10시,화요일,제주특별자치도 제주시 노형동,부상신고사고,0,0,0,1,차대차 - 기타,교차로운행방법위반,건조,맑음,교차로 - 교차로안,승용,여,59세,상해없음,승용,남,26세,부상신고
2018100200100274,2018년 10월 2일 12시,화요일,제주특별자치도 제주시 도남동,경상사고,0,0,1,0,차대차 - 기타,안전거리미확보,건조,맑음,단일로 - 기타,승용,남,56세,상해없음,승합,남,59세,상해없음
2018100200100305,2018년 10월 2일 13시,화요일,제주특별자치도 제주시 연동,경상사고,0,0,1,0,차대차 - 추돌,안전운전불이행,건조,맑음,단일로 - 기타,승용,남,69세,상해없음,승용,여,36세,경상
2018100200100345,2018년 10월 2일 14시,화요일,제주특별자치도 제주시 애월읍,경상사고,0,0,1,0,차대차 - 추돌,안전운전불이행,건조,맑음,기타 - 기타,승용,남,54세,경상,승용,남,55세,기타불명
2018100200100415,2018년 10월 2일 16시,화요일,제주특별자치도 서귀포시 성산읍,경상사고,0,0,1,0,차대사람 - 기타,보행자보호의무위반,건조,맑음,단일로 - 기타,승용,여,41세,상해없음,보행자,남,46세,경상
2018100200100451,2018년 10월 2일 17시,화요일,제주특별자치도 서귀포시 중문동,중상사고,0,1,0,0,차대사람 - 횡단중,안전운전불이행,건조,맑음,교차로 - 교차로안,승용,남,45세,상해없음,보행자,남,10세,중상
2018100200100505,2018년 10월 2일 18시,화요일,제주특별자치도 제주시 삼양일동,경상사고,0,0,1,0,차대사람 - 차도통행중,안전운전불이행,건조,맑음,단일로 - 기타,승용,남,56세,상해없음,보행자,남,5세,경상
2018100200100658,2018년 10월 2일 22시,화요일,제주특별자치도 제주시 오라삼동,경상사고,0,0,1,0,차대차 - 기타,안전거리미확보,건조,맑음,교차로 - 교차로부근,이륜,남,25세,상해없음,승용,남,60세,상해없음
2018100300100069,2018년 10월 3일 03시,수요일,제주특별자치도 제주시 도남동,사망사고,1,0,0,0,차대사람 - 횡단중,안전운전불이행,건조,맑음,단일로 - 기타,승용,여,25세,상해없음,보행자,남,18세,사망
2018100300100122,2018년 10월 3일 07시,수요일,제주특별자치도 제주시 노형동,경상사고,0,0,1,0,차대차 - 측면충돌,교차로운행방법위반,건조,맑음,교차로 - 교차로부근,승용,여,28세,상해없음,승용,남,56세,경상
2018100300100189,2018년 10월 3일 10시,수요일,제주특별자치도 서귀포시 동홍동,경상사고,0,0,1,1,차대차 - 기타,안전거리미확보,건조,맑음,기타 - 기타,승용,남,24세,부상신고,승용,여,51세,경상
2018100300100190,2018년 10월 3일 10시,수요일,제주특별자치도 제주시 해안동,경상사고,0,0,1,0,차대차 - 기타,안전운전불이행,건조,맑음,단일로 - 기타,화물,남,42세,상해없음,이륜,남,18세,경상
2018100300100234,2018년 10월 3일 12시,수요일,제주특별자치도 제주시 한림읍,경상사고,0,0,1,1,차량단독 - 공작물충돌,안전운전불이행,건조,맑음,단일로 - 기타,화물,남,77세,경상,,,,
2018100300100235,2018년 10월 3일 12시,수요일,제주특별자치도 제주시 연동,중상사고,0,1,0,0,차대차 - 측면충돌,교차로운행방법위반,건조,맑음,교차로 - 교차로안,이륜,남,34세,중상,승용,남,39세,상해없음
2018100300100278,2018년 10월 3일 13시,수요일,제주특별자치도 서귀포시 서귀동,중상사고,0,1,2,0,차대차 - 추돌,안전운전불이행,건조,맑음,단일로 - 기타,승용,여,40세,상해없음,승용,남,62세,중상
2018100300100380,2018년 10월 3일 16시,수요일,제주특별자치도 제주시 연동,중상사고,0,1,0,0,차대차 - 측면충돌,기타,건조,맑음,단일로 - 기타,승용,남,50세,상해없음,자전거,남,32세,중상
2018100300100429,2018년 10월 3일 17시,수요일,제주특별자치도 제주시 영평동,경상사고,0,0,2,0,차대차 - 기타,교차로운행방법위반,건조,맑음,교차로 - 교차로안,승합,남,56세,상해없음,승용,여,20세,경상
2018100300100505,2018년 10월 3일 19시,수요일,제주특별자치도 서귀포시 중문동,경상사고,0,0,2,0,차대차 - 기타,직진우회전진행방해,건조,맑음,교차로 - 교차로안,승용,남,59세,경상,승용,여,42세,경상
2018100300100525,2018년 10월 3일 20시,수요일,제주특별자치도 제주시 일도일동,경상사고,0,0,1,0,차대차 - 기타,차로위반,건조,맑음,단일로 - 기타,승용,남,57세,상해없음,이륜,남,53세,경상
2018100300100570,2018년 10월 3일 23시,수요일,제주특별자치도 서귀포시 안덕면,중상사고,0,1,0,0,차량단독 - 기타,안전운전불이행,건조,맑음,단일로 - 기타,이륜,남,43세,중상,,,,
2018100400100010,2018년 10월 4일 00시,목요일,제주특별자치도 제주시 이도이동,경상사고,0,0,1,0,차대차 - 측면충돌,신호위반,건조,맑음,교차로 - 교차로안,승용,남,28세,상해없음,승용,여,32세,경상
2018100400100138,2018년 10월 4일 08시,목요일,제주특별자치도 제주시 오라일동,경상사고,0,0,2,0,차대차 - 추돌,안전거리미확보,건조,맑음,교차로 - 교차로부근,승용,여,30세,상해없음,승용,여,35세,경상
2018100400100139,2018년 10월 4일 08시,목요일,제주특별자치도 제주시 삼도이동,경상사고,0,0,1,0,차대사람 - 횡단중,안전운전불이행,건조,맑음,단일로 - 기타,승용,남,32세,상해없음,보행자,여,66세,경상
2018100400100231,2018년 10월 4일 10시,목요일,제주특별자치도 제주시 구좌읍,경상사고,0,0,1,0,차량단독 - 공작물충돌,기타,건조,맑음,단일로 - 기타,이륜,남,56세,경상,,,,
2018100400100263,2018년 10월 4일 11시,목요일,제주특별자치도 제주시 일도일동,경상사고,0,0,1,0,차대차 - 후진중충돌,안전운전불이행,젖음/습기,비,단일로 - 기타,화물,남,63세,상해없음,승용,여,31세,경상
2018100400100295,2018년 10월 4일 12시,목요일,제주특별자치도 제주시 아라일동,부상신고사고,0,0,0,1,차대차 - 측면충돌,신호위반,건조,맑음,교차로 - 교차로부근,승용,여,33세,부상신고,승용,여,49세,상해없음
2018100400100296,2018년 10월 4일 12시,목요일,제주특별자치도 제주시 외도일동,경상사고,0,0,1,1,차대차 - 측면충돌,직진우회전진행방해,건조,맑음,교차로 - 교차로안,화물,남,29세,경상,화물,남,49세,부상신고
2018100400100327,2018년 10월 4일 13시,목요일,제주특별자치도 제주시 이도이동,경상사고,0,0,1,0,차대차 - 추돌,안전운전불이행,건조,맑음,단일로 - 기타,이륜,남,20세,경상,승용,여,46세,상해없음
2018100400100368,2018년 10월 4일 14시,목요일,제주특별자치도 제주시 아라일동,경상사고,0,0,1,0,차대차 - 측면충돌,교차로운행방법위반,건조,흐림,교차로 - 교차로안,승용,남,29세,상해없음,이륜,남,32세,경상
2018100400100469,2018년 10월 4일 17시,목요일,제주특별자치도 서귀포시 서귀동,경상사고,0,0,1,0,차대차 - 기타,차로위반,젖음/습기,비,교차로 - 교차로안,승용,남,64세,상해없음,승용,여,50세,경상
2018100400100529,2018년 10월 4일 18시,목요일,제주특별자치도 제주시 이도이동,경상사고,0,0,1,0,차대사람 - 횡단중,보행자보호의무위반,젖음/습기,비,교차로 - 교차로부근,승용,여,70세,상해없음,보행자,남,56세,경상
2018100400100530,2018년 10월 4일 18시,목요일,제주특별자치도 제주시 아라이동,경상사고,0,0,1,0,차대차 - 기타,안전거리미확보,젖음/습기,비,단일로 - 기타,승용,여,22세,상해없음,이륜,남,23세,경상