사고번호,사고일시,요일,시군구,사고내용,사망자수,중상자수,경상자수,부상신고자수,사고유형,법규위반,노면상태,기상상태,도로형태,가해운전자 차종,가해운전자 성별,가해운전자 연령,가해운전자 상해정도,피해운전자 차종,피해운전자 성별,피해운전자 연령,피해운전자 상해정도
2018110300100314,2018년 11월 3일 13시,토요일,제주특별자치도 서귀포시 법환동,경상사고,0,0,1,0,차대차 - 측면충돌,교차로운행방법위반,건조,맑음,교차로 - 교차로안,이륜,남,71세,경상,화물,남,44세,상해없음
2018110300100430,2018년 11월 3일 16시,토요일,제주특별자치도 서귀포시 성산읍,중상사고,0,1,3,0,차대차 - 측면충돌,직진우회전진행방해,건조,맑음,교차로 - 교차로안,승용,남,25세,상해없음,승용,여,35세,경상
2018110300100477,2018년 11월 3일 17시,토요일,제주특별자치도 제주시 용강동,경상사고,0,0,1,0,차대차 - 측면충돌,중앙선침범,건조,맑음,단일로 - 기타,승용,남,57세,상해없음,화물,남,54세,경상
2018110300100591,2018년 11월 3일 20시,토요일,제주특별자치도 제주시 연동,부상신고사고,0,0,0,1,차대차 - 기타,안전운전불이행,건조,맑음,단일로 - 기타,이륜,남,48세,부상신고,승용,여,52세,상해없음
2018110300100606,2018년 11월 3일 21시,토요일,제주특별자치도 제주시 노형동,경상사고,0,0,3,0,차대차 - 측면충돌,안전거리미확보,건조,맑음,단일로 - 기타,승용,남,58세,상해없음,승용,여,33세,경상
2018110400100173,2018년 11월 4일 11시,일요일,제주특별자치도 서귀포시 안덕면,사망사고,1,0,0,0,차대차 - 기타,안전운전불이행,건조,맑음,단일로 - 기타,이륜,남,64세,사망,승합,남,80세,상해없음
2018110400100270,2018년 11월 4일 14시,일요일,제주특별자치도 서귀포시 안덕면,경상사고,0,0,1,0,차대사람 - 길가장자리구역통행중,안전운전불이행,건조,맑음,단일로 - 기타,승용,남,52세,상해없음,보행자,남,34세,경상
2018110400100271,2018년 11월 4일 14시,일요일,제주특별자치도 서귀포시 색달동,부상신고사고,0,0,0,10,차대차 - 기타,안전운전불이행,건조,맑음,교차로 - 교차로안,승합,남,55세,상해없음,화물,남,56세,부상신고
2018110400100419,2018년 11월 4일 18시,일요일,제주특별자치도 제주시 한경면,부상신고사고,0,0,0,1,차대차 - 측면충돌,직진우회전진행방해,건조,맑음,교차로 - 교차로안,화물,남,74세,상해없음,승용,남,30세,부상신고
2018110400100481,2018년 11월 4일 20시,일요일,제주특별자치도 제주시 이도이동,중상사고,0,1,2,0,차대차 - 기타,신호위반,건조,맑음,교차로 - 교차로안,승용,여,46세,상해없음,승용,남,54세,중상
2018110400100482,2018년 11월 4일 20시,일요일,제주특별자치도 제주시 삼도일동,경상사고,0,0,1,0,차대차 - 측면충돌,안전운전불이행,건조,맑음,단일로 - 기타,승용,여,61세,상해없음,승용,여,30세,경상
2018110400100507,2018년 11월 4일 21시,일요일,제주특별자치도 서귀포시 상예동,중상사고,0,1,2,0,차량단독 - 기타,안전운전불이행,건조,맑음,교차로 - 교차로안,승용,남,19세,상해없음,,,,
2018110400100508,2018년 11월 4일 21시,일요일,제주특별자치도 제주시 도두일동,경상사고,0,0,2,2,차대차 - 측면충돌,안전운전불이행,건조,맑음,교차로 - 교차로부근,기타불명,기타불명,미분류,기타불명,승용,남,56세,상해없음
2018110400100541,2018년 11월 4일 23시,일요일,제주특별자치도 서귀포시 하원동,경상사고,0,0,1,0,차량단독 - 기타,안전운전불이행,건조,맑음,단일로 - 기타,승용,여,32세,경상,,,,
2018110400100542,2018년 11월 4일 23시,일요일,제주특별자치도 제주시 이호이동,경상사고,0,0,1,0,차대차 - 기타,신호위반,건조,맑음,교차로 - 교차로안,승합,여,44세,상해없음,승용,여,62세,경상
2018110500100006,2018년 11월 5일 00시,월요일,제주특별자치도 서귀포시 남원읍,중상사고,0,1,0,0,차량단독 - 기타,안전운전불이행,건조,맑음,기타 - 기타,승용,남,42세,중상,,,,
2018110500100087,2018년 11월 5일 07시,월요일,제주특별자치도 제주시 도련일동,경상사고,0,0,3,0,차대차 - 추돌,안전거리미확보,건조,맑음,단일로 - 기타,승용,남,55세,상해없음,승용,여,57세,경상
2018110500100129,2018년 11월 5일 08시,월요일,제주특별자치도 서귀포시 동홍동,중상사고,0,2,0,0,차대차 - 기타,안전운전불이행,건조,맑음,단일로 - 기타,화물,남,69세,상해없음,화물,남,52세,중상
2018110500100283,2018년 11월 5일 12시,월요일,제주특별자치도 제주시 이도이동,경상사고,0,0,1,0,차대차 - 기타,직진우회전진행방해,건조,맑음,교차로 - 교차로안,승용,여,59세,상해없음,승용,남,49세,경상
2018110500100284,2018년 11월 5일 12시,월요일,제주특별자치도 서귀포시 성산읍,중상사고,0,1,0,0,차대차 - 정면충돌,중앙선침범,건조,맑음,단일로 - 기타,이륜,여,79세,중상,화물,남,62세,상해없음
2018110500100285,2018년 11월 5일 12시,월요일,제주특별자치도 제주시 용담이동,중상사고,0,1,0,0,차대차 - 측면충돌,안전운전불이행,건조,맑음,단일로 - 기타,승용,남,58세,상해없음,승용,남,69세,중상
2018110500100317,2018년 11월 5일 13시,월요일,제주특별자치도 제주시 노형동,경상사고,0,0,4,0,차대차 - 기타,직진우회전진행방해,건조,맑음,교차로 - 교차로안,승용,여,54세,상해없음,승용,남,26세,경상
2018110500100391,2018년 11월 5일 15시,월요일,제주특별자치도 제주시 도두이동,중상사고,0,1,0,0,차대차 - 기타,안전운전불이행,건조,맑음,단일로 - 기타,승합,남,48세,상해없음,자전거,남,57세,중상
2018110500100436,2018년 11월 5일 16시,월요일,제주특별자치도 제주시 노형동,경상사고,0,0,1,0,차대차 - 측면충돌,안전운전불이행,건조,맑음,기타 - 기타,승용,남,36세,상해없음,승용,남,35세,경상
2018110500100482,2018년 11월 5일 17시,월요일,제주특별자치도 제주시 애월읍,부상신고사고,0,0,0,1,차대차 - 추돌,안전운전불이행,건조,맑음,단일로 - 기타,화물,남,48세,상해없음,승용,여,36세,부상신고
2018110500100592,2018년 11월 5일 19시,월요일,제주특별자치도 서귀포시 상효동,중상사고,0,1,0,0,차대사람 - 기타,보행자보호의무위반,건조,맑음,단일로 - 기타,승용,여,39세,상해없음,보행자,남,23세,중상
2018110500100618,2018년 11월 5일 20시,월요일,제주특별자치도 서귀포시 호근동,사망사고,1,2,0,0,차대차 - 기타,과속,건조,맑음,단일로 - 기타,승용,남,25세,상해없음,승용,여,52세,중상
2018110500100639,2018년 11월 5일 21시,월요일,제주특별자치도 제주시 일도이동,경상사고,0,0,1,0,차대사람 - 횡단중,보행자보호의무위반,건조,맑음,교차로 - 교차로횡단보도내,승용,남,61세,상해없음,보행자,남,56세,경상
2018110500100640,2018년 11월 5일 21시,월요일,제주특별자치도 제주시 연동,부상신고사고,0,0,0,1,차대차 - 측면충돌,안전거리미확보,건조,맑음,교차로 - 교차로부근,승용,남,22세,상해없음,승용,남,41세,부상신고
2018110500100678,2018년 11월 5일 23시,월요일,제주특별자치도 제주시 삼도일동,경상사고,0,0,1,0,차대사람 - 기타,보행자보호의무위반,건조,맑음,교차로 - 교차로안,승용,남,21세,상해없음,보행자,남,42세,경상
2018110600100111,2018년 11월 6일 08시,화요일,제주특별자치도 제주시 구좌읍,경상사고,0,0,1,0,차량단독 - 공작물충돌,안전운전불이행,건조,맑음,단일로 - 기타,승합,남,69세,경상,,,,
2018110600100112,2018년 11월 6일 08시,화요일,제주특별자치도 서귀포시 대정읍,중상사고,0,1,1,0,차대차 - 측면충돌,신호위반,건조,맑음,교차로 - 교차로안,승용,남,29세,중상,화물,남,53세,경상
2018110600100113,2018년 11월 6일 08시,화요일,제주특별자치도 서귀포시 서홍동,부상신고사고,0,0,0,2,차대차 - 기타,교차로운행방법위반,건조,맑음,교차로 - 교차로부근,화물,남,50세,상해없음,승용,남,40세,부상신고
2018110600100153,2018년 11월 6일 09시,화요일,제주특별자치도 서귀포시 성산읍,중상사고,0,1,0,0,차대차 - 측면충돌,중앙선침범,건조,맑음,단일로 - 기타,승용,여,46세,상해없음,이륜,남,53세,중상
2018110600100275,2018년 11월 6일 13시,화요일,제주특별자치도 제주시 도남동,경상사고,0,0,2,0,차대차 - 측면충돌,교차로운행방법위반,건조,맑음,교차로 - 교차로안,승용,남,83세,경상,승용,여,26세,경상
2018110600100420,2018년 11월 6일 17시,화요일,제주특별자치도 서귀포시 대정읍,경상사고,0,0,1,0,차대사람 - 횡단중,안전운전불이행,건조,맑음,교차로 - 교차로안,승합,남,58세,상해없음,보행자,남,14세,경상
2018110600100474,2018년 11월 6일 18시,화요일,제주특별자치도 제주시 오라이동,경상사고,0,0,1,0,차대차 - 기타,교차로운행방법위반,건조,맑음,교차로 - 교차로안,승용,남,39세,상해없음,이륜,남,21세,경상
2018110600100475,2018년 11월 6일 18시,화요일,제주특별자치도 서귀포시 서귀동,중상사고,0,1,0,0,차대사람 - 횡단중,보행자보호의무위반,건조,맑음,교차로 - 교차로횡단보도내,화물,남,54세,상해없음,보행자,남,59세,중상
2018110600100526,2018년 11월 6일 19시,화요일,제주특별자치도 제주시 이도이동,부상신고사고,0,0,0,1,차대사람 - 기타,안전거리미확보,건조,맑음,단일로 - 기타,승용,여,25세,상해없음,보행자,남,52세,부상신고
2018110600100622,2018년 11월 6일 23시,화요일,제주특별자치도 서귀포시 대정읍,경상사고,0,0,1,1,차대차 - 기타,안전운전불이행,건조,맑음,단일로 - 기타,승용,남,38세,부상신고,승용,남,26세,경상
2018110700100237,2018년 11월 7일 11시,수요일,제주특별자치도 서귀포시 성산읍,중상사고,0,1,0,0,차량단독 - 공작물충돌,안전운전불이행,건조,맑음,단일로 - 기타,승용,남,86세,상해없음,,,,
2018110700100329,2018년 11월 7일 14시,수요일,제주특별자치도 제주시 오라이동,경상사고,0,0,1,0,차대차 - 측면충돌,신호위반,건조,맑음,교차로 - 교차로안,승용,남,35세,상해없음,승용,남,62세,상해없음
2018110700100366,2018년 11월 7일 15시,수요일,제주특별자치도 제주시 노형동,부상신고사고,0,0,0,1,차대차 - 기타,안전운전불이행,건조,맑음,교차로 - 교차로안,이륜,남,55세,부상신고,승용,남,28세,상해없음
2018110700100459,2018년 11월 7일 17시,수요일,제주특별자치도 제주시 노형동,경상사고,0,0,1,0,차대차 - 기타,안전운전불이행,젖음/습기,흐림,교차로 - 교차로부근,승용,여,56세,상해없음,승용,여,40세,경상
2018110700100534,2018년 11월 7일 18시,수요일,제주특별자치도 제주시 삼양이동,경상사고,0,0,1,0,차대사람 - 횡단중,안전운전불이행,건조,맑음,단일로 - 기타,승용,여,56세,상해없음,보행자,남,3세,경상
2018110700100535,2018년 11월 7일 18시,수요일,제주특별자치도 제주시 회천동,경상사고,0,0,1,0,차대차 - 측면충돌,안전운전불이행,젖음/습기,비,단일로 - 기타,승용,남,26세,상해없음,승용,여,34세,경상
2018110700100536,2018년 11월 7일 18시,수요일,제주특별자치도 서귀포시 안덕면,중상사고,0,1,0,0,차대사람 - 기타,보행자보호의무위반,건조,맑음,단일로 - 기타,승용,남,30세,상해없음,보행자,여,62세,중상
2018110700100537,2018년 11월 7일 18시,수요일,제주특별자치도 서귀포시 성산읍,부상신고사고,0,0,0,1,차대차 - 기타,안전운전불이행,건조,맑음,단일로 - 기타,기타불명,기타불명,미분류,기타불명,승용,여,37세,부상신고
2018110700100673,2018년 11월 7일 21시,수요일,제주특별자치도 제주시 화북일동,중상사고,0,1,0,0,차대사람 - 횡단중,보행자보호의무위반,젖음/습기,비,교차로 - 교차로횡단보도내,승용,여,46세,상해없음,보행자,남,48세,중상
2018110700100689,2018년 11월 7일 22시,수요일,제주특별자치도 제주시 연동,경상사고,0,0,1,0,차대차 - 기타,안전거리미확보,젖음/습기,비,교차로 - 교차로안,승용,남,47세,상해없음,승용,남,25세,경상
2018110800100058,2018년 11월 8일 03시,목요일,제주특별자치도 제주시 연동,중상사고,0,1,0,0,차대차 - 측면충돌,교차로운행방법위반,건조,맑음,교차로 - 교차로안,승합,남,65세,상해없음,승용,남,51세,중상
2018110800100139,2018년 11월 8일 07시,목요일,제주특별자치도 서귀포시 하원동,부상신고사고,0,0,0,1,차량단독 - 공작물충돌,안전운전불이행,젖음/습기,비,교차로 - 교차로안,승합,남,52세,부상신고,,,,
2018110800100230,2018년 11월 8일 10시,목요일,제주특별자치도 서귀포시 남원읍,중상사고,0,1,0,0,차대사람 - 기타,안전운전불이행,젖음/습기,비,단일로 - 기타,화물,남,59세,상해없음,보행자,남,85세,중상
2018110800100267,2018년 11월 8일 11시,목요일,제주특별자치도 제주시 삼도이동,중상사고,0,1,0,0,차대사람 - 횡단중,보행자보호의무위반,젖음/습기,비,교차로 - 교차로횡단보도내,승용,남,75세,상해없음,보행자,남,57세,중상
2018110800100313,2018년 11월 8일 12시,목요일,제주특별자치도 제주시 화북일동,중상사고,0,1,0,0,차대사람 - 기타,기타,건조,맑음,단일로 - 기타,승합,남,51세,상해없음,보행자,여,69세,중상
2018110800100364,2018년 11월 8일 14시,목요일,제주특별자치도 제주시 도남동,경상사고,0,0,1,0,차대차 - 측면충돌,차로위반,건조,맑음,단일로 - 기타,승용,여,66세,상해없음,승용,남,52세,경상
2018110800100389,2018년 11월 8일 15시,목요일,제주특별자치도 제주시 일도이동,경상사고,0,0,1,0,차대차 - 추돌,안전운전불이행,젖음/습기,비,단일로 - 기타,승용,여,69세,상해없음,승용,남,64세,경상
2018110800100417,2018년 11월 8일 16시,목요일,제주특별자치도 제주시 애월읍,경상사고,0,0,1,0,차대차 - 측면충돌,안전운전불이행,젖음/습기,비,교차로 - 교차로안,승용,남,63세,상해없음,승합,남,54세,경상
2018110800100474,2018년 11월 8일 17시,목요일,제주특별자치도 서귀포시 호근동,중상사고,0,2,0,0,차량단독 - 공작물충돌,안전운전불이행,젖음/습기,비,단일로 - 기타,승용,여,73세,중상,,,,
2018110800100475,2018년 11월 8일 17시,목요일,제주특별자치도 제주시 용담이동,경상사고,0,0,1,0,차대차 - 기타,교차로운행방법위반,젖음/습기,비,교차로 - 교차로안,승합,남,60세,상해없음,승용,남,48세,경상
2018110800100562,2018년 11월 8일 18시,목요일,제주특별자치도 제주시 이도이동,경상사고,0,0,1,0,차대사람 - 기타,안전운전불이행,젖음/습기,비,단일로 - 기타,이륜,남,18세,상해없음,보행자,여,11세,경상
2018110800100563,2018년 11월 8일 18시,목요일,제주특별자치도 제주시 삼도이동,경상사고,0,0,1,0,차대차 - 기타,안전운전불이행,젖음/습기,비,단일로 - 기타,승용,남,34세,상해없음,승용,여,51세,상해없음
2018110800100564,2018년 11월 8일 18시,목요일,제주특별자치도 서귀포시 강정동,중상사고,0,1,0,1,차량단독 - 기타,안전운전불이행,젖음/습기,비,단일로 - 기타,화물,남,55세,부상신고,,,,
2018110800100653,2018년 11월 8일 19시,목요일,제주특별자치도 제주시 영평동,경상사고,0,0,1,0,차대차 - 추돌,안전운전불이행,젖음/습기,비,단일로 - 기타,승용,남,35세,기타불명,승용,남,25세,경상
2018110800100654,2018년 11월 8일 19시,목요일,제주특별자치도 제주시 애월읍,경상사고,0,0,1,0,차대차 - 기타,중앙선침범,젖음/습기,비,교차로 - 교차로부근,승용,여,60세,상해없음,승용,여,41세,경상
2018110800100715,2018년 11월 8일 20시,목요일,제주특별자치도 제주시 이도일동,경상사고,0,0,1,0,차대사람 - 횡단중,보행자보호의무위반,젖음/습기,비,단일로 - 기타,승용,남,62세,상해없음,보행자,남,68세,경상
2018110800100716,2018년 11월 8일 20시,목요일,제주특별자치도 서귀포시 남원읍,사망사고,1,0,0,0,차대사람 - 횡단중,안전운전불이행,젖음/습기,비,교차로 - 교차로안,승용,남,80세,상해없음,보행자,남,71세,사망
2018110900100240,2018년 11월 9일 10시,금요일,제주특별자치도 제주시 연동,경상사고,0,0,1,0,차대차 - 기타,신호위반,기타,맑음,교차로 - 교차로안,화물,남,61세,상해없음,승합,남,49세,경상
2018110900100302,2018년 11월 9일 12시,금요일,제주특별자치도 제주시 도두일동,부상신고사고,0,0,0,1,차량단독 - 기타,안전운전불이행,건조,맑음,단일로 - 기타,승용,남,74세,부상신고,,,,
2018110900100329,2018년 11월 9일 13시,금요일,제주특별자치도 제주시 구좌읍,경상사고,0,0,4,0,차대차 - 추돌,안전거리미확보,건조,맑음,교차로 - 교차로부근,승용,여,31세,경상,승용,남,34세,경상
2018110900100396,2018년 11월 9일 15시,금요일,제주특별자치도 서귀포시 중문동,경상사고,0,0,2,0,차대차 - 추돌,안전운전불이행,건조,맑음,교차로 - 교차로부근,승용,남,58세,상해없음,승용,여,24세,경상
2018110900100397,2018년 11월 9일 15시,금요일,제주특별자치도 서귀포시 성산읍,중상사고,0,1,0,0,차대사람 - 횡단중,보행자보호의무위반,건조,맑음,교차로 - 교차로부근,승용,여,56세,상해없음,보행자,여,85세,중상
2018110900100398,2018년 11월 9일 15시,금요일,제주특별자치도 서귀포시 신효동,경상사고,0,0,1,0,차대차 - 기타,안전운전불이행,건조,맑음,단일로 - 기타,승용,여,54세,상해없음,승용,남,26세,경상
2018110900100399,2018년 11월 9일 15시,금요일,제주특별자치도 제주시 한림읍,경상사고,0,0,3,0,차대차 - 측면충돌,안전운전불이행,건조,맑음,교차로 - 교차로안,승용,여,31세,경상,승용,남,23세,경상
2018110900100488,2018년 11월 9일 17시,금요일,제주특별자치도 제주시 영평동,중상사고,0,2,1,0,차대차 - 측면충돌,신호위반,건조,맑음,교차로 - 교차로안,화물,남,33세,상해없음,화물,남,40세,중상
2018110900100617,2018년 11월 9일 19시,금요일,제주특별자치도 서귀포시 남원읍,부상신고사고,0,0,0,1,차대차 - 추돌,안전운전불이행,건조,맑음,단일로 - 기타,승용,남,47세,부상신고,승용,남,43세,상해없음
2018111000100016,2018년 11월 10일 00시,토요일,제주특별자치도 제주시 애월읍,경상사고,0,0,1,0,차대차 - 측면충돌,안전운전불이행,건조,맑음,교차로 - 교차로안,승용,남,35세,상해없음,화물,여,52세,경상
2018111000100089,2018년 11월 10일 05시,토요일,제주특별자치도 제주시 연동,부상신고사고,0,0,0,1,차량단독 - 공작물충돌,안전운전불이행,건조,맑음,단일로 - 기타,승용,여,54세,부상신고,,,,
2018111000100111,2018년 11월 10일 06시,토요일,제주특별자치도 제주시 아라일동,중상사고,0,1,0,0,차대사람 - 횡단중,신호위반,건조,맑음,교차로 - 교차로안,승용,남,30세,상해없음,보행자,남,67세,중상
2018111000100112,2018년 11월 10일 06시,토요일,제주특별자치도 제주시 오라이동,중상사고,0,1,1,0,차대차 - 측면충돌,신호위반,건조,맑음,교차로 - 교차로안,화물,남,67세,상해없음,승합,여,47세,경상
2018111000100168,2018년 11월 10일 09시,토요일,제주특별자치도 제주시 오라일동,경상사고,0,0,1,0,차대차 - 측면충돌,안전운전불이행,건조,맑음,기타 - 기타,승합,남,51세,상해없음,승합,남,48세,경상
2018111000100323,2018년 11월 10일 13시,토요일,제주특별자치도 제주시 연동,경상사고,0,0,1,0,차대차 - 후진중충돌,안전운전불이행,건조,맑음,단일로 - 기타,승용,여,58세,상해없음,승용,남,25세,경상
2018111000100365,2018년 11월 10일 14시,토요일,제주특별자치도 서귀포시 성산읍,부상신고사고,0,0,0,1,차대차 - 기타,안전운전불이행,건조,맑음,기타 - 기타,이륜,남,27세,부상신고,승용,남,48세,상해없음
2018111000100366,2018년 11월 10일 14시,토요일,제주특별자치도 제주시 외도일동,사망사고,1,0,0,0,차대차 - 기타,신호위반,건조,맑음,교차로 - 교차로안,승용,여,62세,상해없음,이륜,남,76세,사망
2018111000100407,2018년 11월 10일 15시,토요일,제주특별자치도 제주시 조천읍,경상사고,0,0,2,0,차대차 - 추돌,안전운전불이행,건조,맑음,교차로 - 교차로부근,승용,여,19세,상해없음,승용,남,59세,경상
2018111000100408,2018년 11월 10일 15시,토요일,제주특별자치도 제주시 조천읍,경상사고,0,0,1,0,차대차 - 기타,안전운전불이행,건조,맑음,교차로 - 교차로부근,승합,여,27세,상해없음,승용,남,66세,경상
2018111000100409,2018년 11월 10일 15시,토요일,제주특별자치도 서귀포시 성산읍,중상사고,0,1,1,2,차대차 - 측면충돌,직진우회전진행방해,건조,맑음,교차로 - 교차로안,승용,여,61세,부상신고,승용,남,69세,중상
2018111000100447,2018년 11월 10일 16시,토요일,제주특별자치도 제주시 조천읍,경상사고,0,0,1,0,차대차 - 측면충돌,안전운전불이행,건조,맑음,단일로 - 기타,승용,여,58세,상해없음,자전거,남,62세,경상
2018111000100448,2018년 11월 10일 16시,토요일,제주특별자치도 제주시 이도이동,경상사고,0,0,1,0,차대차 - 측면충돌,차로위반,건조,맑음,교차로 - 교차로부근,승용,남,77세,상해없음,승용,여,29세,경상
2018111000100503,2018년 11월 10일 17시,토요일,제주특별자치도 제주시 이호이동,경상사고,0,0,1,0,차대차 - 기타,안전운전불이행,건조,맑음,단일로 - 기타,승용,남,46세,상해없음,화물,남,25세,경상
2018111000100548,2018년 11월 10일 18시,토요일,제주특별자치도 제주시 삼도이동,경상사고,0,0,1,0,차대차 - 측면충돌,중앙선침범,건조,맑음,단일로 - 기타,승용,남,51세,상해없음,이륜,남,38세,경상
2018111000100549,2018년 11월 10일 18시,토요일,제주특별자치도 제주시 해안동,경상사고,0,0,1,0,차대차 - 측면충돌,교차로운행방법위반,건조,기타,교차로 - 교차로안,승용,남,33세,상해없음,승용,여,38세,경상
2018111000100550,2018년 11월 10일 18시,토요일,제주특별자치도 제주시 도두일동,경상사고,0,0,1,0,차대차 - 기타,안전운전불이행,건조,맑음,단일로 - 기타,승용,여,61세,상해없음,승용,남,52세,경상
2018111000100617,2018년 11월 10일 20시,토요일,제주특별자치도 제주시 조천읍,경상사고,0,0,2,0,차대차 - 측면충돌,안전운전불이행,건조,맑음,단일로 - 기타,승용,남,55세,상해없음,이륜,남,20세,경상
2018111100100013,2018년 11월 11일 00시,일요일,제주특별자치도 제주시 아라일동,중상사고,0,1,1,1,차대차 - 기타,신호위반,건조,맑음,교차로 - 교차로안,승용,남,46세,상해없음,승용,남,41세,경상
2018111100100032,2018년 11월 11일 02시,일요일,제주특별자치도 제주시 구좌읍,사망사고,1,0,0,0,차량단독 - 공작물충돌,안전운전불이행,건조,맑음,단일로 - 기타,승용,남,39세,사망,,,,
2018111100100033,2018년 11월 11일 02시,일요일,제주특별자치도 제주시 구좌읍,경상사고,0,0,1,0,차량단독 - 기타,안전운전불이행,건조,맑음,단일로 - 기타,승용,남,24세,경상,,,,
2018111100100034,2018년 11월 11일 02시,일요일,제주특별자치도 제주시 아라일동,경상사고,0,0,2,0,차대차 - 기타,직진우회전진행방해,건조,맑음,교차로 - 교차로안,승용,남,49세,상해없음,승용,남,69세,상해없음
2018111100100044,2018년 11월 11일 03시,일요일,제주특별자치도 제주시 이도일동,사망사고,1,0,0,0,차대사람 - 횡단중,안전운전불이행,건조,맑음,단일로 - 기타,승용,남,69세,상해없음,보행자,남,55세,사망
2018111100100086,2018년 11월 11일 07시,일요일,제주특별자치도 제주시 용담이동,경상사고,0,0,1,0,차대차 - 측면충돌,신호위반,건조,맑음,교차로 - 교차로안,승용,남,56세,상해없음,승용,남,69세,경상
2018111100100114,2018년 11월 11일 09시,일요일,제주특별자치도 서귀포시 남원읍,경상사고,0,0,1,0,차대사람 - 기타,안전운전불이행,건조,맑음,단일로 - 기타,승용,여,57세,상해없음,보행자,남,31세,경상
2018111100100115,2018년 11월 11일 09시,일요일,제주특별자치도 서귀포시 남원읍,경상사고,0,0,1,0,차대차 - 측면충돌,중앙선침범,건조,맑음,교차로 - 교차로안,승용,여,31세,상해없음,승용,여,48세,경상
2018111100100146,2018년 11월 11일 11시,일요일,제주특별자치도 제주시 구좌읍,경상사고,0,0,1,0,차대차 - 기타,교차로운행방법위반,건조,맑음,교차로 - 교차로안,승용,여,23세,상해없음,화물,남,46세,경상
2018111100100188,2018년 11월 11일 13시,일요일,제주특별자치도 서귀포시 토평동,중상사고,0,1,0,0,차대차 - 측면충돌,교차로운행방법위반,건조,맑음,교차로 - 교차로안,승용,여,48세,중상,승용,남,58세,상해없음
2018111100100213,2018년 11월 11일 14시,일요일,제주특별자치도 서귀포시 토평동,중상사고,0,1,0,0,차대차 - 추돌,안전운전불이행,건조,맑음,교차로 - 교차로부근,승용,남,62세,상해없음,화물,남,64세,중상
2018111100100244,2018년 11월 11일 15시,일요일,제주특별자치도 제주시 삼양일동,경상사고,0,0,2,0,차대차 - 추돌,안전운전불이행,건조,맑음,단일로 - 기타,승합,남,56세,상해없음,승용,여,26세,경상
2018111100100316,2018년 11월 11일 17시,일요일,제주특별자치도 서귀포시 안덕면,중상사고,0,1,7,0,차대차 - 측면충돌,직진우회전진행방해,건조,맑음,교차로 - 교차로안,승용,여,39세,상해없음,승합,남,52세,경상
2018111100100317,2018년 11월 11일 17시,일요일,제주특별자치도 서귀포시 서홍동,중상사고,0,1,2,0,차대차 - 기타,신호위반,건조,맑음,교차로 - 교차로안,승용,남,21세,경상,승용,남,53세,중상
2018111100100318,2018년 11월 11일 17시,일요일,제주특별자치도 제주시 연동,경상사고,0,0,1,1,차대차 - 측면충돌,직진우회전진행방해,건조,맑음,교차로 - 교차로안,이륜,남,26세,경상,승용,남,22세,상해없음
2018111100100427,2018년 11월 11일 20시,일요일,제주특별자치도 제주시 화북일동,중상사고,0,1,2,0,차대차 - 기타,신호위반,젖음/습기,비,교차로 - 교차로안,화물,남,35세,상해없음,승용,여,30세,경상
2018111100100428,2018년 11월 11일 20시,일요일,제주특별자치도 제주시 노형동,부상신고사고,0,0,0,1,차대차 - 기타,직진우회전진행방해,젖음/습기,비,교차로 - 교차로안,화물,남,31세,상해없음,이륜,남,45세,부상신고
2018111100100473,2018년 11월 11일 22시,일요일,제주특별자치도 제주시 이도이동,경상사고,0,0,1,0,차대차 - 측면충돌,안전운전불이행,건조,맑음,단일로 - 기타,승용,남,29세,상해없음,이륜,남,24세,경상
2018111200100007,2018년 11월 12일 00시,월요일,제주특별자치도 제주시 삼도일동,경상사고,0,0,1,0,차대사람 - 기타,안전운전불이행,건조,맑음,단일로 - 기타,승용,남,50세,상해없음,보행자,남,45세,경상
2018111200100008,2018년 11월 12일 00시,월요일,제주특별자치도 제주시 한림읍,중상사고,0,2,0,0,차대차 - 추돌,안전거리미확보,젖음/습기,비,교차로 - 교차로부근,승용,남,33세,상해없음,승용,남,23세,중상
2018111200100021,2018년 11월 12일 03시,월요일,제주특별자치도 제주시 일도이동,경상사고,0,0,2,0,차대차 - 기타,안전운전불이행,젖음/습기,비,단일로 - 기타,승용,남,24세,상해없음,승용,여,47세,경상
2018111200100159,2018년 11월 12일 09시,월요일,제주특별자치도 서귀포시 하효동,부상신고사고,0,0,0,1,차량단독 - 기타,안전운전불이행,건조,맑음,기타 - 기타,승용,여,58세,부상신고,,,,
2018111200100218,2018년 11월 12일 11시,월요일,제주특별자치도 제주시 애월읍,경상사고,0,0,3,0,차대차 - 기타,안전거리미확보,건조,맑음,단일로 - 기타,승용,남,69세,상해없음,화물,남,37세,상해없음
2018111200100219,2018년 11월 12일 11시,월요일,제주특별자치도 제주시 연동,경상사고,0,0,1,0,차대차 - 추돌,교차로운행방법위반,건조,맑음,교차로 - 교차로안,화물,남,58세,상해없음,승용,남,23세,경상