사고번호,사고일시,요일,시군구,사고내용,사망자수,중상자수,경상자수,부상신고자수,사고유형,법규위반,노면상태,기상상태,도로형태,가해운전자 차종,가해운전자 성별,가해운전자 연령,가해운전자 상해정도,피해운전자 차종,피해운전자 성별,피해운전자 연령,피해운전자 상해정도
2018111200100249,2018년 11월 12일 12시,월요일,제주특별자치도 서귀포시 남원읍,경상사고,0,0,1,0,차대차 - 기타,안전운전불이행,건조,맑음,교차로 - 교차로안,승용,남,53세,상해없음,승용,여,36세,경상
2018111200100352,2018년 11월 12일 15시,월요일,제주특별자치도 서귀포시 서귀동,경상사고,0,0,1,0,차대사람 - 기타,안전운전불이행,건조,맑음,교차로 - 교차로안,승용,여,56세,상해없음,보행자,여,13세,경상
2018111200100392,2018년 11월 12일 16시,월요일,제주특별자치도 제주시 조천읍,경상사고,0,0,2,0,차대차 - 측면충돌,안전운전불이행,건조,맑음,단일로 - 기타,승용,여,36세,상해없음,승합,여,50세,경상
2018111200100584,2018년 11월 12일 21시,월요일,제주특별자치도 제주시 도남동,경상사고,0,0,1,0,차대사람 - 횡단중,안전운전불이행,건조,맑음,교차로 - 교차로횡단보도내,승용,남,63세,상해없음,보행자,여,18세,경상
2018111200100601,2018년 11월 12일 22시,월요일,제주특별자치도 제주시 노형동,경상사고,0,0,1,0,차대사람 - 횡단중,보행자보호의무위반,건조,맑음,교차로 - 교차로횡단보도내,기타불명,기타불명,미분류,기타불명,보행자,여,17세,경상
2018111200100614,2018년 11월 12일 23시,월요일,제주특별자치도 서귀포시 대정읍,경상사고,0,0,2,0,차대차 - 측면충돌,직진우회전진행방해,건조,맑음,교차로 - 교차로안,승용,남,35세,상해없음,승용,남,56세,경상
2018111300100024,2018년 11월 13일 02시,화요일,제주특별자치도 제주시 연동,경상사고,0,0,1,0,차대차 - 측면충돌,안전운전불이행,건조,맑음,교차로 - 교차로부근,승용,남,50세,상해없음,이륜,남,38세,경상
2018111300100329,2018년 11월 13일 14시,화요일,제주특별자치도 서귀포시 성산읍,경상사고,0,0,3,0,차대차 - 측면충돌,직진우회전진행방해,건조,맑음,교차로 - 교차로안,승용,남,29세,상해없음,승용,남,56세,경상
2018111300100442,2018년 11월 13일 17시,화요일,제주특별자치도 제주시 이도이동,경상사고,0,0,1,0,차대차 - 추돌,안전운전불이행,건조,맑음,단일로 - 기타,화물,남,45세,상해없음,승용,남,47세,경상
2018111300100443,2018년 11월 13일 17시,화요일,제주특별자치도 서귀포시 안덕면,경상사고,0,0,1,0,차대차 - 기타,직진우회전진행방해,건조,맑음,교차로 - 교차로안,승용,남,60세,상해없음,화물,남,46세,경상
2018111300100488,2018년 11월 13일 18시,화요일,제주특별자치도 서귀포시 동홍동,경상사고,0,0,1,0,차대차 - 기타,안전운전불이행,건조,맑음,교차로 - 교차로부근,승용,여,23세,상해없음,승용,여,28세,경상
2018111300100489,2018년 11월 13일 18시,화요일,제주특별자치도 제주시 연동,경상사고,0,0,1,0,차대차 - 추돌,안전운전불이행,건조,맑음,단일로 - 기타,승용,남,50세,상해없음,승용,여,32세,경상
2018111300100490,2018년 11월 13일 18시,화요일,제주특별자치도 제주시 노형동,경상사고,0,0,1,0,차대차 - 기타,교차로운행방법위반,건조,맑음,교차로 - 교차로안,승용,여,35세,기타불명,승용,여,48세,경상
2018111300100530,2018년 11월 13일 19시,화요일,제주특별자치도 서귀포시 서홍동,중상사고,0,1,0,0,차대사람 - 기타,안전운전불이행,건조,맑음,교차로 - 교차로안,화물,남,36세,상해없음,보행자,남,37세,중상
2018111300100565,2018년 11월 13일 20시,화요일,제주특별자치도 제주시 한림읍,부상신고사고,0,0,0,1,차대사람 - 길가장자리구역통행중,안전운전불이행,건조,맑음,교차로 - 교차로안,승용,남,19세,상해없음,보행자,남,65세,부상신고
2018111300100593,2018년 11월 13일 21시,화요일,제주특별자치도 제주시 노형동,경상사고,0,0,1,0,차대사람 - 차도통행중,안전운전불이행,건조,맑음,단일로 - 기타,승용,남,51세,상해없음,보행자,남,64세,경상
2018111400100072,2018년 11월 14일 07시,수요일,제주특별자치도 제주시 한경면,중상사고,0,2,1,0,차대차 - 기타,직진우회전진행방해,건조,맑음,교차로 - 교차로안,승용,여,59세,중상,화물,남,32세,중상
2018111400100120,2018년 11월 14일 08시,수요일,제주특별자치도 서귀포시 서귀동,경상사고,0,0,1,0,차대사람 - 기타,안전운전불이행,건조,맑음,단일로 - 기타,승용,여,55세,상해없음,보행자,남,13세,경상
2018111400100121,2018년 11월 14일 08시,수요일,제주특별자치도 제주시 연동,경상사고,0,0,1,0,차대사람 - 횡단중,신호위반,건조,맑음,교차로 - 교차로횡단보도내,승용,남,68세,상해없음,보행자,여,8세,경상
2018111400100165,2018년 11월 14일 09시,수요일,제주특별자치도 서귀포시 동홍동,경상사고,0,0,2,0,차대차 - 측면충돌,교차로운행방법위반,건조,맑음,교차로 - 교차로안,승용,여,35세,경상,승용,여,26세,경상
2018111400100166,2018년 11월 14일 09시,수요일,제주특별자치도 서귀포시 남원읍,경상사고,0,0,1,0,차대차 - 측면충돌,직진우회전진행방해,건조,맑음,교차로 - 교차로안,승용,남,69세,상해없음,화물,남,39세,경상
2018111400100237,2018년 11월 14일 11시,수요일,제주특별자치도 제주시 오등동,경상사고,0,0,1,0,차대차 - 측면충돌,직진우회전진행방해,건조,맑음,교차로 - 교차로안,승용,남,37세,상해없음,승용,여,29세,경상
2018111400100238,2018년 11월 14일 11시,수요일,제주특별자치도 제주시 용담이동,경상사고,0,0,1,0,차대차 - 기타,안전거리미확보,건조,맑음,단일로 - 기타,화물,남,58세,상해없음,승용,남,51세,경상
2018111400100277,2018년 11월 14일 12시,수요일,제주특별자치도 제주시 도두일동,경상사고,0,0,2,0,차대차 - 기타,중앙선침범,건조,맑음,단일로 - 기타,승용,남,23세,상해없음,승용,남,44세,경상
2018111400100413,2018년 11월 14일 16시,수요일,제주특별자치도 서귀포시 안덕면,경상사고,0,0,1,0,차대차 - 기타,안전거리미확보,건조,맑음,단일로 - 기타,화물,남,63세,상해없음,승용,남,49세,상해없음
2018111400100414,2018년 11월 14일 16시,수요일,제주특별자치도 제주시 연동,중상사고,0,1,0,0,차대사람 - 횡단중,보행자보호의무위반,건조,맑음,교차로 - 교차로안,승용,남,23세,상해없음,보행자,여,21세,중상
2018111400100461,2018년 11월 14일 17시,수요일,제주특별자치도 제주시 조천읍,경상사고,0,0,1,0,차대차 - 추돌,안전거리미확보,건조,맑음,단일로 - 기타,승용,여,51세,상해없음,화물,남,64세,경상
2018111400100462,2018년 11월 14일 17시,수요일,제주특별자치도 제주시 애월읍,경상사고,0,0,1,0,차대차 - 측면충돌,안전운전불이행,건조,맑음,교차로 - 교차로안,승용,남,24세,상해없음,화물,남,41세,경상
2018111400100540,2018년 11월 14일 18시,수요일,제주특별자치도 제주시 해안동,경상사고,0,0,1,0,차대사람 - 기타,안전운전불이행,건조,맑음,단일로 - 기타,승용,남,33세,상해없음,보행자,여,56세,경상
2018111400100541,2018년 11월 14일 18시,수요일,제주특별자치도 제주시 연동,중상사고,0,1,0,0,차대차 - 기타,기타,건조,맑음,단일로 - 기타,승용,남,50세,상해없음,이륜,남,26세,중상
2018111400100542,2018년 11월 14일 18시,수요일,제주특별자치도 제주시 용담이동,중상사고,0,1,1,0,차대차 - 기타,안전거리미확보,건조,맑음,단일로 - 기타,승용,여,34세,상해없음,승용,남,48세,경상
2018111400100668,2018년 11월 14일 21시,수요일,제주특별자치도 서귀포시 법환동,중상사고,0,1,0,0,차대사람 - 횡단중,보행자보호의무위반,건조,맑음,교차로 - 교차로부근,승용,남,37세,상해없음,보행자,여,62세,중상
2018111400100669,2018년 11월 14일 21시,수요일,제주특별자치도 제주시 용담삼동,경상사고,0,0,1,0,차대차 - 기타,안전운전불이행,기타,맑음,교차로 - 교차로안,승용,남,43세,상해없음,승용,남,39세,경상
2018111400100686,2018년 11월 14일 22시,수요일,제주특별자치도 제주시 이도일동,중상사고,0,1,2,0,차대차 - 기타,안전운전불이행,건조,맑음,단일로 - 기타,승용,여,42세,상해없음,승용,남,55세,상해없음
2018111500100094,2018년 11월 15일 07시,목요일,제주특별자치도 서귀포시 서호동,사망사고,1,0,0,0,차대차 - 기타,신호위반,건조,맑음,교차로 - 교차로안,승용,남,30세,상해없음,원동기,남,39세,사망
2018111500100163,2018년 11월 15일 09시,목요일,제주특별자치도 서귀포시 하원동,경상사고,0,0,1,0,차대사람 - 기타,안전운전불이행,건조,맑음,단일로 - 기타,승용,남,62세,상해없음,보행자,남,60세,경상
2018111500100190,2018년 11월 15일 10시,목요일,제주특별자치도 서귀포시 서귀동,중상사고,0,1,0,0,차대사람 - 기타,보행자보호의무위반,건조,맑음,교차로 - 교차로횡단보도내,승용,남,60세,상해없음,보행자,여,87세,중상
2018111500100226,2018년 11월 15일 11시,목요일,제주특별자치도 제주시 건입동,경상사고,0,0,1,0,차대차 - 측면충돌,차로위반,건조,맑음,단일로 - 기타,승용,여,61세,상해없음,승용,여,47세,경상
2018111500100252,2018년 11월 15일 12시,목요일,제주특별자치도 제주시 삼도이동,부상신고사고,0,0,0,1,차대차 - 측면충돌,교차로운행방법위반,건조,맑음,교차로 - 교차로안,이륜,남,19세,부상신고,화물,남,29세,상해없음
2018111500100286,2018년 11월 15일 13시,목요일,제주특별자치도 서귀포시 성산읍,경상사고,0,0,1,0,차대차 - 측면충돌,안전운전불이행,건조,맑음,단일로 - 기타,화물,남,49세,상해없음,화물,남,40세,경상
2018111500100287,2018년 11월 15일 13시,목요일,제주특별자치도 제주시 노형동,경상사고,0,0,1,0,차대차 - 측면충돌,신호위반,젖음/습기,맑음,교차로 - 교차로안,이륜,남,78세,경상,화물,남,63세,상해없음
2018111500100288,2018년 11월 15일 13시,목요일,제주특별자치도 제주시 연동,경상사고,0,0,1,0,차대사람 - 기타,안전운전불이행,건조,맑음,단일로 - 기타,승용,남,57세,상해없음,보행자,남,34세,경상
2018111500100312,2018년 11월 15일 14시,목요일,제주특별자치도 제주시 조천읍,경상사고,0,0,1,0,차대차 - 추돌,신호위반,건조,맑음,교차로 - 교차로안,승용,여,40세,상해없음,승용,남,40세,경상
2018111500100313,2018년 11월 15일 14시,목요일,제주특별자치도 제주시 연동,경상사고,0,0,1,0,차대차 - 기타,안전운전불이행,건조,맑음,교차로 - 교차로안,기타불명,기타불명,미분류,기타불명,이륜,남,36세,경상
2018111500100344,2018년 11월 15일 15시,목요일,제주특별자치도 제주시 도남동,경상사고,0,0,1,0,차대차 - 기타,안전운전불이행,건조,맑음,단일로 - 기타,승용,여,37세,상해없음,이륜,남,36세,경상
2018111500100345,2018년 11월 15일 15시,목요일,제주특별자치도 제주시 이도이동,경상사고,0,0,1,0,차대차 - 기타,교차로운행방법위반,건조,맑음,교차로 - 교차로안,승용,남,28세,상해없음,승용,여,28세,경상
2018111500100420,2018년 11월 15일 17시,목요일,제주특별자치도 제주시 이도일동,경상사고,0,0,1,0,차대사람 - 횡단중,보행자보호의무위반,건조,맑음,단일로 - 기타,승용,여,58세,상해없음,보행자,남,26세,경상
2018111500100421,2018년 11월 15일 17시,목요일,제주특별자치도 제주시 이도이동,경상사고,0,0,1,0,차대차 - 후진중충돌,안전운전불이행,건조,맑음,단일로 - 기타,승용,남,53세,상해없음,이륜,남,36세,경상
2018111500100487,2018년 11월 15일 18시,목요일,제주특별자치도 서귀포시 남원읍,경상사고,0,0,2,1,차대차 - 측면충돌,직진우회전진행방해,건조,맑음,교차로 - 교차로안,승용,여,30세,부상신고,승용,여,29세,경상
2018111500100488,2018년 11월 15일 18시,목요일,제주특별자치도 제주시 연동,경상사고,0,0,1,0,차대차 - 기타,안전운전불이행,건조,맑음,교차로 - 교차로안,승용,남,43세,상해없음,이륜,남,29세,경상
2018111500100536,2018년 11월 15일 19시,목요일,제주특별자치도 제주시 오라일동,부상신고사고,0,0,0,1,차대차 - 측면충돌,교차로운행방법위반,건조,맑음,교차로 - 교차로안,승용,여,51세,상해없음,승합,남,41세,부상신고
2018111500100619,2018년 11월 15일 22시,목요일,제주특별자치도 제주시 용담일동,부상신고사고,0,0,0,3,차대차 - 기타,신호위반,건조,맑음,교차로 - 교차로안,승용,남,34세,상해없음,승용,남,23세,부상신고
2018111600100036,2018년 11월 16일 02시,금요일,제주특별자치도 서귀포시 강정동,중상사고,0,1,0,0,차량단독 - 공작물충돌,안전운전불이행,젖음/습기,비,단일로 - 기타,승용,여,40세,중상,,,,
2018111600100042,2018년 11월 16일 03시,금요일,제주특별자치도 서귀포시 토평동,부상신고사고,0,0,0,1,차량단독 - 기타,기타,젖음/습기,흐림,단일로 - 기타,승용,여,58세,부상신고,,,,
2018111600100098,2018년 11월 16일 07시,금요일,제주특별자치도 제주시 삼도일동,중상사고,0,1,0,0,차대차 - 측면충돌,신호위반,젖음/습기,흐림,교차로 - 교차로안,원동기,남,68세,중상,승용,남,60세,상해없음
2018111600100221,2018년 11월 16일 11시,금요일,제주특별자치도 제주시 도남동,경상사고,0,0,2,0,차대차 - 기타,안전운전불이행,건조,맑음,단일로 - 기타,화물,남,51세,경상,승용,남,55세,경상
2018111600100222,2018년 11월 16일 11시,금요일,제주특별자치도 제주시 연동,부상신고사고,0,0,0,1,차대차 - 기타,안전운전불이행,젖음/습기,비,단일로 - 기타,자전거,남,37세,부상신고,승용,여,56세,상해없음
2018111600100257,2018년 11월 16일 12시,금요일,제주특별자치도 제주시 이도일동,중상사고,0,1,0,0,차량단독 - 기타,기타,건조,맑음,단일로 - 기타,승합,남,50세,상해없음,,,,
2018111600100420,2018년 11월 16일 17시,금요일,제주특별자치도 서귀포시 동홍동,경상사고,0,0,2,0,차대차 - 추돌,안전운전불이행,건조,맑음,단일로 - 기타,승용,여,34세,상해없음,승용,여,35세,경상
2018111600100421,2018년 11월 16일 17시,금요일,제주특별자치도 서귀포시 법환동,부상신고사고,0,0,0,2,차대차 - 기타,안전거리미확보,건조,맑음,단일로 - 기타,화물,남,76세,상해없음,화물,남,57세,부상신고
2018111600100483,2018년 11월 16일 18시,금요일,제주특별자치도 제주시 연동,경상사고,0,0,1,0,차대차 - 기타,안전운전불이행,건조,맑음,교차로 - 교차로부근,승용,남,54세,상해없음,승용,남,54세,상해없음
2018111600100618,2018년 11월 16일 21시,금요일,제주특별자치도 서귀포시 성산읍,경상사고,0,0,1,0,차대차 - 측면충돌,안전운전불이행,건조,맑음,교차로 - 교차로안,승용,남,53세,상해없음,승용,남,23세,경상
2018111600100649,2018년 11월 16일 22시,금요일,제주특별자치도 제주시 연동,중상사고,0,1,3,4,차대차 - 측면충돌,안전운전불이행,건조,맑음,단일로 - 기타,승용,남,68세,경상,승용,남,40세,경상
2018111700100102,2018년 11월 17일 06시,토요일,제주특별자치도 서귀포시 남원읍,중상사고,0,1,0,0,차대사람 - 횡단중,안전운전불이행,건조,맑음,단일로 - 기타,승용,남,57세,상해없음,보행자,남,24세,중상
2018111700100166,2018년 11월 17일 09시,토요일,제주특별자치도 제주시 이호이동,중상사고,0,1,0,0,차대차 - 측면충돌,안전운전불이행,건조,맑음,단일로 - 기타,이륜,남,30세,상해없음,화물,남,50세,중상
2018111700100204,2018년 11월 17일 10시,토요일,제주특별자치도 제주시 건입동,중상사고,0,1,0,0,차대사람 - 기타,신호위반,건조,맑음,단일로 - 기타,승용,여,49세,상해없음,보행자,여,49세,중상
2018111700100205,2018년 11월 17일 10시,토요일,제주특별자치도 제주시 이호이동,경상사고,0,0,1,0,차대차 - 추돌,안전거리미확보,기타,맑음,기타 - 기타,승용,남,66세,상해없음,승용,여,38세,경상
2018111700100206,2018년 11월 17일 10시,토요일,제주특별자치도 제주시 애월읍,경상사고,0,0,1,0,차대차 - 추돌,안전운전불이행,건조,맑음,교차로 - 교차로부근,화물,남,54세,상해없음,승용,여,35세,경상
2018111700100207,2018년 11월 17일 10시,토요일,제주특별자치도 제주시 연동,중상사고,0,1,0,0,차대차 - 기타,안전거리미확보,건조,맑음,단일로 - 기타,이륜,남,51세,중상,승용,남,44세,상해없음
2018111700100242,2018년 11월 17일 11시,토요일,제주특별자치도 제주시 용담이동,중상사고,0,1,0,0,차대차 - 기타,안전운전불이행,건조,맑음,교차로 - 교차로안,승용,여,40세,상해없음,승합,남,62세,상해없음
2018111700100282,2018년 11월 17일 12시,토요일,제주특별자치도 서귀포시 동홍동,경상사고,0,0,1,0,차대사람 - 횡단중,안전운전불이행,건조,맑음,단일로 - 기타,승용,여,60세,상해없음,보행자,남,65세,경상
2018111700100324,2018년 11월 17일 13시,토요일,제주특별자치도 서귀포시 동홍동,부상신고사고,0,0,0,1,차대차 - 기타,안전운전불이행,건조,맑음,교차로 - 교차로안,승용,여,43세,상해없음,승용,여,50세,부상신고
2018111700100520,2018년 11월 17일 18시,토요일,제주특별자치도 서귀포시 성산읍,경상사고,0,0,1,0,차대차 - 기타,안전거리미확보,건조,맑음,단일로 - 기타,승용,여,24세,상해없음,승용,남,55세,상해없음
2018111700100521,2018년 11월 17일 18시,토요일,제주특별자치도 서귀포시 안덕면,중상사고,0,1,0,0,차대사람 - 기타,안전운전불이행,건조,맑음,단일로 - 기타,이륜,남,72세,상해없음,보행자,여,76세,중상
2018111700100627,2018년 11월 17일 21시,토요일,제주특별자치도 서귀포시 강정동,경상사고,0,0,1,0,차대차 - 기타,안전거리미확보,건조,맑음,단일로 - 기타,승용,남,28세,상해없음,이륜,남,42세,경상
2018111700100655,2018년 11월 17일 22시,토요일,제주특별자치도 제주시 이도이동,경상사고,0,0,2,0,차대차 - 기타,안전운전불이행,건조,맑음,단일로 - 기타,승용,남,28세,상해없음,화물,남,35세,상해없음
2018111700100673,2018년 11월 17일 23시,토요일,제주특별자치도 제주시 노형동,중상사고,0,2,0,0,차대차 - 측면충돌,신호위반,건조,맑음,교차로 - 교차로안,이륜,남,36세,중상,승용,남,61세,상해없음
2018111700100674,2018년 11월 17일 23시,토요일,제주특별자치도 제주시 내도동,경상사고,0,0,1,0,차대차 - 추돌,안전운전불이행,건조,맑음,교차로 - 교차로부근,승용,남,32세,상해없음,승용,남,67세,경상
2018111800100009,2018년 11월 18일 00시,일요일,제주특별자치도 제주시 이도일동,경상사고,0,0,1,0,차대차 - 기타,안전운전불이행,건조,맑음,단일로 - 기타,기타불명,기타불명,미분류,기타불명,승용,남,58세,상해없음
2018111800100087,2018년 11월 18일 08시,일요일,제주특별자치도 제주시 애월읍,경상사고,0,0,1,0,차대차 - 기타,안전운전불이행,건조,맑음,교차로 - 교차로안,승용,남,61세,상해없음,화물,남,54세,경상
2018111800100125,2018년 11월 18일 11시,일요일,제주특별자치도 제주시 일도이동,중상사고,0,1,0,0,차대사람 - 기타,안전운전불이행,건조,맑음,단일로 - 기타,승용,여,69세,상해없음,보행자,여,74세,중상
2018111800100166,2018년 11월 18일 13시,일요일,제주특별자치도 제주시 화북일동,중상사고,0,1,0,0,차대차 - 기타,교차로운행방법위반,건조,맑음,교차로 - 교차로안,이륜,남,18세,중상,승용,남,48세,상해없음
2018111800100167,2018년 11월 18일 13시,일요일,제주특별자치도 제주시 일도일동,중상사고,0,1,0,0,차대차 - 기타,기타,건조,맑음,단일로 - 기타,승용,남,70세,상해없음,자전거,여,32세,중상
2018111800100190,2018년 11월 18일 14시,일요일,제주특별자치도 제주시 애월읍,경상사고,0,0,1,0,차대차 - 기타,안전운전불이행,건조,맑음,교차로 - 교차로부근,승용,남,24세,상해없음,화물,남,58세,상해없음
2018111800100221,2018년 11월 18일 15시,일요일,제주특별자치도 서귀포시 성산읍,부상신고사고,0,0,0,1,차대차 - 기타,신호위반,건조,맑음,교차로 - 교차로안,이륜,여,61세,부상신고,승용,여,58세,상해없음
2018111800100279,2018년 11월 18일 17시,일요일,제주특별자치도 서귀포시 남원읍,경상사고,0,0,3,0,차대차 - 추돌,안전거리미확보,건조,맑음,단일로 - 기타,화물,남,60세,경상,승용,남,31세,경상
2018111800100327,2018년 11월 18일 18시,일요일,제주특별자치도 서귀포시 남원읍,부상신고사고,0,0,0,1,차대차 - 기타,중앙선침범,건조,맑음,교차로 - 교차로안,자전거,남,38세,부상신고,승용,남,44세,상해없음
2018111800100328,2018년 11월 18일 18시,일요일,제주특별자치도 제주시 한림읍,중상사고,0,1,1,0,차대차 - 기타,직진우회전진행방해,젖음/습기,흐림,교차로 - 교차로안,승용,남,49세,상해없음,승용,남,35세,중상
2018111800100363,2018년 11월 18일 19시,일요일,제주특별자치도 제주시 이도이동,경상사고,0,0,4,0,차대차 - 기타,교차로운행방법위반,건조,맑음,교차로 - 교차로안,승용,남,63세,상해없음,승합,남,48세,경상
2018111800100364,2018년 11월 18일 19시,일요일,제주특별자치도 제주시 도련이동,경상사고,0,0,2,0,차대차 - 측면충돌,교차로운행방법위반,건조,흐림,교차로 - 교차로안,승용,여,54세,상해없음,승용,남,34세,상해없음
2018111800100431,2018년 11월 18일 22시,일요일,제주특별자치도 제주시 건입동,부상신고사고,0,0,0,1,차대사람 - 기타,안전운전불이행,건조,맑음,교차로 - 교차로부근,기타불명,기타불명,미분류,기타불명,보행자,남,23세,부상신고
2018111900100045,2018년 11월 19일 06시,월요일,제주특별자치도 제주시 연동,경상사고,0,0,2,0,차대차 - 측면충돌,기타,건조,맑음,단일로 - 기타,승용,여,58세,상해없음,승용,남,40세,경상
2018111900100102,2018년 11월 19일 08시,월요일,제주특별자치도 제주시 이도이동,경상사고,0,0,2,0,차대차 - 측면충돌,안전운전불이행,건조,맑음,단일로 - 기타,승용,여,39세,상해없음,승용,남,50세,경상
2018111900100137,2018년 11월 19일 09시,월요일,제주특별자치도 서귀포시 성산읍,중상사고,0,1,0,0,차대사람 - 횡단중,안전운전불이행,건조,맑음,단일로 - 기타,승용,여,62세,상해없음,보행자,여,82세,중상
2018111900100138,2018년 11월 19일 09시,월요일,제주특별자치도 서귀포시 중문동,경상사고,0,0,1,1,차대차 - 측면충돌,안전운전불이행,건조,맑음,단일로 - 기타,화물,남,75세,부상신고,승용,여,36세,경상
2018111900100139,2018년 11월 19일 09시,월요일,제주특별자치도 제주시 연동,경상사고,0,0,1,0,차대차 - 기타,직진우회전진행방해,건조,맑음,교차로 - 교차로부근,건설기계,남,42세,상해없음,승용,남,60세,경상
2018111900100194,2018년 11월 19일 11시,월요일,제주특별자치도 제주시 노형동,경상사고,0,0,1,0,차대차 - 기타,직진우회전진행방해,건조,맑음,교차로 - 교차로안,승용,여,67세,상해없음,승용,여,37세,경상
2018111900100220,2018년 11월 19일 12시,월요일,제주특별자치도 서귀포시 표선면,경상사고,0,0,1,0,차대차 - 추돌,안전운전불이행,건조,맑음,단일로 - 기타,화물,남,37세,상해없음,화물,남,54세,경상
2018111900100252,2018년 11월 19일 13시,월요일,제주특별자치도 서귀포시 남원읍,경상사고,0,0,1,0,차대차 - 측면충돌,직진우회전진행방해,건조,맑음,교차로 - 교차로안,화물,여,66세,상해없음,승용,남,73세,경상
2018111900100371,2018년 11월 19일 16시,월요일,제주특별자치도 서귀포시 성산읍,중상사고,0,2,0,1,차대차 - 기타,안전운전불이행,건조,맑음,교차로 - 교차로부근,승용,여,50세,부상신고,승용,남,33세,중상
2018111900100372,2018년 11월 19일 16시,월요일,제주특별자치도 서귀포시 남원읍,중상사고,0,1,1,0,차대차 - 기타,교차로운행방법위반,건조,맑음,교차로 - 교차로안,승용,여,63세,상해없음,승합,여,58세,중상
2018111900100467,2018년 11월 19일 18시,월요일,제주특별자치도 제주시 한림읍,경상사고,0,0,1,0,차대차 - 측면충돌,안전운전불이행,건조,맑음,단일로 - 기타,승용,남,50세,경상,농기계,남,39세,기타불명
2018111900100468,2018년 11월 19일 18시,월요일,제주특별자치도 제주시 오라이동,경상사고,0,0,1,0,차대차 - 추돌,안전운전불이행,건조,맑음,단일로 - 기타,승용,여,27세,상해없음,승용,여,33세,경상
2018111900100599,2018년 11월 19일 23시,월요일,제주특별자치도 제주시 이도이동,중상사고,0,1,3,0,차대차 - 추돌,안전거리미확보,건조,맑음,교차로 - 교차로부근,승용,여,35세,상해없음,승용,남,21세,경상
2018111900100600,2018년 11월 19일 23시,월요일,제주특별자치도 제주시 연동,경상사고,0,0,1,0,차대차 - 기타,직진우회전진행방해,건조,맑음,교차로 - 교차로안,승용,남,51세,상해없음,승용,여,29세,경상
2018112000100050,2018년 11월 20일 06시,화요일,제주특별자치도 제주시 연동,중상사고,0,1,0,0,차대사람 - 횡단중,안전운전불이행,건조,맑음,단일로 - 기타,승용,남,49세,상해없음,보행자,남,64세,중상
2018112000100110,2018년 11월 20일 08시,화요일,제주특별자치도 서귀포시 서홍동,경상사고,0,0,1,0,차대차 - 기타,신호위반,건조,맑음,교차로 - 교차로안,승용,여,24세,상해없음,승용,여,36세,경상
2018112000100159,2018년 11월 20일 09시,화요일,제주특별자치도 제주시 애월읍,경상사고,0,0,2,0,차대차 - 기타,직진우회전진행방해,건조,맑음,교차로 - 교차로부근,승용,여,61세,경상,승용,여,36세,경상
2018112000100185,2018년 11월 20일 10시,화요일,제주특별자치도 서귀포시 안덕면,중상사고,0,2,3,1,차대차 - 측면충돌,신호위반,건조,맑음,교차로 - 교차로안,승합,남,71세,부상신고,승용,남,67세,중상
2018112000100339,2018년 11월 20일 15시,화요일,제주특별자치도 서귀포시 서홍동,부상신고사고,0,0,0,1,차량단독 - 공작물충돌,안전운전불이행,건조,맑음,단일로 - 기타,화물,남,62세,부상신고,,,,
2018112000100340,2018년 11월 20일 15시,화요일,제주특별자치도 서귀포시 성산읍,중상사고,0,1,0,0,차대사람 - 기타,안전운전불이행,건조,맑음,교차로 - 교차로안,승합,남,56세,상해없음,보행자,여,79세,중상
2018112000100391,2018년 11월 20일 16시,화요일,제주특별자치도 제주시 건입동,경상사고,0,0,1,0,차대차 - 추돌,안전거리미확보,건조,맑음,교차로 - 교차로안,승용,남,53세,상해없음,승용,남,33세,경상
2018112000100392,2018년 11월 20일 16시,화요일,제주특별자치도 서귀포시 안덕면,경상사고,0,0,1,1,차대차 - 측면충돌,불법유턴,건조,맑음,단일로 - 기타,승용,남,37세,부상신고,승용,여,37세,경상
2018112000100509,2018년 11월 20일 18시,화요일,제주특별자치도 제주시 조천읍,경상사고,0,0,1,0,차대차 - 측면충돌,안전운전불이행,건조,맑음,단일로 - 기타,승용,여,55세,상해없음,이륜,남,82세,경상
2018112000100510,2018년 11월 20일 18시,화요일,제주특별자치도 제주시 도련이동,중상사고,0,1,1,0,차대차 - 기타,안전거리미확보,건조,맑음,단일로 - 기타,승용,남,35세,상해없음,승용,여,30세,경상
2018112000100566,2018년 11월 20일 19시,화요일,제주특별자치도 제주시 이호일동,중상사고,0,1,0,0,차대차 - 기타,중앙선침범,건조,맑음,교차로 - 교차로부근,승용,남,47세,상해없음,이륜,남,28세,중상
2018112000100594,2018년 11월 20일 20시,화요일,제주특별자치도 제주시 일도이동,경상사고,0,0,1,0,차대차 - 기타,안전운전불이행,건조,맑음,단일로 - 기타,승용,남,39세,상해없음,이륜,남,49세,경상